# This file uses centimeters as units for non-parametric coordinates.

v -0.041508 2.219081 0.652631
v -2.390777 2.884537 0.889683
v -0.855507 2.052859 0.032950
v -0.686250 1.672835 1.126807
v -0.491373 3.662410 -0.726587
v 0.632836 1.952971 0.959053
v 0.242034 2.057801 0.979587
v -0.343273 3.199300 -0.360001
v -0.970999 3.480500 -0.029464
v -2.468627 1.596672 0.111292
v -1.206208 3.472966 -0.125399
v -1.838454 3.007678 -0.415164
v -2.246321 3.321903 -0.807941
v -2.106820 1.771359 1.550109
v 0.450238 1.719406 1.149089
v -1.074921 3.412524 0.042708
v 0.206866 -0.551635 1.376029
v -1.654619 -0.462941 1.389040
v -1.295474 -0.525333 1.335113
v -0.952047 2.094856 0.051397
v -1.446470 3.041617 0.281834
v -0.575711 3.075875 -0.140771
v -1.633391 3.043015 0.245360
v -1.523264 -0.450911 1.385094
v -1.438012 -0.397448 1.333880
v -0.831665 -0.594311 1.574799
v -0.045519 -0.410713 1.426246
v 0.208712 -0.431027 1.371702
v -1.111848 3.371100 -0.357740
v -1.646232 -0.327396 1.297109
v -1.176549 -0.397540 1.263887
v -0.733362 -0.339470 1.536584
v -0.595211 -0.369819 1.597314
v -1.049090 3.379284 0.039769
v -1.955700 3.160896 -0.412011
v 1.553600 0.416550 0.711961
v -1.414801 -0.298169 1.235101
v -1.276914 -0.376567 1.280564
v -1.249796 -0.275871 1.208589
v -0.613961 -0.295098 1.556559
v -0.134725 -0.339420 1.425083
v 0.072107 -0.342433 1.395598
v 1.081515 1.715657 0.737858
v -0.733239 3.740769 -0.242435
v -0.465206 -0.251579 1.464889
v -0.149240 -0.298011 1.424566
v 0.240385 -0.289832 1.472209
v 0.333819 -0.236272 1.480596
v -1.002813 1.682924 1.051662
v -2.218698 2.455734 1.476497
v 1.105951 -0.395904 0.868629
v -1.518869 -0.235680 1.161936
v -1.360570 -0.236806 1.173804
v -1.107215 -0.299578 1.210943
v -0.733270 -0.256014 1.479678
v -0.610176 -0.248297 1.503795
v -0.340405 -0.253734 1.436515
v -0.305007 -0.206397 1.484535
v 0.041789 -0.274715 1.474107
v 0.122768 -0.187366 1.568707
v -0.621680 -0.193990 1.398166
v -0.479265 -0.192971 1.408439
v -0.173313 -0.185427 1.529660
v -0.019734 -0.153084 1.595604
v -1.855472 3.151522 -0.601926
v 1.033818 -0.330487 0.909503
v -2.581139 2.058523 0.017224
v -1.184313 3.334047 0.098298
v -1.872912 2.912361 -0.153541
v -0.968298 -0.174902 1.148581
v -0.627684 -0.159887 1.317794
v -0.369844 -0.057660 1.521309
v 0.102117 -0.121425 1.594470
v 0.169653 -0.094547 1.602681
v 0.302969 -0.143282 1.553207
v -2.119179 2.211168 1.550046
v 1.200581 -0.196710 0.957061
v 1.215716 -0.248634 0.952124
v 0.705903 2.078690 0.637579
v -2.233642 2.757717 -0.268129
v -2.556415 1.899657 -0.005344
v -1.250801 3.356315 0.070275
v -1.158768 1.989445 0.788709
v -1.339788 -0.053385 1.127621
v -1.261355 -0.158759 1.169334
v -1.083526 -0.172518 1.179065
v -0.535475 -0.142275 1.384260
v -0.446540 -0.135200 1.453780
v -0.426678 -0.061743 1.509208
v -0.252598 -0.079927 1.558758
v -0.068475 -0.056481 1.617248
v 0.295256 -0.038986 1.582507
v 1.199450 1.456107 -0.096095
v -2.309316 2.164659 1.594480
v -2.332572 2.344162 1.529709
v -1.713093 2.821407 1.034686
v -1.909956 2.798039 1.144829
v -0.897752 2.065012 0.582017
v -2.020380 3.128026 -0.275715
v -1.295967 2.190131 0.611326
v -1.195576 -0.005575 1.193901
v -0.857647 -0.058127 1.100829
v -0.682830 -0.112320 1.225193
v -0.586868 0.014601 1.364011
v 0.053519 -0.054426 1.639236
v -2.366218 2.077108 1.564661
v -0.839089 3.652835 -0.157075
v 1.126259 -0.177019 0.943195
v 1.360264 -0.126140 0.974763
v -1.857359 2.888303 1.034432
v -1.273885 0.141825 1.186360
v -1.108599 0.049382 1.204542
v -2.311834 3.422840 -1.241195
v -0.077944 0.042283 1.619721
v 0.015841 -0.012742 1.638924
v 0.216743 0.020033 1.602706
v 0.061725 2.004217 1.042490
v 1.067847 1.766608 0.653952
v 1.221387 0.003011 0.935668
v -0.970776 -0.067626 1.141809
v -0.195127 0.114276 1.659268
v 0.047591 0.059796 1.634502
v -2.671564 1.761305 1.204254
v 1.284062 -0.053782 0.960442
v 1.429904 0.031572 0.959767
v 0.671563 2.044118 0.777190
v -0.364293 2.139861 0.039242
v -0.298830 0.034290 1.582573
v 0.158341 0.104353 1.663929
v -0.311059 1.988911 1.007648
v 0.475211 2.006150 0.975078
v -2.249332 2.965878 0.736043
v -0.779243 0.141756 1.124136
v 0.035154 0.127299 1.674744
v -1.080708 1.767614 0.995356
v -0.426142 2.024376 0.887310
v -0.700409 3.061497 -0.044404
v -1.973760 2.945800 0.907012
v -0.068450 0.152051 1.670655
v -0.035079 1.883249 1.150487
v -0.132079 1.969821 1.072227
v 1.330187 0.082468 0.925453
v 1.516098 0.162916 0.910418
v 1.573166 0.118872 0.907352
v -1.114770 0.201729 1.241487
v -0.972662 0.132909 1.186320
v -0.381583 0.277011 1.611926
v 0.140733 0.190494 1.695756
v -0.358951 1.898266 1.087546
v 0.650573 1.680359 1.126358
v -0.917117 3.559111 -0.077859
v -0.003744 1.292615 1.495492
v -1.619244 0.164414 0.837935
v -1.580420 0.213341 0.950118
v -1.478440 0.125143 0.943048
v -1.198582 0.398393 1.254748
v -0.847377 0.183733 1.139467
v -0.280838 0.251767 1.647540
v 0.269432 0.250497 1.667974
v 1.351250 1.240222 0.030775
v 1.279875 0.156739 0.895237
v 1.446305 0.166797 0.906702
v 1.187387 1.515081 0.789104
v -2.298424 3.225665 -0.851634
v -1.799089 2.737939 -0.129770
v -0.111702 0.274163 1.685202
v 0.068408 0.281729 1.697078
v -0.555479 1.903349 0.990110
v 0.190265 2.144262 0.859406
v -1.335690 0.339057 1.189074
v -0.461820 0.399278 1.622686
v -0.396468 0.436791 1.650144
v -0.247689 0.377284 1.658688
v 0.057411 0.388140 1.697394
v -1.028482 1.872576 0.920221
v -2.048976 0.210527 0.594275
v 1.351491 0.223368 0.841176
v 1.345731 0.876175 0.836213
v 0.570246 2.123994 0.687945
v -1.202847 2.157025 0.032254
v 0.550675 1.985062 0.941262
v -2.377127 2.923845 0.776935
v -0.906938 0.955271 -0.753929
v -0.352451 0.436132 1.640869
v 0.219587 0.349675 1.670115
v 0.291685 0.480762 1.681865
v 0.165290 1.910284 1.107358
v 0.260395 1.811562 1.161490
v 1.443395 0.303712 0.804270
v 1.630616 0.239306 0.848457
v -1.796131 1.998613 -0.263177
v -0.131006 1.466835 -0.685257
v -0.995752 0.366289 1.241444
v -0.919899 0.341385 1.203732
v -0.816565 0.396039 1.181070
v -0.089276 0.399144 1.706775
v 0.558017 1.876539 1.051269
v -2.620755 1.280215 0.525655
v 1.432375 0.394176 0.706480
v 1.696914 0.373395 0.735531
v -1.288886 0.456814 1.257877
v -0.066520 2.183964 0.774877
v -2.155605 1.936985 1.601874
v -2.160218 2.631562 1.349849
v 1.572798 0.328268 0.805544
v -1.560909 3.010974 -0.074598
v 0.845241 1.913911 0.819240
v -0.261297 2.206579 0.329814
v -1.291567 0.927328 -0.655966
v -1.089429 0.374807 1.255394
v -0.816870 0.564570 1.235593
v -1.358538 3.198305 0.182221
v -0.295183 0.505006 1.687502
v -0.130406 0.475024 1.739189
v -0.029008 0.475087 1.745016
v -0.712634 1.122839 -0.851647
v -0.439979 1.780059 1.135595
v -2.462905 1.559108 0.741929
v -2.168025 3.216548 -0.466027
v -2.768117 2.094817 0.576739
v -0.995415 2.061059 0.649071
v -1.424080 0.512584 1.250207
v -0.931127 0.609139 1.238337
v -0.158674 0.527081 1.739151
v 0.061453 0.514375 1.730900
v 0.186601 0.496949 1.688962
v -2.256885 2.679250 1.293688
v 1.292996 0.971223 -0.293638
v 1.183359 1.564740 0.010192
v -1.592544 0.550129 1.258192
v -1.221409 0.619354 1.284122
v -1.995138 2.998507 0.629931
v -0.237523 0.599786 1.721657
v -0.036640 0.580814 1.761439
v 0.463229 1.101706 1.544033
v -2.144335 1.125994 -0.442552
v -2.173357 2.361737 1.520667
v -0.714742 1.964378 0.782390
v -0.959890 3.588616 -0.111815
v -2.201378 3.361215 -0.803789
v -1.038955 0.562113 1.260208
v -0.473067 0.634079 1.682617
v -0.280562 0.705808 1.730966
v 0.057673 0.615952 1.745722
v 0.142942 0.682664 1.701576
v 0.227841 0.601408 1.689817
v -1.796078 2.936768 -0.570558
v -2.118611 2.539176 1.409299
v 0.534790 2.179919 0.397106
v -0.290305 1.230165 1.547762
v -1.706867 0.635858 1.288842
v -1.532842 0.646866 1.300048
v -1.461574 0.593946 1.294129
v -1.361257 0.576004 1.278904
v -1.290871 0.673382 1.270239
v -1.124732 0.653327 1.287559
v -0.396569 0.797717 1.708038
v -0.375936 0.606958 1.694797
v -0.117420 0.680641 1.739095
v 1.176094 1.628815 0.564340
v 0.132587 2.258307 0.358653
v -2.748528 1.846307 0.559862
v -1.857397 0.668148 1.262506
v -1.300496 0.781000 1.298464
v -1.034366 0.744061 1.294870
v -0.936532 0.777491 1.255565
v -0.863222 0.711546 1.253942
v -0.000938 0.739442 1.726615
v 0.306342 0.732179 1.661235
v -0.327803 1.787568 1.167607
v -2.281646 2.015076 1.564110
v -0.736630 2.979802 -0.125890
v -2.413350 1.796733 -0.069709
v -0.765357 0.708437 1.430916
v 0.098467 0.824861 1.723393
v 0.245323 0.811681 1.693905
v -1.812199 0.830552 1.326094
v -1.735217 0.725709 1.298313
v -1.596352 0.769477 1.349543
v -1.559214 0.726546 1.338044
v -1.440013 0.748833 1.327925
v -1.199086 0.742004 1.273685
v -1.119940 0.818435 1.305070
v -2.524047 1.561072 0.547348
v -2.540892 1.307011 0.106611
v -0.611613 0.807999 1.667721
v -0.448998 0.786168 1.725716
v -0.311383 0.866171 1.718033
v -0.162529 1.817519 1.178515
v -0.003558 1.652480 1.273099
v -2.210749 2.066314 1.592620
v -2.250902 2.267534 1.573873
v -1.772833 2.980392 0.675511
v -1.065358 2.132732 0.459626
v -0.000752 1.337534 1.368778
v -1.888967 0.846021 1.323602
v -1.675061 0.827824 1.325581
v -1.309635 0.859134 1.324785
v -0.989881 0.796138 1.287383
v -0.838663 0.871563 1.312352
v -2.605970 1.285767 0.287110
v -0.513261 0.813738 1.716522
v -2.443893 1.526912 0.022737
v -2.042586 1.846599 1.581425
v -1.004992 3.588162 -0.146029
v -2.064144 1.985821 1.598246
v 1.414812 1.118414 0.187010
v -1.547703 0.869899 1.359974
v -1.409227 0.896144 1.360561
v -1.041549 0.892004 1.308387
v -0.265380 0.974297 1.699965
v -0.054553 0.853128 1.715939
v -1.409804 1.840881 0.947443
v -1.226634 1.860291 0.919351
v -1.669738 2.978002 0.389493
v -0.701554 2.051253 0.003866
v 0.631165 2.130353 0.533597
v -1.724160 0.974858 1.353279
v -1.647134 0.952539 1.340788
v 0.168095 2.251188 0.216258
v -0.439703 0.927494 1.702236
v -0.194145 0.829208 1.728157
v 0.166032 0.899679 1.711450
v -0.791163 3.730689 -0.235408
v -2.236177 1.811705 1.544680
v 0.596881 1.036452 1.461388
v -1.149465 1.810359 0.973806
v 0.238115 2.251772 0.504712
v -2.512529 1.060535 -0.001409
v -1.450369 0.974833 1.355640
v -1.272226 0.939130 1.304329
v -1.200894 0.910839 1.276039
v -0.930956 0.895059 1.276811
v -0.816460 1.023094 1.327098
v -0.146095 0.842481 1.715057
v -0.137834 1.021951 1.706393
v 0.023480 0.982290 1.696564
v 0.343026 1.019335 1.626424
v 1.266642 1.378973 -0.060146
v -2.526016 1.749546 0.066306
v -2.624067 1.178466 0.427044
v -1.953167 3.022327 -0.186096
v -1.527271 1.036899 1.337066
v -1.041550 0.976102 1.299362
v -0.347986 1.003131 1.700231
v 0.760912 2.015528 0.746224
v -1.050816 2.124022 0.010642
v -2.150103 2.993398 0.430794
v -1.906974 1.040766 1.322762
v -1.709124 1.070414 1.360058
v -0.936370 0.966701 1.310911
v -0.894252 1.031183 1.325204
v -0.539867 0.950457 1.667681
v -0.275617 1.080485 1.683158
v 1.234051 1.558215 0.394270
v 0.921069 1.897373 0.736377
v -2.007408 3.005327 -0.059148
v -1.817656 1.043300 1.352722
v 0.974135 1.875426 0.624653
v -0.396435 1.064145 1.674517
v -0.107867 1.106544 1.676809
v 0.204767 1.059139 1.641455
v -1.987674 1.080799 1.271662
v -1.607914 1.075116 1.351649
v -1.496233 1.173222 1.318129
v -1.403473 1.042010 1.333701
v -1.301549 1.039557 1.297583
v -1.274639 1.155306 1.289175
v -1.122112 0.997422 1.295337
v -1.008469 1.088016 1.327155
v 0.057124 1.105528 1.661951
v 0.346112 1.174010 1.527318
v 0.704048 1.050142 1.441301
v -0.208693 3.387428 -0.680504
v -2.129774 2.990125 0.672580
v -1.882015 2.902970 -0.061114
v -2.020258 1.166777 1.263870
v -1.742716 1.176081 1.325515
v -0.816453 1.138207 1.344636
v -0.736045 1.108179 1.349263
v -0.371023 1.147123 1.619805
v -0.205277 1.171501 1.633379
v 0.024232 1.195546 1.614477
v 0.182235 1.184014 1.588103
v -0.077260 2.038057 1.004159
v -2.292296 2.487897 1.449881
v 0.384036 2.233242 0.430252
v -1.637914 1.199159 1.310037
v -1.028168 1.180362 1.307409
v -0.670600 1.185487 1.333036
v 0.388263 2.099582 0.895711
v -0.115070 1.230000 1.582310
v 0.570001 1.222692 1.423228
v -1.956162 1.284712 1.247816
v -1.589029 1.298718 1.288657
v -1.397742 1.203075 1.325492
v -1.600272 2.942236 0.484820
v -2.766509 1.971723 0.707054
v 0.458087 1.211641 1.462505
v 0.679976 1.207568 1.409130
v 0.281087 1.938950 1.079203
v -0.344018 2.174225 0.179072
v -0.542521 2.060857 0.707649
v -2.022356 3.253473 -0.516561
v -1.860044 1.244654 1.276960
v -1.499093 1.300729 1.281498
v -1.258929 1.292257 1.271503
v -1.131350 1.374101 1.217232
v -1.017147 1.303792 1.270074
v -0.865230 1.216934 1.339542
v -0.789464 1.242974 1.312838
v -0.707880 1.270896 1.326327
v -2.496301 1.632700 0.736130
v 0.276606 1.275278 1.452585
v 0.350325 1.342128 1.421192
v 0.465411 1.332420 1.423629
v 0.292967 2.253744 0.350489
v 0.085069 1.799489 1.205027
v -2.118779 3.279869 -0.546374
v -0.107230 2.232496 0.315482
v -0.728314 2.065156 0.521789
v -1.366915 1.333848 1.270474
v -1.183027 1.265838 1.253359
v -0.946664 1.424666 1.222140
v -0.625309 1.394915 1.306343
v -0.610061 1.255722 1.342978
v -0.505318 1.278690 1.334678
v -2.082213 0.636699 1.141823
v -2.129237 1.857507 1.591038
v -1.993195 2.358937 -0.250079
v -2.179716 1.545324 -0.271431
v -1.887971 3.065100 -0.377860
v -2.307153 2.837411 1.054557
v -2.162609 1.292769 1.150131
v -2.052910 1.339127 1.193822
v -1.710965 1.321872 1.281754
v -1.414822 1.445097 1.209042
v -0.813738 1.368704 1.278992
v -0.287194 1.341837 1.325750
v 0.215149 1.358665 1.362690
v -1.484073 1.458515 1.210416
v -0.545749 1.373811 1.311035
v 0.188345 1.466617 1.276907
v 0.565782 1.410740 1.358618
v -0.709035 2.078294 0.136613
v -2.103461 1.470499 1.125696
v -1.888739 1.420959 1.219434
v -1.758777 1.449653 1.227192
v -1.598472 1.419112 1.245501
v -1.266499 1.439011 1.240200
v -0.404602 1.440333 1.287583
v -0.168172 1.400853 1.311319
v -0.173343 1.464479 1.314764
v 0.352287 1.466545 1.308115
v 0.969809 1.775587 0.860550
v -1.364110 1.500192 1.204969
v -1.108571 1.514405 1.147430
v -0.715282 1.437505 1.266226
v -0.480940 1.460669 1.284085
v -0.394603 1.551818 1.270513
v -0.056147 1.479346 1.321416
v 0.061602 1.443513 1.313277
v 0.420148 1.430582 1.361889
v 0.510947 1.527563 1.254360
v 0.855440 1.978580 0.611943
v -1.025971 1.499767 1.159346
v -0.573006 1.589181 1.221460
v -0.323797 1.446624 1.303971
v 0.219341 1.592593 1.250249
v 0.329009 1.522687 1.237302
v -1.494392 3.128105 0.214264
v -1.565243 1.745013 1.045320
v 0.457585 2.196915 0.590688
v -2.020674 1.569230 1.125234
v -1.969934 1.529737 1.140553
v -1.852674 1.620675 1.127394
v -1.461684 1.588098 1.148927
v -0.221011 1.532338 1.303637
v 0.096078 1.589253 1.279884
v 0.354859 1.610692 1.198362
v 0.664736 1.529327 1.209715
v -0.022821 1.482753 -0.673771
v -1.589109 1.541753 1.182738
v -1.318204 1.581037 1.162623
v -1.208938 1.530677 1.183693
v -0.904039 1.578445 1.143082
v -0.862308 1.788687 0.985764
v -0.287461 1.604606 1.274260
v -0.822052 1.104492 -0.747956
v -2.340509 1.071898 -0.282595
v -1.433125 1.712125 1.053538
v -1.250918 3.166904 0.173140
v -1.678654 1.592439 1.139929
v -1.183938 1.676923 1.076204
v -0.687097 1.787326 1.022842
v -0.565653 1.732352 1.136190
v -0.165761 1.664638 1.261191
v 0.173799 1.681658 1.244841
v -1.824091 2.866337 -0.277120
v -1.715081 1.705733 1.087040
v -1.471575 1.126278 -0.652851
v -2.157563 0.840740 -0.454635
v -2.103589 2.355423 -0.232777
v -0.521468 3.421825 -0.629845
v -1.605116 2.781153 -0.058806
v 0.561452 -0.581208 1.290018
v -1.507522 1.842016 1.013084
v -2.015244 1.100670 -0.494584
v 0.858174 1.820225 0.926038
v -0.646432 -0.579399 1.624343
v -0.160528 -0.520854 1.467883
v 0.457838 -0.536915 1.335044
v 0.645418 -0.466228 1.279232
v -1.857820 2.717912 1.154526
v -1.426586 -0.607610 1.378661
v -1.238912 -0.601914 1.321271
v -0.810618 2.076395 0.232853
v 0.008768 -0.506202 1.417887
v -0.879946 2.918153 -0.140217
v 0.138264 1.533768 -0.618181
v -1.643271 2.663896 0.952209
v -1.633132 -0.560013 1.404589
v -1.468145 -0.541138 1.388584
v -1.468615 2.355478 0.827550
v -0.708625 -0.524684 1.624842
v -0.615466 -0.472033 1.619581
v -0.467743 -0.523171 1.572103
v -0.530555 3.358237 -0.390629
v 0.774200 1.166182 1.390420
v 0.503126 -0.408998 1.335309
v 0.711539 -0.485660 1.225393
v -1.861219 1.014659 -0.565666
v 0.670372 1.322082 1.372816
v -1.031952 1.118414 -0.706039
v -0.388637 -0.413364 1.542136
v -1.659262 2.011524 1.206944
v -1.564379 2.010869 1.127293
v 0.739554 -0.381856 1.227137
v 0.925113 -0.389938 0.964732
v -1.222127 3.027740 0.156049
v 0.337493 -0.366754 1.351723
v 0.512244 -0.317831 1.313816
v -1.851921 1.384837 -0.524532
v -0.961315 3.154186 -0.413609
v -2.404947 0.577800 0.496279
v -1.928185 2.010629 1.518478
v -0.404505 -0.332013 1.519591
v 0.628638 -0.363018 1.290295
v 0.835452 -0.300708 1.148317
v 0.878859 -0.354073 1.084576
v -1.298242 3.018010 0.216111
v 0.776471 1.494481 1.181342
v 0.709778 -0.246688 1.220833
v 1.374359 -0.226395 0.940303
v 1.503041 -0.221408 0.844965
v 1.640691 -0.260298 0.636038
v -1.520876 -0.348821 1.324297
v -0.841351 3.486991 -0.190793
v -0.974444 2.943734 0.049514
v 0.379689 -0.289152 1.394161
v 0.563101 -0.237336 1.310359
v 0.925609 1.073495 1.317603
v -1.737315 2.127350 1.223138
v -1.041765 3.050116 0.125586
v -1.075764 3.169409 0.007406
v -0.600636 3.814070 -0.362850
v -0.670141 3.738544 -0.294936
v -1.285671 2.825381 0.229355
v 0.870701 -0.150973 1.162561
v 1.492870 -0.107975 0.923919
v 1.611911 -0.224785 0.724439
v -1.964333 1.736720 1.441082
v -0.426928 3.118869 -0.290778
v -1.856991 3.347226 -1.221913
v -1.189161 2.808336 0.136215
v -0.995299 3.257559 -0.080430
v 1.300361 1.294396 0.728272
v 0.482454 -0.114789 1.457816
v 0.643434 -0.150867 1.343967
v 0.771137 -0.146275 1.231598
v 1.088542 -0.132582 0.982736
v 1.739518 -0.096084 0.695932
v -1.137341 2.786349 0.048052
v -1.348866 2.089734 0.809565
v -0.770453 1.011932 -0.957344
v 0.636937 -0.035511 1.431664
v 0.717378 -0.072680 1.353074
v 0.999386 -0.104591 1.107409
v 1.460633 -0.048930 0.959304
v 1.615510 -0.092205 0.837810
v -0.817149 3.151619 -0.063118
v -2.000225 2.648555 1.291249
v -1.621304 2.809705 0.896029
v 1.402333 1.153573 0.360741
v -1.193325 2.984118 0.193645
v -1.990282 1.996280 1.573136
v -1.862646 1.174790 -0.543438
v -0.490696 3.872593 -0.514091
v 0.413160 0.009844 1.557422
v -1.720463 1.908965 1.216447
v 1.833560 0.048203 0.608104
v 1.367230 1.231176 0.519440
v -0.727956 3.098508 -0.015553
v 0.507941 0.000005 1.485683
v 0.789384 -0.041749 1.292605
v 0.929376 -0.006749 1.211669
v -1.424435 2.194343 0.907778
v 1.285541 1.164600 0.859738
v 0.594042 0.056807 1.465942
v 1.068013 0.064951 1.149330
v 1.152349 0.019388 1.008044
v -1.865353 1.982662 1.440250
v -1.901937 2.512877 1.239269
v 1.584838 0.028736 0.900042
v 1.760950 0.018618 0.728758
v -1.419700 2.783549 0.338222
v -2.032019 2.342350 1.447957
v 0.646910 0.109607 1.457284
v 0.871215 0.108077 1.303633
v 1.791181 0.151283 0.726054
v -1.646698 2.096547 1.182798
v 0.764876 1.806372 1.006118
v -1.688161 2.475143 0.988124
v 0.254593 0.118416 1.643401
v 0.372978 0.084366 1.574531
v 0.756316 0.069124 1.376132
v 1.052009 0.162709 1.193443
v -1.869649 2.097920 1.399506
v -1.650145 1.778096 1.094846
v 1.694345 0.059780 0.829590
v -0.843234 3.412890 -0.220775
v -1.051515 3.105404 0.048289
v -1.620185 2.428819 0.959118
v -1.969496 2.554591 1.316044
v 0.360533 0.191552 1.620277
v 0.496443 0.150980 1.515027
v 0.962350 0.174582 1.246374
v 1.186373 0.141375 1.030981
v 1.679118 0.151240 0.848056
v 1.834395 0.203358 0.646855
v -0.670194 3.617473 -0.351589
v -0.336805 3.297639 -0.423611
v 1.237360 1.510269 0.613506
v -0.478272 3.732903 -0.543103
v 0.717869 0.135773 1.418471
v 1.121050 0.158394 1.128181
v -1.803571 2.389426 1.101029
v 1.765416 0.220228 0.758583
v -0.923203 3.094103 0.065888
v 0.397162 0.307017 1.619465
v 0.448385 0.235601 1.573234
v 0.664606 0.225033 1.437590
v 1.139951 0.309582 1.133442
v 1.258006 0.240331 0.950600
v -1.940273 2.272674 1.364428
v -1.187245 3.102893 0.106124
v 1.052135 1.539369 0.957484
v 0.800961 0.220329 1.356139
v 0.844058 0.349723 1.317081
v 1.061716 0.321136 1.191884
v 1.348272 0.310725 0.809842
v 1.702247 0.250408 0.809390
v -0.435130 3.206994 -0.277426
v -0.475950 3.143634 -0.201218
v 1.294341 1.234231 -0.119270
v 0.762401 0.411773 1.410379
v 1.203885 0.279847 1.053976
v 0.365155 1.975997 1.041568
v 1.812570 0.311731 0.659384
v 1.209859 0.845968 -0.434365
v 1.084591 1.221113 1.127712
v -0.879874 3.052460 0.057386
v -1.686988 2.539342 0.973219
v -1.943719 1.894951 1.544707
v -1.981903 1.803609 1.534537
v 0.557847 0.297590 1.530297
v 0.941684 0.304787 1.268681
v 1.171613 1.127983 -0.350221
v 1.753180 0.339291 0.719080
v -1.778074 2.665490 1.114135
v 0.312417 1.710360 1.193778
v 0.415009 0.437123 1.627215
v 0.953050 0.428907 1.249617
v 1.149630 0.446115 1.113438
v 1.257788 0.418338 0.981601
v -1.822096 2.442897 1.100358
v -0.413665 3.560975 -0.559625
v -2.707272 1.752040 0.510521
v 0.032309 1.351827 1.328702
v -1.850590 1.691769 1.140203
v -1.772083 1.819989 1.189621
v 0.690554 0.389557 1.470106
v 0.830554 0.426007 1.336198
v 1.050155 0.514514 1.214595
v 1.325482 0.401021 0.849547
v -1.604708 2.196314 1.097954
v -1.163271 3.240311 0.112346
v -0.126842 1.345989 1.329661
v -0.268807 3.295853 -0.481427
v -0.849745 3.243941 -0.159874
v 0.844125 1.336191 1.251998
v -1.907200 1.708345 1.269561
v 0.925238 1.210874 1.267731
v 0.518696 0.456652 1.581522
v 0.930270 0.532148 1.303417
v 1.406974 0.574995 0.694657
v -2.285959 2.798238 -0.075058
v -1.322050 2.898548 0.270089
v -1.510273 2.714367 0.568040
v -0.586965 3.038526 -0.205871
v 0.576101 0.501480 1.554798
v 0.741423 0.563969 1.479375
v 1.124959 0.501794 1.154468
v -2.623627 2.461487 0.751844
v -1.535704 2.276087 0.989351
v -1.072506 2.975078 0.131102
v -2.655684 2.363056 0.650417
v -1.840200 2.220617 1.250098
v 0.483026 0.609045 1.626641
v 0.604091 0.583691 1.574648
v 1.327096 0.675338 0.875616
v -1.502680 2.563465 0.615309
v 0.932690 1.654374 1.014174
v -1.581146 2.589662 0.869414
v 0.837907 0.575575 1.392500
v 0.999761 0.586717 1.280972
v 1.214183 0.578977 1.051519
v 1.451348 0.531879 0.550630
v -1.368899 2.232751 0.765707
v -0.282625 3.448811 -0.588089
v -1.038619 3.301533 -0.008450
v -1.338808 3.084841 0.234057
v -1.306299 2.708577 0.169543
v 1.303964 1.080447 -0.223761
v -1.867825 2.348581 1.198369
v -1.773069 2.262992 1.167477
v -1.374508 1.974012 0.864995
v -1.425307 2.056897 0.953353
v -2.073264 2.454790 1.435619
v 0.364214 0.603537 1.657704
v 0.597721 0.694990 1.582786
v 0.713023 0.717013 1.512762
v 0.818946 0.671241 1.440797
v 0.987349 0.679478 1.301663
v -1.812460 2.534928 1.108975
v -1.804154 3.009549 -0.535133
v 0.680516 1.434543 1.290140
v -1.847286 1.780929 1.277169
v 0.493518 0.712059 1.612668
v 0.924178 0.786091 1.335821
v 1.394302 0.764901 0.736588
v 1.427057 0.809645 0.591025
v -1.429176 1.928634 0.964898
v -0.814521 3.595481 -0.168723
v -1.685296 2.290786 1.107560
v 1.230709 1.222140 -0.233398
v -1.580976 1.930872 1.123543
v 0.456471 0.835829 1.591975
v -0.536991 3.256416 -0.299701
v 0.665392 1.864409 1.028138
v -1.615000 1.841787 1.117604
v 0.602156 0.818188 1.538575
v -1.851916 3.083146 -1.504672
v -0.495031 3.605453 -0.511306
v 0.922830 1.417510 1.141057
v 1.303218 1.394758 0.497368
v 0.793150 1.250000 1.340622
v 0.688553 0.898836 1.482994
v 0.974148 0.858280 1.290333
v 1.051700 0.822943 1.249108
v 1.170050 0.705788 1.115952
v -2.270846 1.716260 1.444680
v 0.938298 1.505074 1.097710
v -1.531548 2.435900 0.847994
v -1.828920 1.909331 1.357066
v -1.901152 1.835080 1.462067
v 1.062015 1.677861 0.833644
v 1.213206 0.934192 1.055576
v -1.797580 3.253264 -1.699430
v -0.625497 3.527337 -0.402934
v 1.373785 0.961194 -0.107126
v 1.239544 1.347284 0.826516
v 0.388885 0.890312 1.641980
v 0.784059 0.844272 1.448769
v 1.163549 1.285358 0.985130
v -1.497451 2.079290 1.037636
v -0.886666 3.302048 -0.171960
v 0.290015 0.902310 1.683536
v 0.563928 0.968834 1.515689
v 1.092936 0.917479 1.217228
v 1.145112 0.842670 1.138108
v 1.298563 1.417818 0.080282
v 0.803782 1.633827 1.101851
v -0.617250 3.184628 -0.182151
v -0.326012 3.673206 -0.678742
v -0.687377 3.418834 -0.339891
v -1.393261 2.677375 0.250984
v 0.436832 0.997312 1.601839
v 0.836984 0.963962 1.399658
v 1.043492 0.978567 1.266464
v -0.639511 3.140528 -0.095587
v -2.717051 1.892641 0.804088
v -2.168647 2.438015 -0.200096
v -2.714179 1.948944 0.877686
v -2.260550 3.038773 -0.424009
v -2.726422 2.001600 1.095697
v 0.913498 0.949826 1.327026
v 1.118348 1.034598 1.175518
v 0.533615 1.105600 1.498179
v 1.224364 1.158122 0.975607
v -1.784539 2.021563 1.291880
v -1.983556 2.134097 1.504469
v -0.557704 3.780770 -0.428973
v 0.514913 1.780942 1.110959
v -1.460750 2.892383 0.354500
v 0.965858 1.324099 1.182141
v -2.561997 1.173579 0.120937
v -1.739514 2.594833 1.063491
v -1.697301 2.700664 1.014264
v 1.033147 1.121578 1.226707
v -2.216736 2.808800 -0.505262
v 0.618695 -0.631688 -0.260347
v 0.577092 -0.632724 -0.440555
v 1.390594 1.034037 0.662926
v 1.210875 -0.525581 0.092814
v 0.726585 -0.587247 -0.062758
v 0.649878 -0.543486 -0.375230
v 0.771261 -0.497630 1.114463
v 1.461596 -0.416547 0.196949
v 0.709431 -0.560789 -0.141065
v 0.559956 -0.544624 -0.596548
v -2.646822 1.719386 1.131606
v -2.657018 1.721422 0.308303
v -1.815453 3.613332 -1.734655
v -0.271960 3.707118 -0.779893
v -1.807096 2.875474 -0.677366
v -1.207505 1.158971 -0.676873
v 1.359600 -0.434582 0.061903
v 1.374185 -0.354585 -0.037868
v 0.711707 -0.477688 -0.283888
v -0.274713 3.244494 -0.484551
v -1.810379 2.903406 -0.869914
v -0.216670 3.627249 -0.848106
v 1.305120 0.874776 -0.274725
v -2.377264 1.573325 0.883220
v 1.548068 -0.376029 0.437489
v 1.650437 -0.258076 0.151260
v 0.720124 -0.404847 -0.436087
v 0.615969 -0.541683 -0.514095
v -0.992217 2.870525 -0.003984
v 1.523272 -0.332556 0.069071
v 1.018185 1.305595 -0.438629
v -0.365878 3.159721 -0.400472
v -1.399111 2.401051 0.204192
v -0.226714 3.537324 -0.851723
v 1.644853 -0.294308 0.312832
v 1.603812 -0.235950 0.031203
v 0.778135 1.250144 -0.624219
v 0.797810 -0.366603 -0.324625
v 0.671502 -0.380634 -0.613688
v -0.595675 1.635719 -0.590860
v -1.554156 2.804001 0.751998
v 1.684224 -0.257314 0.524520
v 1.762715 -0.175034 0.318812
v 1.439052 -0.246342 -0.116147
v -2.453735 1.642222 0.855735
v 0.937031 -0.266999 -0.255245
v 0.914445 -0.248485 -0.385417
v 0.859916 -0.262293 -0.492832
v 0.722001 -0.340731 -0.525855
v 0.634400 -0.275474 -0.663440
v -0.412668 1.331381 -0.711724
v -1.814627 3.473429 -1.583643
v -1.809570 2.733143 -0.229801
v 1.428743 0.954045 0.393722
v -1.421881 2.594551 0.269185
v -2.422058 1.658196 1.326644
v -1.504189 2.813592 0.523462
v -1.847704 2.749905 -0.605108
v -1.483983 2.448410 0.709865
v -1.784730 3.564728 -1.818951
v 1.756544 -0.186737 0.466935
v 1.718535 -0.148019 0.096188
v 1.570342 -0.106915 -0.102499
v -1.819661 3.332719 -1.371417
v 1.756402 -0.155109 0.598217
v 1.768037 -0.143162 0.217615
v 1.646423 -0.133546 -0.018621
v -1.106836 -0.677485 -0.871277
v 0.953019 -0.180766 -0.419726
v -2.003088 -0.636975 -0.156202
v 1.825578 -0.025393 0.559438
v -0.724019 2.002490 -0.134206
v -1.539461 2.629854 0.727842
v 1.806119 -0.105867 0.455473
v 1.854742 0.014699 0.400282
v 1.697294 -0.009167 -0.019847
v 0.864062 -0.147803 -0.607022
v -0.200083 3.496970 -0.801263
v -2.250389 0.468504 0.792152
v -1.831299 3.078735 -1.288555
v 1.131999 -0.008015 -0.269980
v 1.038809 -0.079281 -0.330185
v 0.952997 -0.114354 -0.486749
v 1.837954 0.000377 0.283592
v 1.783450 -0.010140 0.120737
v 0.932687 -0.034189 -0.541262
v -0.455935 1.165916 -0.962559
v -2.516544 1.600130 0.229747
v 1.878646 0.159810 0.467747
v 1.846747 0.124632 0.175191
v 1.779992 0.107832 0.056659
v 1.225679 0.104688 -0.192757
v 0.980681 0.028505 -0.495551
v -0.772064 1.930055 -0.270459
v -2.585040 1.403883 0.525271
v 1.884162 0.158890 0.313920
v 1.138250 0.106985 -0.358995
v 0.788354 0.003218 -0.727644
v -1.797834 3.369090 -1.578635
v -2.655940 1.692292 0.484231
v -2.593279 1.646782 0.380375
v 1.847538 0.202471 0.178413
v 0.989011 0.125036 -0.543982
v -2.746475 2.051882 0.786399
v -2.734897 1.915469 1.137412
v -0.216091 3.503832 -0.725930
v -2.391386 0.615334 0.699408
v -1.048985 2.828673 -0.061117
v 1.863605 0.280297 0.556000
v 1.855915 0.302189 0.255418
v 1.281983 0.243753 -0.167761
v 1.103176 0.207334 -0.439402
v -1.795592 3.109628 -0.774188
v -2.235337 2.912956 -0.386962
v 1.204130 0.253848 -0.334260
v 1.018078 0.249205 -0.554202
v -2.433983 2.711777 0.092274
v -2.550879 1.478322 0.292953
v -2.082652 3.741084 -1.664357
v -2.508165 2.047822 -0.082007
v 1.882667 0.283692 0.419245
v 1.258087 0.354646 -0.287095
v 1.110252 0.341717 -0.470496
v -2.693863 2.133697 1.093759
v -1.811965 3.219485 -1.490019
v -2.074271 2.731540 -0.827728
v -1.450145 2.424223 0.058578
v -1.453982 2.557463 0.488752
v 1.857398 0.364885 0.485148
v -1.781412 3.490140 -1.747972
v 0.810520 0.286413 -0.707048
v -2.184785 2.807427 -0.832588
v -1.805973 0.117450 0.613479
v -1.799260 -0.597456 1.317568
v 1.812035 0.445086 0.392182
v -1.022953 1.995500 -0.248784
v 0.937293 0.345001 -0.612557
v -1.189653 2.082027 -0.210580
v -2.165999 3.240597 -1.147210
v -0.232739 3.388040 -0.742700
v -2.626541 1.932987 0.105687
v -1.808560 3.220826 -1.218720
v 1.366241 1.055090 -0.079404
v -1.392233 2.435985 0.397349
v -2.618597 2.405395 0.913763
v -2.166108 3.005298 -0.755013
v 1.182156 0.502296 -0.379061
v 0.850452 0.416713 -0.716360
v -1.379911 2.637488 0.127496
v -2.699790 1.792954 1.075282
v -2.078368 0.526464 1.079093
v -1.800981 3.018836 -1.013537
v -0.230248 3.331153 -0.580807
v 1.361062 0.459777 -0.066914
v 1.313972 0.396534 -0.184788
v 1.065960 0.493789 -0.511044
v 0.950748 0.454698 -0.638470
v -0.823007 2.974573 -0.035744
v -2.531095 1.453300 0.179462
v -1.586523 2.708188 0.853169
v 1.386912 0.865621 -0.063512
v 1.358728 0.583810 -0.116532
v 0.453707 1.043288 -0.878093
v -1.951279 1.043832 -0.522779
v -2.663853 1.992562 0.182995
v 1.429398 0.550027 0.078222
v -2.730396 1.917418 0.336505
v 1.399865 1.093322 0.534962
v -0.276504 3.246748 -0.547223
v 1.426133 0.918085 0.116596
v 1.448379 0.630710 0.207422
v 1.269247 0.488608 -0.278643
v 1.357344 1.294096 0.150460
v -1.472450 2.665559 0.428384
v 1.401587 1.090150 0.067400
v 1.363474 1.065305 0.736153
v 1.283339 1.475912 0.225222
v -2.507593 1.197807 -0.019954
v 1.282442 0.663759 -0.246390
v 1.126940 0.591382 -0.433043
v -2.721298 1.931422 0.980782
v -1.807558 2.859473 -0.440182
v 1.409604 0.737773 0.018336
v 1.195240 0.700438 -0.398689
v 1.076732 0.669194 -0.528975
v -2.670531 2.569452 0.651889
v -2.159336 3.655050 -1.617490
v -1.792262 3.129881 -1.021390
v -1.431626 2.543249 0.158813
v 1.292761 1.023315 0.896659
v -2.126693 0.261215 0.563839
v -2.667693 2.478106 0.521134
v 1.347169 1.337627 0.284260
v -2.112867 3.592697 -1.606063
v -2.215090 2.830883 -0.270627
v -2.497297 1.389831 0.041807
v -2.249969 1.728522 -0.138504
v 1.449224 0.670554 0.443590
v 1.324005 0.755488 -0.200073
v 1.156514 0.769246 -0.486888
v -1.061809 -0.327651 -0.726804
v -2.493669 2.499150 0.074426
v -1.838601 3.260471 -0.986854
v -1.786944 3.013965 -0.778369
v 1.438354 0.920580 0.252709
v 1.399732 0.834845 0.024800
v -1.284488 2.698311 0.051344
v -1.862928 3.695581 -1.761913
v -1.951311 3.731298 -1.698559
v -1.883015 3.675076 -1.676498
v -1.870333 3.498356 -1.476770
v -2.050648 3.730848 -1.595178
v -2.197280 2.879378 1.031222
v -0.427395 2.162848 0.500508
v -1.802687 2.989730 0.541033
v -1.619526 2.923992 0.761078
v -1.057540 3.496214 -0.025988
v -2.163963 3.705676 -1.523843
v -2.310401 2.970727 0.454254
v -2.114368 2.947352 0.887665
v -1.971348 3.628153 -1.511279
v -0.165243 1.315884 1.424661
v -1.726471 2.951214 0.791198
v -2.260684 2.913474 0.926850
v -2.384102 2.951425 0.590920
v -2.105902 3.078514 -0.162727
v -0.350457 3.856839 -0.766486
v -1.243162 2.044837 0.675567
v -2.012312 2.977337 0.049112
v -2.151645 2.971269 0.070475
v -1.984974 3.541442 -1.360976
v -1.740788 2.893598 0.986629
v -0.642987 2.094109 0.498413
v -2.122519 3.665833 -1.446264
v -2.237070 3.635462 -1.413542
v 0.477990 2.146745 0.753307
v -2.530228 1.581455 0.359419
v -0.879968 1.951787 0.779133
v -1.412340 2.409557 0.579421
v -1.227121 2.188025 0.278102
v -1.898813 2.926590 0.027416
v -1.067397 2.036275 0.729406
v 0.346033 2.222053 0.621451
v 0.006867 2.244679 0.490820
v 0.169493 2.232531 0.635058
v -2.719443 1.820077 0.356686
v -1.911394 2.979095 0.780528
v -2.536060 2.584250 0.252980
v -2.061148 2.980481 0.207175
v -0.181724 2.218655 0.506168
v -1.267790 2.091481 0.623857
v -2.045870 2.852550 1.101567
v -0.395523 3.848585 -0.661717
v -0.457325 3.919374 -0.599327
v -2.446031 2.886276 0.230420
v -2.583111 1.235709 0.170364
v -2.591179 2.479194 0.319220
v -1.972619 2.993829 0.428290
v -0.136796 2.102009 0.906792
v -2.601588 2.397167 0.214433
v -2.255404 3.001479 -0.569176
v -2.734497 1.855798 0.700871
v -0.644408 2.111095 0.329907
v -1.935602 3.460828 -1.263833
v -2.013282 3.483844 -1.170400
v 1.776206 0.442724 0.240923
v -2.200928 3.695341 -1.572061
v -0.894067 2.101228 0.300402
v -0.208869 2.195174 0.660804
v 1.090574 1.667487 -0.067219
v -2.381651 1.222501 -0.206237
v -0.638167 3.806786 -0.537690
v -1.788452 2.984105 0.332995
v -2.603996 1.023993 0.636141
v 1.811992 0.351521 0.171743
v -1.230571 2.145030 0.505268
v 0.985869 1.775764 -0.095356
v -2.598140 1.155930 0.238013
v -2.690656 1.822481 0.924282
v -2.101716 3.559447 -1.257910
v -2.025421 2.902052 1.015972
v 1.863159 0.353371 0.343635
v -1.141634 2.098008 0.588217
v 1.045396 1.806181 0.133376
v -2.123899 2.662674 -0.469640
v -2.497309 1.475025 0.698728
v -2.220742 1.640641 -0.188166
v -2.535334 2.855934 0.776261
v 1.737452 0.486871 0.320089
v -1.578473 2.966382 0.378372
v 1.162697 1.644520 0.116012
v 1.005854 1.827045 0.050565
v -2.301749 1.166702 -0.318020
v -2.621447 2.615338 0.927743
v -0.565936 3.888095 -0.451121
v -2.065109 3.150451 -0.291974
v -2.066795 3.450500 -0.982912
v -0.862341 2.078716 0.497843
v -1.572828 2.898803 0.675156
v 0.014179 2.135909 0.876986
v 0.934714 1.917727 0.183352
v 0.832576 1.946305 -0.001084
v -2.618771 1.295903 0.402543
v -2.202087 3.438175 -0.986397
v -0.797083 1.879840 0.896645
v 0.692891 2.058820 0.032994
v -2.706425 1.854545 1.236052
v 0.133082 1.314529 1.408142
v -1.638031 2.890675 0.888871
v -1.657146 2.961368 0.579673
v -1.032764 1.969454 0.830119
v -2.162447 3.516212 -1.139605
v 1.606912 0.514394 0.380961
v -1.922083 2.969252 0.214685
v 1.143858 1.689324 0.314753
v 0.562254 2.116449 0.006699
v -2.362240 2.599914 -0.045938
v -2.691930 2.609870 0.533721
v -2.543950 2.893726 0.465643
v -1.913445 3.338797 -0.916760
v -2.285722 3.371686 -1.006928
v -2.116214 2.735463 1.251423
v 1.813997 0.415518 0.533389
v 1.766225 0.470008 0.514181
v 1.708379 0.504342 0.456708
v 1.484205 0.520236 0.372901
v 0.430379 2.180624 0.040009
v -2.332921 1.414992 -0.198826
v -2.238858 2.962423 0.239059
v 0.713217 1.945030 0.926364
v -2.197017 2.791077 1.175279
v -0.716791 3.791341 -0.406233
v -1.978716 3.401928 -0.948825
v 0.565731 2.055637 0.852767
v 1.681292 0.496009 0.560340
v 1.576480 0.511431 0.485007
v -1.726675 2.996495 0.237630
v 0.821103 2.021919 0.299456
v 0.638680 2.116310 0.166656
v -2.661958 2.576506 0.780244
v -1.335657 2.305724 0.506689
v -0.662411 3.823759 -0.346343
v 0.321151 2.177866 0.784706
v 0.135555 2.204563 0.745413
v 1.781152 0.393975 0.634605
v -2.499097 2.911467 0.611349
v 1.047117 1.816932 0.278873
v 0.788197 2.022821 0.146294
v -1.372172 2.300084 0.686221
v -1.845457 3.209128 -0.777390
v -1.937358 3.252706 -0.620123
v -1.994329 3.329099 -0.718787
v -2.121977 3.399265 -0.810403
v 1.507003 0.490451 0.509839
v -0.760698 2.006771 0.649766
v -1.291527 2.246827 0.334373
v 0.938392 1.926804 0.368980
v 0.471126 2.199672 0.207982
v 0.313430 2.236789 0.188263
v 0.089849 2.228784 0.077598
v 0.153204 1.258714 1.516069
v -1.511807 2.902524 0.387821
v -2.049994 3.381590 -0.784328
v 1.691580 0.453511 0.641437
v 1.415641 0.440405 0.675921
v 0.640411 2.130998 0.338889
v -2.737639 2.116822 0.405150
v -2.561354 1.487691 0.409378
v -0.624751 1.028545 1.568414
v -1.802183 2.931503 0.925121
v -1.314749 1.931388 0.829951
v 1.584248 0.474149 0.620405
v -2.627420 2.500825 0.879257
v -1.538894 2.891550 0.486416
v -0.396015 2.144957 0.646356
v 1.070704 1.781757 0.515439
v 0.780806 2.050122 0.465538
v -2.464207 1.242198 -0.098286
v -1.025910 2.142749 0.295504
v -1.114890 2.157952 0.151039
v -0.949424 3.641828 -0.245398
v -2.173861 3.004326 -0.077864
v -1.341871 2.294782 0.243638
v -2.488314 2.906187 0.379634
v -0.265189 2.117003 0.827263
v -0.032424 2.231363 0.169285
v -2.602018 1.220617 0.632371
v -1.883542 -0.654587 0.465253
v -1.868210 -0.637913 0.728162
v -1.941013 -0.613633 1.015483
v 0.655953 1.205060 -0.683576
v -1.099318 3.130553 -0.370733
v -2.245905 2.222065 -0.208710
v -2.115394 -0.628528 0.210896
v -2.015474 -0.626862 0.361264
v -1.864026 -0.613483 0.530627
v -1.943327 -0.569174 0.998889
v -1.827053 -0.518657 1.281230
v -2.091769 -0.586826 0.260900
v -1.894344 -0.571821 0.778613
v -1.930963 -0.559136 0.888658
v -1.875964 -0.501309 1.182346
v -1.743576 -0.454445 1.328815
v -1.748755 -0.537217 1.357378
v -1.041892 0.969394 -0.716064
v -1.124045 -0.563959 1.286127
v -2.099683 -0.563325 0.119368
v -2.090011 -0.506676 0.180435
v -2.074181 -0.509517 0.243426
v -2.009211 -0.536475 0.323067
v -1.956805 -0.546242 0.406019
v -1.772972 -0.556805 0.591327
v -1.114593 -0.418304 1.244282
v -0.993581 -0.532929 1.431981
v -0.807730 -0.511928 1.599273
v -0.485919 1.234331 1.405438
v -1.946690 1.993166 -0.267232
v -1.851841 -0.543003 0.497805
v -1.871675 -0.451991 0.847304
v -2.514892 1.220255 0.822449
v -1.064236 -0.483849 1.328897
v -0.969221 -0.462798 1.452774
v -0.874389 -0.481676 1.539374
v -2.039122 -0.428314 0.200693
v -2.350582 1.243513 1.009372
v -0.727397 0.638428 1.450685
v -1.064246 -0.408406 1.289652
v -0.724527 -0.415538 1.599457
v -2.028320 -0.434068 0.095477
v -1.953897 -0.431321 0.307228
v -2.561368 1.371056 0.660611
v -0.657534 0.673498 1.606042
v -1.766273 -0.387621 1.280356
v -0.875739 -0.375081 1.493428
v -2.211085 1.415701 1.082129
v -1.811962 -0.433935 0.439403
v -1.770752 -0.358739 0.372658
v 0.836450 0.997813 -0.681055
v -2.268551 0.775942 1.073930
v -1.750640 -0.312864 1.202662
v -0.688662 0.762823 1.602632
v -0.972818 -0.353588 1.362690
v -0.834490 -0.287038 1.432408
v -0.392790 1.307394 1.335008
v -1.958396 -0.365201 0.227875
v -1.674792 -0.297171 0.331878
v -1.493660 3.227268 0.052466
v -1.594426 -0.238990 1.155533
v -2.304677 1.869706 1.518686
v -0.756074 0.949238 1.437292
v -2.205309 3.102612 -0.313159
v -1.023741 -0.295352 1.222227
v -0.702379 1.029830 1.465570
v -2.340713 1.810615 1.462874
v -1.514611 -0.263170 0.445753
v -0.900509 -0.176652 1.180246
v -0.883835 -0.282600 1.357596
v -0.548847 1.129481 1.547656
v -2.103553 1.056187 1.244843
v -1.548528 -0.209761 0.366056
v -2.411319 1.965462 1.480951
v -1.431835 -0.198357 1.111113
v -0.909164 -0.230321 1.275719
v -0.632891 1.144971 1.420766
v -2.529616 1.061156 0.804332
v -1.670596 -0.228972 0.218295
v -2.548313 0.976856 0.746396
v -2.706335 2.056049 1.223596
v -0.415086 1.220142 1.504181
v -0.770803 -0.175444 1.300222
v -2.516765 2.588517 1.195494
v -2.192123 1.011700 1.187430
v -2.622127 2.728659 0.830849
v -1.537853 -0.132734 0.351910
v -1.444264 -0.086639 0.487663
v -2.518784 2.710764 1.044811
v -2.037320 0.891799 1.265271
v -1.451182 -0.135566 1.021122
v -2.438172 2.797725 1.012227
v -0.814447 -0.122571 1.129120
v -2.602114 1.892975 1.396803
v -2.270006 3.519884 -1.244360
v -2.441746 1.133317 0.926953
v -1.621228 -0.086388 0.221155
v -2.307271 2.754662 1.183892
v -1.976285 0.944010 1.305810
v -1.262539 1.096013 -0.671196
v -2.537355 2.277536 1.403491
v -2.718831 1.934701 1.248889
v -1.465821 -0.108669 0.433674
v -1.432105 -0.003270 1.008728
v -2.632342 2.180952 1.290690
v -0.780829 -0.053975 1.103606
v -0.715215 0.010170 1.175467
v -2.450268 1.977408 -0.111904
v -2.382866 2.213157 1.563530
v -1.482959 -0.014162 0.477010
v -2.297133 3.541966 -1.398227
v -1.526497 0.020786 0.629652
v -1.528557 0.096107 0.786358
v -1.503121 -0.001417 0.800174
v -1.370637 0.167829 1.101175
v -2.445396 0.744580 0.810422
v -0.489402 0.034193 1.492891
v -2.341297 1.027078 1.037792
v -2.453570 0.899625 0.876698
v -1.602302 0.092101 0.690569
v -2.406033 2.663625 1.218002
v -0.664830 0.477568 1.430433
v -0.699797 0.186509 1.219265
v -2.673166 1.994124 1.323455
v -1.321491 3.355409 0.022123
v -2.574081 2.614932 1.071230
v -2.548921 2.453191 1.269496
v -0.410679 0.134183 1.570963
v -2.453310 2.077824 1.513215
v -1.822803 1.691751 -0.408163
v -2.370217 0.850439 0.993192
v -2.596108 1.796854 1.361785
v -0.547254 0.177498 1.446364
v -0.317791 0.158544 1.632722
v -2.053938 0.764038 1.218297
v -2.455678 2.308933 1.473406
v -1.636013 -0.239840 1.098211
v 0.359132 1.585410 -0.584184
v -1.617050 -0.612987 1.391283
v -2.219300 3.217897 -0.540633
v -2.453168 1.396701 0.841150
v -2.586766 2.117313 1.384239
v -2.313004 1.495459 0.961521
v -2.585389 1.144065 0.712320
v -2.612512 2.464912 1.129763
v -0.518843 1.073210 1.614620
v -1.687171 1.037285 -0.628461
v -0.750592 0.319927 1.190164
v -0.581691 3.702792 -0.651976
v -0.173922 1.586727 -0.665570
v -0.658852 0.889361 1.611493
v -1.753710 2.979886 0.130031
v -2.530877 1.960036 1.452373
v -2.161733 2.805817 -0.978302
v -0.556620 0.696669 1.680416
v -2.454327 2.487853 1.346815
v -0.627221 -0.621519 1.585965
v -2.523811 2.130177 1.456919
v -1.911060 1.522439 -0.429530
v -0.583635 0.535327 1.585730
v -2.231919 3.030379 -0.271064
v -2.255682 0.877340 1.122623
v -2.463727 2.195997 1.514511
v -2.375845 0.739591 0.937675
v -2.390322 1.359661 0.928190
v -2.526784 1.341547 0.762413
v -2.367551 2.480565 1.420772
v -2.306453 1.154421 1.063065
v -2.142407 1.171871 1.206319
v -1.519476 0.956116 -0.656589
v -2.232422 0.634825 1.012449
v -0.592936 1.506904 -0.669810
v -2.590031 2.808505 0.781325
v -0.661568 0.346695 1.355351
v -0.539745 0.336573 1.546960
v -2.446535 1.925281 1.475325
v -0.378881 3.546457 -0.779181
v -0.761080 0.832743 1.462370
v -1.197210 0.963396 -0.663791
v -0.890019 1.387873 -0.670569
v -0.775908 1.441704 -0.684928
v -2.152914 1.914492 -0.236554
v -1.322927 1.461404 -0.613727
v -0.761582 0.507577 1.279241
v -1.305189 -0.648412 -0.640896
v -1.288993 -0.519996 -0.632935
v -1.333081 -0.586498 -0.533361
v -2.590196 1.718052 0.174683
v 1.613185 0.496411 0.271942
v -2.050760 -0.566997 -0.027957
v -1.766897 -0.531852 0.674066
v -2.270104 3.417860 -1.293537
v -1.252998 3.396145 -0.219079
v -2.266818 3.624856 -1.506633
v -1.155459 -0.523926 -0.820949
v -1.265678 -0.606563 -0.727566
v -1.938249 -0.477597 -0.150542
v -2.016466 -0.446285 0.005787
v -2.208423 3.088613 -0.807254
v -1.831813 -0.502081 0.755447
v -2.108293 2.865503 -1.246329
v -1.170747 -0.444648 -0.721830
v -1.348920 -0.523735 -0.420508
v -2.625993 2.164993 0.136373
v -2.248822 2.920306 -0.068912
v -2.042852 3.374283 -1.535209
v -1.882981 -0.438771 0.948507
v -1.203644 2.032382 -0.286807
v -1.381293 2.057402 -0.252229
v -1.203717 -0.390187 -0.645261
v -1.958657 -0.369486 0.047225
v -2.140801 2.948519 -0.898315
v -1.599785 -0.402420 0.574065
v -1.741235 -0.447921 0.688598
v -1.903856 -0.462373 1.059464
v -2.341194 2.821388 0.018155
v -1.260141 -0.432034 -0.539819
v -1.294797 -0.416904 -0.425809
v -2.432485 1.389127 -0.098800
v -1.903386 -0.321679 0.136726
v -2.202034 2.869857 -0.431811
v -1.573405 -0.312381 0.708378
v -1.813125 -0.378846 0.854799
v -1.824180 -0.335024 1.038687
v -1.845346 -0.384786 1.139220
v -1.746860 -0.348018 -0.123949
v -1.836464 -0.324015 0.014528
v -1.806685 -0.294305 0.215710
v -2.669312 2.775211 0.645211
v -1.652026 -0.310610 0.805958
v -1.657497 -0.271519 0.896699
v -1.124799 3.525250 -0.227258
v -2.628435 2.462069 1.024254
v -2.717245 2.215089 0.755507
v -2.707628 2.138110 0.892550
v -0.957922 -0.459755 -0.889807
v -2.645188 1.806745 0.170265
v -1.694679 -0.258567 0.006374
v -2.090909 2.694725 -0.647035
v -1.510897 -0.327033 0.530589
v -1.721633 -0.272167 1.025173
v -1.664821 3.072774 0.124864
v -2.367976 1.587496 -0.060570
v -1.496322 -0.307505 0.582639
v -1.494104 -0.233445 0.649411
v -2.268714 3.006897 -0.497975
v -1.061696 -0.260043 -0.514418
v -2.305485 2.913597 0.119627
v -1.668265 -0.177740 0.138325
v -1.517965 -0.177468 0.871402
v -1.529164 -0.215436 1.019028
v -2.144280 3.371074 -1.343754
v -1.571824 -0.255411 -0.177561
v -1.508584 -0.157946 0.734571
v -2.313100 3.330464 -1.065187
v 0.343145 2.014579 -0.294873
v -0.920673 1.578483 -0.568242
v -0.873204 -0.202289 -0.582208
v 1.440718 0.403927 0.090430
v 1.066562 1.599356 -0.209684
v -1.590617 -0.107480 -0.118384
v -1.646139 -0.200839 -0.045957
v -1.447917 -0.217538 0.514943
v -1.457057 -0.192808 0.575224
v -1.495825 -0.090766 0.861167
v -1.969737 3.269582 -1.663992
v -0.847345 -0.127324 -0.530284
v -0.212464 1.651994 -0.616297
v -1.651283 -0.057775 0.070187
v -0.921654 3.637456 -0.348824
v -0.809490 -0.152548 -0.665273
v -0.880696 -0.136767 -0.416604
v -1.609421 0.019009 -0.100531
v -1.466684 -0.076098 0.592594
v -2.605464 2.860327 0.602597
v -2.253794 3.523096 -1.436029
v -2.296535 3.235685 -0.954776
v -0.765580 -0.069859 -0.754422
v -1.573112 -0.029783 0.309805
v -2.550444 2.227173 0.027348
v -2.639482 2.292918 0.177662
v -2.706181 2.268114 0.462919
v -1.398402 3.251236 -0.151775
v -1.561197 0.108274 -0.227977
v -1.662225 0.039999 0.261779
v -2.543044 2.464700 0.136728
v -2.728888 2.237185 0.597579
v -2.677663 2.303063 0.740659
v 0.715248 1.840653 -0.300459
v -0.828616 0.052621 -0.639340
v -0.877888 -0.034249 -0.431635
v -1.709267 0.086532 0.078422
v -2.646453 2.382292 0.424475
v -1.786285 3.434956 -1.850375
v -1.921308 3.276840 -1.759322
v -0.675400 3.711253 -0.561809
v -0.423155 3.799148 -0.781116
v -0.863484 0.019435 -0.535051
v 0.374726 1.194907 -0.776969
v -1.663951 0.095398 -0.032358
v -2.613596 2.404643 0.778583
v 0.191941 1.427064 -0.645453
v -2.650513 2.285240 0.932480
v -2.663066 2.466063 0.616877
v -2.766333 2.094119 0.666044
v -2.649310 2.245443 1.144164
v -1.291681 1.975028 -0.347083
v 0.401238 1.256806 -0.690727
v -1.116040 1.285033 -0.657382
v -1.904488 3.066691 -1.668008
v -2.261488 3.187648 -0.622637
v -1.396603 3.316257 -0.075768
v -2.246889 2.914912 -0.272357
v -1.971720 3.029941 -1.619463
v 1.647990 0.266407 -0.015334
v -0.810847 0.142017 -0.747547
v -0.871210 0.261259 -0.682532
v 0.788289 1.389339 -0.549415
v -1.603412 3.124558 0.041290
v -1.938488 3.121756 -1.705280
v -2.285212 3.131458 -0.719991
v -0.488823 1.900081 -0.333320
v 0.712187 1.596396 -0.452433
v -1.990682 3.103568 -1.626264
v -0.702571 0.115750 -0.925941
v -0.735412 0.262014 -0.949946
v -0.791974 0.175482 -0.838155
v -0.917375 0.147432 -0.463590
v -2.065371 1.792985 -0.238691
v -2.032618 3.091064 -1.482547
v -0.848948 0.340335 -0.829648
v -0.928523 0.300449 -0.551566
v 0.466802 1.386110 -0.647379
v 1.393054 0.402259 0.028429
v -0.005199 1.674258 -0.589760
v -2.100057 0.320892 -0.021677
v -2.300191 3.503666 -1.281614
v -2.435561 2.831133 0.126385
v -2.562374 2.321956 0.071924
v 0.851238 0.846360 -0.694551
v -2.186247 0.422074 -0.068563
v -1.576493 1.056382 -0.662961
v -2.136478 2.878893 -1.071106
v -2.175731 3.475115 -1.426530
v -0.799623 0.357999 -0.918305
v 0.581985 1.383305 -0.644631
v -2.376925 0.500249 0.213061
v -2.188671 2.931832 -0.569234
v -2.685897 2.268372 0.319145
v 0.036063 1.164447 -0.961690
v -2.267767 0.529467 -0.159791
v -2.334966 0.492145 0.091261
v -2.388026 0.513612 0.334851
v -2.149581 2.745290 -0.607089
v -2.678497 2.764070 0.488102
v -2.664706 2.697178 0.444271
v -1.995519 3.563396 -1.715637
v -0.756821 1.533729 -0.638390
v 0.704105 1.991641 -0.087950
v -2.311038 0.521223 -0.025356
v -2.401107 0.589304 0.052846
v -2.451300 0.612649 0.268758
v -2.645374 2.793826 0.391053
v 0.086243 1.810501 -0.520113
v -2.176529 2.858706 -0.859440
v -0.811826 0.497232 -1.000634
v -0.874723 0.529180 -0.910196
v -0.917401 0.468162 -0.745997
v -2.356482 0.607728 -0.089638
v -2.623933 2.627268 0.374655
v -2.260855 2.706421 -0.130629
v -2.126087 3.059982 -1.023283
v 0.274837 1.749962 -0.550369
v -0.974281 0.593394 -0.671194
v -2.455925 0.733179 0.068854
v -2.451417 0.626702 0.140020
v -2.525341 0.737416 0.316063
v -2.521047 0.707427 0.433223
v -2.385485 0.648013 0.801818
v 0.860783 1.690076 -0.315286
v -2.220445 3.008414 -0.642614
v -2.639566 2.834497 0.472582
v -2.073897 3.210031 -1.360816
v -0.935531 0.615689 -0.831251
v -2.137095 0.709009 -0.412498
v -2.317781 0.710958 -0.210376
v -2.520237 0.788865 0.586280
v -2.469264 0.731392 0.665414
v -2.079746 3.027621 -1.265493
v -2.145656 3.145740 -1.058653
v 0.562776 1.606863 -0.510601
v -0.868565 0.620119 -0.984495
v -1.809979 3.572941 -1.844580
v -0.466838 1.756889 -0.516151
v -2.409824 0.735783 -0.072117
v -2.296570 2.524532 -0.138093
v -0.807135 0.686922 -1.051494
v -0.875973 0.721887 -0.965470
v -0.936963 0.698144 -0.814382
v -1.280124 1.846955 -0.441776
v -2.330914 0.836293 -0.262826
v -2.490467 0.824029 -0.002329
v -2.542494 0.839839 0.372571
v -2.539442 0.789444 0.455230
v -2.492390 0.864791 0.770383
v -2.248475 0.797572 -0.343519
v -2.422494 0.812420 -0.131061
v -2.524615 0.786658 0.190917
v -2.674027 2.552802 0.470217
v -2.178366 2.629039 -0.214514
v -2.442657 2.327483 -0.050620
v -2.213343 2.849836 -0.596436
v -2.186926 2.891398 -0.581923
v -1.508635 1.957387 -0.323942
v -0.861224 0.872320 -0.915200
v -0.916919 0.767773 -0.873006
v -2.532847 0.917708 0.027500
v -0.314257 1.499816 -0.670806
v -2.596779 2.691254 0.296340
v -2.507495 2.723247 0.197943
v -2.564539 2.827945 0.304574
v -1.742608 -0.623993 1.347227
v -2.587728 0.915567 0.243088
v -2.603579 0.942458 0.426796
v -2.579234 0.908287 0.464000
v -2.548935 0.902835 0.672629
v -2.177502 2.727838 -0.425171
v -0.980440 0.830570 -0.729068
v -2.488149 1.008370 -0.090204
v -2.581946 0.941741 0.145470
v -2.683916 2.672447 0.668317
v -2.770615 1.964669 0.537130
v -0.814138 0.871297 -1.010003
v -0.855936 0.968271 -0.826520
v -2.272319 0.944839 -0.350844
v -2.361050 0.955618 -0.234009
v -2.437378 0.993794 -0.169509
v -2.621164 0.995664 0.349366
v -2.630154 2.500871 0.413243
v -2.253249 2.854861 -0.167469
v -1.472845 3.221731 -0.079922
v -2.532491 2.139725 -0.044592
v -2.027370 2.956722 -1.505660
v -2.557158 1.072794 0.126177
v -2.611790 1.080807 0.317096
v -2.627572 1.057490 0.534368
v -2.421176 2.568550 0.037587
v -2.117753 2.619934 -0.329613
v -2.269519 3.292791 -1.103320
v -0.391544 1.125397 -1.029519
v -2.070921 2.952559 -1.373356
v -2.709160 2.066660 0.274769
v -2.220603 1.040611 -0.409295
v -2.427487 1.108245 -0.185569
v -0.251537 1.147264 -1.013546
v -0.819136 1.752363 -0.475339
v -1.055750 1.787767 -0.455191
v -0.312100 1.395295 -0.714674
v 0.260327 0.953829 -0.988374
v -0.131562 1.095780 -1.044529
v 0.534802 1.908461 -0.342469
v 0.933880 1.383745 -0.473051
v 1.323218 0.213913 -0.076216
v 0.922491 1.247790 -0.524920
v -0.538831 1.392987 -0.701788
v 1.073248 0.818818 -0.558914
v -0.499773 3.916381 -0.607461
v 0.253262 1.846548 -0.488482
v 1.749954 0.342591 0.079575
v -0.100027 1.696314 -0.588399
v 1.433881 0.248358 -0.036498
v -0.241928 1.256383 -0.831941
v -1.752958 1.836187 -0.340637
v 0.448816 1.875669 -0.419381
v 0.517868 1.158831 -0.733114
v -0.865991 -0.268235 -0.748620
v -0.472188 3.881197 -0.691478
v -0.330249 1.610350 -0.604835
v -2.075399 -0.532249 0.023165
v 0.597942 1.497806 -0.531878
v -0.947907 1.861622 -0.357824
v -1.436407 1.845993 -0.432074
v -0.139837 1.833656 -0.460778
v -0.402746 3.888774 -0.743876
v -0.857319 -0.549353 -0.903715
v -0.335810 3.828650 -0.825584
v -1.374986 1.658312 -0.524464
v -0.332172 1.032775 -1.099778
v -1.832722 2.937125 0.089191
v -1.593395 1.624974 -0.530182
v -0.272105 3.770191 -0.841274
v -0.736269 -0.649632 -0.873413
v -0.138392 1.376156 -0.705580
v -1.649094 3.032008 0.018073
v 0.633094 1.065612 -0.746707
v 0.464990 2.038461 -0.205084
v -0.591117 1.261822 -0.729206
v -0.453467 1.251217 -0.747730
v -1.700146 2.850689 -0.019740
v 0.167721 2.138959 -0.134017
v -0.195312 1.307130 -0.730532
v -0.304362 3.747024 -0.871835
v -1.772622 2.901057 0.029995
v -0.826321 1.823655 -0.410266
v 0.976701 1.675856 -0.245582
v -0.890625 -0.637160 -0.919770
v -0.349936 3.683906 -0.843792
v 0.409423 1.774185 -0.491570
v -1.799009 2.817912 -0.048891
v 1.161318 1.339365 -0.295458
v 1.516178 0.463439 0.180015
v 0.046823 1.904592 -0.408317
v 0.563213 1.012912 -0.813816
v 0.270295 1.241396 -0.744009
v -1.236007 -0.302599 -0.353152
v -0.189890 1.721574 -0.547194
v -0.309835 1.776525 -0.494608
v 1.465832 0.540117 0.304185
v 0.820373 1.589011 -0.407390
v -1.212987 1.727238 -0.485641
v 1.793137 0.234247 0.078833
v -1.730518 -0.594433 -0.284847
v -0.035437 1.598124 -0.645716
v 0.871420 0.149865 -0.668762
v 0.273888 1.366842 -0.636930
v -1.085973 2.049151 -0.219772
v 0.839044 1.782399 -0.246582
v -1.778141 -0.673500 -0.279650
v -1.723202 2.732680 -0.056656
v 0.375996 1.335804 -0.663285
v 1.053238 1.391508 -0.383616
v 0.436333 1.452107 -0.597479
v 0.753437 1.129455 -0.666320
v 1.007461 1.084035 -0.546128
v 0.248967 1.306805 -0.668907
v -1.166719 -0.306853 -0.538277
v 1.123019 1.255159 -0.360269
v 0.343205 1.946064 -0.388133
v 1.672853 0.470314 0.204030
v 0.829408 1.873709 -0.150992
v -1.083710 -0.416508 -0.806820
v -0.785575 1.644552 -0.540058
v -1.746810 2.611224 -0.113719
v 0.631304 1.429929 -0.579994
v 0.287138 1.059958 -0.949294
v -0.151485 1.981529 -0.340932
v -0.510627 1.206358 -0.827397
v -0.447804 1.510270 -0.660090
v 0.040606 1.345456 -0.685733
v -0.209740 2.067903 -0.233736
v -1.983288 3.711328 -1.764481
v -0.647208 1.763639 -0.467322
v -1.734139 -0.405239 -0.199407
v 1.654520 0.079865 -0.086561
v -1.047157 -0.577285 -0.891425
v -1.625656 2.551257 -0.084082
v 1.161674 1.421347 -0.238864
v -1.015754 1.921505 -0.319214
v -0.219911 0.872205 -1.143376
v -1.743022 1.921911 -0.281373
v -1.134486 1.956328 -0.347109
v 0.910464 1.563881 -0.378702
v 0.004597 1.787667 -0.515083
v 1.220242 1.014094 -0.376490
v 0.008720 1.076819 -1.029314
v 1.560822 0.157856 -0.103950
v 1.736567 0.196799 0.020711
v 0.674643 1.764105 -0.393113
v -0.394177 1.848916 -0.433966
v -2.064988 0.454798 1.016853
v 0.741019 0.907675 -0.747765
v 1.121563 0.932660 -0.513271
v 0.612825 1.953146 -0.230413
v -0.701979 -0.447876 -0.876145
v -0.185458 1.212817 -0.924293
v -1.643522 -0.674288 -0.334989
v -0.976861 -0.348158 -0.813687
v -1.146753 1.857753 -0.410222
v 0.552408 1.730197 -0.464907
v 1.339856 0.133417 -0.103751
v -1.459818 -0.612430 -0.371424
v 0.281138 1.144781 -0.890497
v -0.530403 1.097014 -1.039106
v -0.301693 1.975262 -0.291363
v 1.524976 0.363228 0.050859
v -0.031811 1.261569 -0.822095
v -1.535166 2.411362 -0.049741
v -1.357904 2.226100 0.050727
v 0.194753 1.922705 -0.417942
v -0.010753 1.996654 -0.311474
v -0.684202 1.185234 -0.754863
v -1.208109 -0.601749 -0.817608
v -1.570850 2.330970 -0.119761
v -1.455384 2.310491 -0.032617
v 0.138919 1.217773 -0.852212
v -0.173692 2.155856 -0.058291
v 0.256133 2.210248 0.027864
v 1.103084 1.077718 -0.469638
v -1.972833 3.736160 -1.745731
v -0.950664 1.654963 -0.542353
v 0.194689 2.037682 -0.282874
v -0.640307 1.111276 -0.960955
v -1.408664 2.203688 -0.039688
v 0.037349 2.156369 -0.097470
v 0.135679 1.005222 -1.008853
v 0.284458 1.668531 -0.586628
v 0.924532 1.044214 -0.611106
v -1.546907 2.040729 -0.220411
v -1.371511 1.928823 -0.384390
v -0.527689 1.942253 -0.286463
v -1.890623 3.709238 -1.792758
v -1.490327 -0.561896 -0.352903
v -1.502930 2.188443 -0.123561
v -1.299236 2.176942 0.047457
v -0.030616 2.185329 -0.032064
v 0.277187 2.126081 -0.156221
v 0.410877 2.125540 -0.095553
v 1.652490 0.400759 0.093874
v -1.829837 3.652779 -1.811807
v 0.906942 0.241232 -0.620941
v 1.092803 1.460394 -0.306748
v 0.990054 1.546568 -0.331753
v -1.408734 1.753649 -0.479001
v -0.923854 1.999644 -0.177265
v -1.462988 2.124440 -0.144550
v -0.998252 2.073838 -0.094628
v 1.754455 0.408038 0.147575
v -0.426416 2.063147 -0.109499
v -0.448314 1.645432 -0.587592
v -1.561846 -0.497070 -0.316340
v -0.964917 -0.265086 -0.669045
v 0.471770 1.126920 -0.792831
v 0.087198 1.286542 -0.730670
v -1.332986 2.126679 -0.146530
v -1.191267 2.115773 -0.125226
v -0.569217 2.003587 -0.183570
v -0.303116 2.081264 -0.156024
v -0.070669 2.101720 -0.208486
v 0.103055 -0.647047 -0.697956
v -0.384588 -0.638379 -0.782157
v -0.581187 -0.646653 -0.838765
v 0.421074 -0.611649 -0.652073
v 0.175545 -0.606630 -0.716343
v -1.473389 1.208021 -0.662854
v -1.583602 1.252568 -0.642761
v -0.767113 3.403441 -0.545113
v 0.461594 -0.509184 -0.674890
v 0.192556 -0.530274 -0.725109
v -0.144637 -0.597170 -0.755314
v -0.337610 -0.559519 -0.791754
v -1.369385 -0.607007 -0.399036
v -1.306906 1.565641 -0.563900
v -1.442072 1.606771 -0.555135
v -1.912201 -0.596420 -0.216219
v -0.642877 3.356912 -0.564686
v -0.076956 -0.538369 -0.762386
v -0.687826 -0.567275 -0.874582
v 0.931031 -0.569760 -0.008242
v -0.177609 -0.445809 -0.777338
v -0.443316 -0.497892 -0.826961
v -1.893887 2.519855 -0.230546
v -1.351605 -0.469486 -0.356095
v -1.993321 -0.566175 -0.148672
v 1.180603 -0.484221 -0.025755
v 1.121294 -0.452795 -0.084225
v 0.216260 -0.444417 -0.721970
v 0.620618 1.318729 -0.663819
v -1.754526 1.534029 -0.511269
v -1.810432 -0.486124 -0.222121
v 0.824506 -0.505990 -0.120754
v 0.053949 -0.388658 -0.753733
v -0.182467 -0.387335 -0.784202
v -0.460076 -0.393384 -0.829956
v -0.731702 -0.350286 -0.846292
v 0.174991 1.592793 -0.606114
v -1.686173 1.180206 -0.618481
v -1.922873 -0.420269 -0.082616
v -1.768000 1.134685 -0.570470
v 1.001365 -0.411028 -0.140235
v -0.945429 -0.600228 1.472699
v 0.578381 -0.360438 -0.692016
v 0.379928 -0.365660 -0.747785
v 0.192327 -0.316305 -0.803670
v -0.186721 -0.336045 -0.853232
v -0.411655 -0.339191 -0.836334
v 0.930508 -0.349571 -0.185589
v 0.305857 -0.338915 -0.755362
v 0.031910 -0.329159 -0.819248
v 0.009698 -0.255930 -0.897868
v -0.885277 -0.348294 -0.842382
v -0.947792 3.016934 -0.330746
v -1.461738 -0.397218 -0.300560
v 1.167524 -0.269910 -0.183171
v 0.810067 -0.411169 -0.210510
v 0.797670 -0.239420 -0.590183
v 0.479719 -0.323131 -0.741195
v 0.462082 -0.231597 -0.796545
v 0.172724 -0.246667 -0.870779
v -0.203043 -0.278801 -0.896449
v -0.351815 -0.134555 -0.967304
v -0.575227 -0.290794 -0.838540
v 1.251604 -0.320749 -0.135822
v 1.069620 -0.228975 -0.191714
v -1.899766 1.288331 -0.504604
v 0.099402 -0.178996 -0.910723
v -0.184595 -0.195132 -0.932142
v -0.454733 -0.244191 -0.892258
v -0.720686 -0.259731 -0.784485
v -2.481612 1.632999 1.184651
v -1.478708 -0.242386 -0.237931
v -2.414397 2.139140 -0.140389
v 1.220708 -0.139606 -0.200731
v -2.208497 1.292707 -0.357828
v 0.669332 -0.150031 -0.746861
v 0.239106 -0.161207 -0.873581
v -0.705051 -0.146325 -0.806540
v -1.006082 -0.208510 -0.385951
v -1.223772 3.175548 -0.310125
v -1.907010 3.609207 -1.815142
v -0.963735 3.542333 -0.399377
v 1.370993 -0.185640 -0.179531
v -1.449475 2.973353 -0.155783
v 0.824723 -0.069615 -0.650730
v 0.365291 -0.212750 -0.832518
v -0.600498 -0.082146 -0.904068
v -0.925468 -0.140178 -0.326660
v -1.067617 -0.204463 -0.348784
v -1.161721 -0.211953 -0.338586
v -1.330757 -0.265781 -0.302579
v 1.394993 -0.091716 -0.189984
v 1.056966 -0.159887 -0.217148
v 0.531148 -0.155428 -0.791934
v 0.265823 -0.040201 -0.916834
v 0.125072 -0.025422 -0.940032
v 0.078583 -0.104468 -0.915415
v -0.048646 -0.134436 -0.943738
v -0.221939 -0.028530 -1.009619
v -0.518267 0.056237 -1.017591
v -1.771730 2.325351 -0.216747
v -1.238495 -0.020801 -0.342063
v -1.771618 3.359626 -1.775762
v 1.488039 -0.102198 -0.153901
v -1.061293 1.654726 -0.547299
v 0.659972 -0.058215 -0.813247
v 0.222722 0.060971 -0.927113
v -0.257310 -0.082419 -1.002100
v -0.989151 -0.120560 -0.310421
v -1.333339 -0.151376 -0.294899
v -1.977563 1.757575 -0.285322
v -2.070648 2.857820 -1.340378
v -0.115914 -0.646788 -0.726734
v 0.566062 -0.023836 -0.848537
v 0.382129 -0.049878 -0.893026
v 0.025317 0.094266 -1.000828
v -0.096180 -0.019838 -0.985207
v -1.490377 -0.116384 -0.222142
v -1.517993 0.110806 -0.268701
v -2.117160 1.242375 -0.433035
v 1.390736 -0.015966 -0.181088
v 1.214700 -0.042462 -0.185468
v 1.225956 0.043741 -0.157754
v -0.215248 0.094798 -1.033113
v -0.997079 -0.031959 -0.316352
v -1.089296 -0.055400 -0.327160
v -0.471028 -0.601820 1.566667
v 1.560992 0.052368 -0.138635
v 1.444817 0.087858 -0.143309
v 0.514107 0.104089 -0.859373
v 0.370169 0.037089 -0.899857
v -0.123262 0.117197 -1.040875
v -0.308749 0.091385 -1.058055
v -0.373210 0.203574 -1.105976
v -1.338710 0.104722 -0.364075
v -1.636365 2.053576 -0.215657
v -2.316327 1.926119 -0.170234
v -2.319246 2.077689 -0.183528
v 0.730998 0.064260 -0.780424
v 0.289609 0.172444 -0.934075
v 0.160103 0.123199 -0.974432
v -0.443559 0.147750 -1.077880
v -0.913960 0.025384 -0.363142
v -0.962449 0.153490 -0.391594
v -0.956112 0.020253 -0.331427
v -1.097910 0.058592 -0.345173
v -1.289454 0.191212 -0.401713
v -1.646082 2.329115 -0.168812
v -1.284819 3.033303 -0.260195
v -2.297489 0.399200 0.354322
v -0.651103 1.365340 -0.715092
v -0.782890 1.289165 -0.707404
v -1.441504 2.808789 -0.109259
v -0.930655 1.188251 -0.702794
v 0.646410 0.171437 -0.818774
v -1.105144 1.409690 -0.619242
v -1.407790 -0.002074 -0.306626
v -1.558993 2.659090 -0.033280
v -1.305119 1.264819 -0.651885
v -1.466531 1.331865 -0.648583
v 0.758173 0.193270 -0.751440
v 0.353036 0.204936 -0.934241
v 0.034814 0.246283 -1.034728
v -0.194994 0.229546 -1.075514
v -1.392747 0.253317 -0.390897
v -1.508957 1.493938 -0.578137
v -1.597163 1.374498 -0.596913
v -1.710463 1.280460 -0.576689
v -1.674605 1.439542 -0.555772
v -0.752606 3.509140 -0.556167
v 0.745758 0.321971 -0.788925
v 0.496370 0.247360 -0.895671
v 0.404938 0.336937 -0.927035
v -0.471383 0.297318 -1.129719
v -1.890995 2.345125 -0.242700
v -2.214082 2.582875 -0.174270
v -1.180073 0.158614 -0.384413
v -1.623639 0.167140 -0.172623
v -1.802986 0.194854 -0.135608
v -1.057977 3.244211 -0.408812
v -0.533770 3.262342 -0.528269
v 0.249441 0.271984 -0.976891
v -0.116954 0.394963 -1.078004
v -0.255361 0.349469 -1.095512
v -1.000773 0.314017 -0.463046
v -1.559037 0.248654 -0.279765
v -1.854772 0.276663 -0.208180
v -1.856829 2.141766 -0.256484
v -0.747423 -0.604985 1.600555
v 0.649357 0.319715 -0.850684
v 0.429053 0.407512 -0.946595
v 0.223593 0.356932 -0.981916
v -0.071455 0.308070 -1.046107
v -0.596543 0.323837 -1.096073
v -1.308497 2.949578 -0.218908
v -1.489406 0.315013 -0.363611
v -1.682358 0.303472 -0.301330
v -1.648970 2.603052 -0.067209
v -2.358736 2.245450 -0.133193
v -1.635532 2.164775 -0.186044
v 0.593540 0.413650 -0.882140
v 0.255739 0.433250 -1.005759
v 0.083547 0.422527 -1.033877
v -0.336281 0.388278 -1.137525
v -1.960926 1.876400 -0.261904
v -1.082788 0.234363 -0.414874
v 0.116380 1.700500 -0.593828
v -2.217726 0.354612 0.543539
v -0.239262 0.489638 -1.129841
v -0.478484 0.427907 -1.153316
v -0.630282 0.492847 -1.142179
v -0.722805 0.444818 -1.063546
v -1.995265 2.488306 -0.234140
v -0.997093 0.441523 -0.540356
v -1.185948 0.402714 -0.503223
v -1.524154 0.418461 -0.445949
v -1.948568 0.338663 -0.204283
v -0.246536 3.678242 -0.886166
v -2.197382 2.113523 -0.240725
v -2.559999 1.683988 1.261485
v 0.323307 0.538540 -1.001946
v -1.866688 3.123001 -1.711244
v -1.269823 0.510660 -0.536233
v -1.312080 0.392853 -0.477863
v -1.377925 0.485783 -0.483210
v -1.673881 0.395634 -0.432494
v -2.101350 0.455638 -0.224143
v 0.824986 0.532328 -0.748156
v 0.532390 0.522184 -0.892433
v 0.205440 0.522413 -1.036574
v -0.006788 0.527133 -1.076616
v -0.160707 0.553482 -1.116715
v -0.545962 0.622349 -1.171329
v -0.959688 0.472532 -0.624695
v -1.094003 0.494690 -0.525067
v -1.870979 0.502984 -0.460060
v -1.873622 0.415114 -0.367853
v -0.654832 3.158852 -0.435126
v 0.723931 0.490272 -0.807004
v 0.526769 0.607102 -0.888208
v 0.408019 0.555311 -0.941516
v -0.381149 0.638716 -1.154720
v -0.419767 0.538158 -1.165933
v -1.472311 0.501652 -0.487292
v -1.678888 0.530030 -0.525670
v -2.027454 0.479180 -0.328033
v -2.219085 1.823733 -0.196732
v -1.078832 1.534930 -0.599273
v 0.381684 0.706170 -0.960287
v -0.099502 0.657431 -1.124308
v -0.721662 0.595232 -1.103406
v -1.114033 3.025159 -0.317415
v -1.907499 0.585294 -0.502502
v -2.044530 0.579393 -0.415176
v -2.167943 0.553744 -0.280614
v -1.842069 3.465110 -1.842365
v 0.981344 0.581300 -0.623343
v 0.639948 0.680030 -0.832320
v -0.197179 0.689655 -1.137155
v -0.635206 0.606549 -1.151595
v -1.082737 0.601197 -0.559331
v -1.266136 0.639417 -0.570797
v -1.469967 0.580646 -0.545607
v -2.057056 2.207943 -0.262888
v 0.905228 0.673055 -0.672974
v 0.288846 0.692571 -1.011437
v 0.209305 0.650311 -1.032293
v -0.414953 0.744460 -1.175568
v -0.494265 0.809810 -1.170322
v -2.331383 2.391550 -0.124446
v -0.868608 3.299891 -0.487235
v -1.011696 0.626944 -0.581221
v -1.407544 0.682084 -0.587271
v -1.591178 0.652169 -0.592664
v 0.771978 0.716706 -0.763504
v 0.428421 0.813195 -0.923147
v 0.116447 0.850277 -1.045155
v 0.054541 0.677736 -1.073462
v 0.047985 0.797915 -1.091420
v -0.071507 0.793329 -1.124017
v -0.935272 1.482990 -0.619428
v -1.115411 0.755585 -0.617130
v -1.749865 0.702492 -0.581266
v -1.192357 1.428505 -0.624988
v -0.275323 0.790893 -1.154688
v -0.634647 0.760103 -1.149875
v -0.756198 0.726622 -1.098620
v -1.003308 0.715376 -0.669777
v -1.285129 0.769431 -0.614206
v -1.458639 0.778777 -0.640977
v -1.604881 0.767322 -0.640614
v -2.581890 1.650139 0.555484
v -2.100285 1.641869 1.360842
v -0.939996 3.405412 -0.463470
v -1.944373 0.174609 0.647305
v 0.982715 0.768563 -0.601214
v 0.547527 0.903905 -0.868560
v -2.034871 1.317861 -0.445435
v -1.854287 0.760632 -0.567266
v -1.976647 0.713582 -0.513846
v -1.311765 3.211720 -0.245341
v 0.412624 0.949817 -0.925803
v 0.280802 0.867594 -0.984881
v -0.042272 0.920030 -1.093830
v -0.748126 0.844878 -1.090852
v -1.035803 0.868979 -0.677286
v -1.102935 0.866475 -0.657528
v -1.669510 0.897244 -0.632950
v -1.816656 0.901330 -0.575079
v -2.081062 2.050147 -0.257833
v 0.504845 1.280721 -0.685288
v -0.574088 3.557049 -0.659313
v -0.383930 0.928159 -1.149512
v -0.637775 0.993535 -1.080817
v -1.487072 0.842156 -0.648029
v -2.023633 0.879187 -0.515953
v -2.066719 1.535947 -0.344899
v 0.965157 0.898013 -0.612244
v -1.606545 1.779801 -0.439380
v -0.182146 0.981596 -1.096566
v -2.375391 1.671020 -0.026490
v -0.502367 1.004635 -1.109751
v -0.572215 0.907124 -1.135472
v -0.713500 0.976181 -1.052468
v -1.408746 1.031446 -0.654515
v -1.015448 -0.647226 -0.925356
v -0.934134 -0.682310 -0.891656
v -0.718123 -0.685896 -0.789634
v -0.440728 -0.682157 -0.738763
v -0.099661 -0.675636 -0.678013
v 0.255328 -0.661716 -0.625648
v 0.479308 -0.644106 -0.558386
v -1.213182 -0.664833 -0.817819
v -0.936435 -0.683144 -0.801583
v 0.249238 -0.665532 -0.562927
v -1.267176 -0.680597 -0.657433
v -0.649346 -0.681577 -0.696533
v -0.285960 -0.673644 -0.631628
v -0.000421 -0.668888 -0.579932
v 0.112769 -0.656717 -0.498236
v -0.758684 -0.673204 -0.640612
v -0.340335 -0.659659 -0.570712
v 0.348460 -0.664290 -0.462722
v -0.388648 -0.614161 -0.539771
v -0.009625 -0.613413 -0.477892
v 0.128431 -0.598160 -0.443519
v -0.995176 -0.675450 -0.615249
v -0.721466 -0.612948 -0.582155
v 0.309020 -0.621150 -0.379461
v 0.375007 -0.648228 -0.337886
v 0.482459 -0.656004 -0.434872
v -1.048318 -0.620096 -0.450234
v -0.013361 -0.538243 -0.424771
v -1.123659 -0.681960 -0.708374
v -1.171947 -0.670326 -0.359926
v -0.886897 -0.622737 -0.576125
v -0.541792 -0.548573 -0.516624
v -0.272600 -0.541798 -0.469391
v 0.194366 -0.559351 -0.388730
v 0.536912 -0.658020 -0.089000
v -1.375362 -0.666417 -0.462548
v -1.364851 -0.681825 -0.384138
v -0.941422 -0.563195 -0.484746
v -0.774746 -0.538376 -0.516313
v -0.194398 -0.519638 -0.390024
v 0.254455 -0.545551 -0.304946
v 0.283239 -0.650731 -0.090350
v 0.419784 -0.660444 -0.178714
v 0.673242 -0.623479 -0.113421
v -0.517866 -0.527629 -0.426079
v 0.026627 -0.515204 -0.311441
v 0.175245 -0.519772 -0.242482
v 0.286422 -0.588504 -0.202843
v 0.659841 -0.645187 -0.056955
v -1.290954 -0.682492 -0.375825
v -0.861848 -0.531312 -0.421523
v -1.484197 -0.678633 -0.362475
v -0.651908 -0.532934 -0.332798
v 0.180002 -0.544250 -0.113890
v 0.347254 -0.663528 0.051486
v 0.933394 -0.616507 0.106893
v -1.618158 -0.684609 -0.273739
v -0.524908 -0.535350 -0.136304
v 0.551702 -0.658663 0.068846
v 0.700540 -0.651785 0.169332
v -1.129311 -0.605286 -0.220193
v -0.366754 -0.531065 -0.129091
v 0.130585 -0.630060 0.069738
v 0.481227 -0.619392 0.116637
v 0.520482 -0.603315 0.109886
v 0.773392 -0.650385 0.119656
v 1.031873 -0.616026 0.210739
v -1.850679 -0.677198 -0.240197
v -1.867209 -0.683631 -0.153760
v -1.081200 -0.534948 -0.219239
v -0.222129 -0.523876 -0.224546
v 0.179831 -0.664500 0.149264
v 0.343676 -0.609594 0.135825
v 0.956568 -0.641103 0.295048
v -1.521104 -0.685569 -0.054353
v -1.177332 -0.674844 -0.056402
v -0.032517 -0.522121 -0.083382
v 0.247380 -0.636483 0.196478
v 0.687735 -0.612393 0.263547
v 1.128978 -0.594707 0.294466
v -1.951552 -0.675303 -0.185065
v 0.036456 -0.567781 0.143164
v 0.155275 -0.666747 0.352867
v 0.208314 -0.670593 0.274998
v 0.814722 -0.654099 0.330377
v 0.908256 -0.639115 0.480501
v -1.950191 0.263872 0.818786
v -1.330607 -0.682350 -0.026830
v -0.934104 -0.544644 -0.015756
v -0.901428 -0.540804 -0.012633
v -0.589983 -0.542526 0.135302
v 0.778720 -0.646005 0.532175
v 1.342371 -0.491194 0.267965
v -1.697325 -0.686640 -0.006500
v -1.058634 -0.681516 0.137174
v -0.251922 -0.535849 0.186878
v 0.019107 -0.530966 0.071899
v 0.051544 -0.626632 0.247822
v 0.018531 -0.604714 0.388337
v 0.728385 -0.593007 0.419391
v -2.068057 -0.660134 -0.023512
v -2.011188 -0.678978 -0.005928
v -1.883971 -0.685331 0.084667
v -1.350992 -0.685451 0.106939
v -0.050064 -0.545323 0.391404
v 1.065073 -0.597086 0.488009
v 1.178286 -0.565209 0.444475
v -1.309480 -0.679397 0.192901
v -1.098380 -0.672387 0.256520
v -0.224395 -0.539927 0.467120
v 0.705792 -0.616293 0.545082
v 1.407092 -0.453577 0.480248
v -2.113423 -0.602829 0.046598
v -2.084146 -0.656917 0.126079
v -0.772929 -0.548619 0.238128
v -0.435895 -0.541912 0.306474
v 0.303928 -0.645219 0.544038
v 0.768482 -0.613788 0.760131
v 1.298638 -0.472954 0.622558
v -1.479728 -0.681135 0.240988
v -1.352331 -0.624021 0.242412
v 0.018487 -0.580508 0.509461
v 0.088312 -0.646405 0.469041
v 0.147461 -0.651419 0.565493
v 0.459174 -0.659121 0.642711
v 0.490479 -0.657741 0.647796
v 0.585501 -0.651117 0.661227
v 0.956852 -0.603042 0.596166
v -1.115862 -0.600720 0.323697
v -0.848415 -0.670644 0.441192
v 0.663235 -0.635325 0.840563
v 0.810468 -0.547369 0.882887
v 1.068322 -0.541389 0.687860
v 1.531269 -0.353297 0.619784
v -1.685981 0.307713 1.051508
v -1.959127 -0.675113 0.261799
v -0.979972 -0.675645 0.373157
v -0.833298 -0.661896 0.490593
v 0.111869 -0.601180 0.635388
v 1.414908 -0.351743 0.765495
v -2.005497 1.616146 1.170139
v -1.669619 -0.681826 0.421209
v -1.535517 -0.682947 0.419610
v -1.010550 -0.613758 0.465087
v -0.805047 -0.628605 0.520500
v -0.736617 -0.558228 0.471159
v 0.027875 -0.546071 0.612810
v 1.112229 -0.461288 0.809112
v -2.029766 -0.656143 0.293953
v -1.559772 -0.691209 0.475440
v 0.195248 -0.576971 0.742659
v 0.260614 -0.634364 0.729478
v 0.312297 -0.648045 0.721719
v 1.227291 -0.459517 0.749297
v -0.018528 -0.528694 0.753938
v 0.157465 -0.529253 0.776963
v 0.330847 -0.583778 0.854466
v 0.456707 -0.645433 0.948929
v 0.729546 -0.578907 0.993031
v 0.929250 -0.515706 0.817044
v -2.572406 1.663917 1.114329
v -0.475317 -0.544390 0.607297
v 0.363420 -0.579076 0.924675
v 1.329694 -0.327433 0.871228
v -2.469442 1.725897 1.395404
v -2.153074 1.578182 1.176517
v -1.476502 0.236669 1.027741
v -1.792524 -0.669971 0.507017
v -1.039155 -0.631380 0.690960
v -0.387108 -0.531201 0.881350
v -2.366038 1.599661 1.137307
v -2.633881 1.725653 0.985359
v -2.028867 0.371345 0.933836
v -2.292696 1.606143 1.275538
v -2.213926 1.547964 1.113863
v -1.611421 -0.666665 0.800231
v -1.087590 -0.627636 0.731418
v -0.997702 -0.665113 0.682346
v -0.713144 -0.554556 0.599444
v 0.267991 -0.520378 0.886455
v 0.524267 -0.644933 1.109547
v 0.634645 -0.621287 1.099268
v -1.849151 0.290929 0.954842
v 1.248942 -0.342321 0.899771
v -2.348032 0.460566 0.479859
v -1.564765 0.329175 1.108068
v -2.132508 2.763644 -0.862454
v -1.709202 0.522040 1.235912
v -1.724824 0.140701 -0.071261
v -1.822956 -0.652604 0.705169
v -1.196067 -0.680457 0.808200
v 0.330222 -0.561324 1.017024
v 0.316661 -0.643866 1.087953
v -2.633319 1.758925 1.283149
v -1.905565 0.542405 1.175042
v -1.878528 0.161190 0.006766
v 0.218288 -0.505293 0.998136
v 0.668307 -0.579511 1.179816
v -1.949394 0.208280 -0.052482
v -1.873595 0.129038 0.127030
v -1.655791 0.019508 0.147527
v -2.170086 0.482605 0.942901
v -1.799772 -0.660211 0.956498
v -1.345327 -0.657182 0.915394
v -0.563631 -0.538478 0.836053
v 0.553978 -0.621453 1.238431
v -2.011817 1.670998 1.359602
v -2.093549 2.767889 -1.039185
v -2.025365 0.201736 0.107275
v -2.485119 0.661257 0.493860
v -2.674866 1.786162 0.741166
v -2.604035 1.717244 0.716209
v -2.078287 1.707103 1.483336
v -1.585511 0.417964 1.164846
v -2.255469 1.524260 1.042149
v -1.776456 0.079717 0.242750
v -1.915772 -0.639754 0.882496
v -1.675885 -0.657919 1.087973
v -1.494634 -0.656398 1.039055
v -0.984240 -0.648864 1.037346
v -0.868743 -0.544749 0.971703
v -0.088042 -0.509559 1.101066
v 0.427523 -0.635182 1.278617
v -2.186149 1.747153 1.523294
v -2.353275 1.716883 1.399303
v -2.162429 0.397075 0.817932
v -2.309281 0.599673 0.877443
v -1.898115 -0.647137 1.012330
v -0.948894 -0.660183 1.107423
v 0.208753 -0.646062 1.303863
v 0.401221 -0.604116 1.339568
v -1.756280 0.444130 1.159613
v -2.608586 1.744754 0.853381
v -1.995508 0.142208 0.316733
v -2.420531 1.804186 1.455556
v -1.196599 -0.656475 0.996001
v -0.277896 -0.504630 1.165323
v -0.023988 -0.643946 1.368342
v -1.876039 0.094018 0.391850
v -1.696645 0.043537 0.402886
v -0.638802 -0.515421 1.154199
v -0.483999 -0.510837 1.182087
v -0.433344 -0.646122 1.310541
v 0.159518 -0.615502 1.380738
v -2.496091 1.669707 0.912508
v -2.508544 1.649009 1.027043
v -2.175113 0.309914 0.140860
v -2.072591 0.192038 0.263987
v -1.773684 0.074526 0.496183
v -1.346570 -0.651691 1.192191
v -1.162013 -0.650460 1.214776
v -0.728895 -0.650766 1.304205
v -0.034712 -0.603609 1.436193
v -2.337417 1.584497 1.023594
v -1.730567 0.204452 0.863675
v -1.474500 0.351350 1.121950
v -1.443000 0.437488 1.184430
v -2.122906 0.241490 0.456178
v -1.994539 0.145933 0.460622
v -1.119499 -0.627301 1.274777
v -0.183120 -0.640256 1.425072
v -1.921622 0.415576 1.066586
v -1.997280 2.807177 -1.201540
v -2.090865 0.320185 0.748793
v -2.192653 0.306205 0.307323
v -1.893602 -0.612137 1.193252
v -1.046160 -0.612767 1.343825
v -0.223543 -0.611178 1.483026
v -2.494481 1.821536 1.444183
v -1.840194 0.193201 0.769428
v -1.938202 0.139545 0.543037
v -1.684230 0.109049 0.678182
v -1.865569 -0.640730 1.182058
v -1.541976 -0.653706 1.283473
v -0.480147 -0.644707 1.477943
v -0.282415 -0.561283 1.508272
v -2.194162 1.655779 1.401215
v -2.254254 0.404287 0.151817
v -2.123243 0.240971 0.362672
v -2.279862 0.439348 0.639664
v -1.777103 -0.649794 1.259847
v -1.571315 -0.640287 1.346238
v -1.311831 -0.634297 1.305544
v -0.954175 -0.635442 1.408737
v -0.798931 -0.638005 1.516483
v -0.398395 -0.633114 1.504014
v -1.897712 2.987228 -1.495978
v -1.933238 2.770955 -0.947379
v -1.802082 3.225991 -1.751578
v -1.837449 2.883213 -0.966652
v -1.251874 2.741516 -0.064300
v -1.910110 2.677983 -0.569241
v -1.940612 2.917141 -1.472913
v -0.253687 3.309980 -0.652383
v -1.821538 3.228753 -1.781948
v -2.051599 2.548254 -0.253772
v -1.785114 2.520782 -0.188204
v -0.282776 3.475683 -0.805349
v -1.851136 3.282605 -1.803108
v -0.785767 3.036937 -0.329985
v -0.493340 3.099808 -0.335085
v -1.940224 2.880526 -1.357992
v -1.436095 2.710751 -0.055843
v -0.882691 2.947632 -0.230407
v -1.962632 2.961796 -1.547827
v -0.266402 3.604284 -0.877389
v -2.101710 2.799159 -1.177976
v -1.866127 2.772836 -0.776991
v -1.830901 2.611988 -0.224723
v -1.530503 2.537258 -0.014222
v -1.117285 2.871063 -0.198611
v -1.883110 2.872678 -1.085566
v -1.871212 3.059814 -1.627691
v -1.924546 2.574999 -0.281299
v -1.971745 2.691056 -0.699999
v -1.881150 2.932514 -1.213945
v -0.667170 3.015801 -0.235528
v -0.410898 3.203197 -0.491897
v -2.065832 2.630879 -0.447254
v -1.269457 2.843636 -0.170579
v -1.826107 2.717927 -0.392959
v -1.851864 2.638156 -0.341872
v -1.985639 2.626773 -0.449525
v -1.447345 2.610463 0.045459
v -0.795270 3.172037 -0.443581
v -1.913523 2.617229 -0.377561
v -1.624578 2.441815 -0.122023
v -2.005209 2.726495 -0.862196
v -1.768165 3.410128 -1.825182
v -0.356067 3.345644 -0.656917
v -2.021592 2.846048 -1.336156
v -1.590396 0.028785 0.509727
f 1069 1647 1578
f 1058 909 939
f 421 1176 238
f 1055 1101 1042
f 238 1059 1126
f 1254 30 1261
f 1065 1071 1
f 1037 1130 1120
f 1570 2381 1585
f 2434 2502 2473
f 1632 1654 1646
f 1144 1166 669
f 1202 1440 305
f 1071 1090 1
f 1555 1570 1584
f 1184 1174 404
f 65 432 12
f 1032 1085 574
f 1789 2207 2223
f 1154 1118 1184
f 1141 1086 1154
f 99 1117 342
f 404 1174 419
f 489 2000 1998
f 1118 1174 1184
f 1196 403 136
f 1495 717 1490
f 1804 402 1207
f 2272 1398 891
f 1100 1002 804
f 1596 1595 2381
f 208 420 1207
f 402 208 1207
f 1455 1935 1925
f 1176 1059 238
f 1150 1040 348
f 1957 1537 2051
f 1124 1189 939
f 1804 1207 1823
f 1381 1300 1109
f 383 384 1182
f 1085 1086 1141
f 1040 1046 132
f 220 1495 1188
f 420 261 1207
f 261 420 1065
f 1055 1133 1101
f 1054 421 403
f 182 1109 2
f 1181 1207 320
f 545 1570 1561
f 35 342 432
f 1024 574 1141
f 432 342 12
f 1489 1081 1547
f 1181 320 1805
f 1516 1683 1507
f 357 1117 1047
f 1561 1570 1555
f 1090 1196 1206
f 1047 1203 1051
f 1165 202 1121
f 1099 341 301
f 1174 240 419
f 922 921 833
f 1121 1080 385
f 815 21 1183
f 35 99 342
f 1083 398 262
f 106 94 1317
f 94 292 1317
f 292 95 1317
f 940 1039 1033
f 1300 1306 433
f 21 212 471
f 1120 1131 1037
f 833 921 688
f 1117 357 342
f 106 271 94
f 386 227 1375
f 1130 1044 1053
f 419 240 219
f 1255 1244 32
f 1557 1081 1489
f 2062 2120 2109
f 2034 2110 430
f 23 315 1111
f 291 94 271
f 291 292 94
f 50 386 95
f 964 734 665
f 1616 1585 1611
f 445 1084 402
f 574 1085 1141
f 1654 341 1653
f 220 1188 1640
f 342 69 12
f 417 261 328
f 292 50 95
f 204 227 386
f 50 204 386
f 1276 1471 1311
f 1206 1196 136
f 1033 1055 1042
f 1037 1044 1130
f 1180 320 417
f 1121 202 1080
f 325 203 271
f 291 76 292
f 292 237 50
f 2159 1696 1767
f 583 929 850
f 1584 1585 1616
f 1495 1490 1188
f 1557 1489 1660
f 1078 1069 1494
f 1972 1992 1971
f 183 1226 2000
f 325 429 203
f 292 76 237
f 1152 227 1143
f 1488 1412 1489
f 1638 1646 1653
f 1947 1869 2468
f 203 306 291
f 306 76 291
f 237 248 50
f 204 1143 227
f 2395 14 429
f 1502 881 2500
f 1 1090 202
f 1652 1653 1099
f 2117 1863 2496
f 50 248 204
f 160 792 994
f 884 888 857
f 544 2117 2496
f 1090 1206 202
f 2463 879 2492
f 429 306 203
f 498 188 418
f 865 884 857
f 994 998 1014
f 884 897 888
f 1795 948 1802
f 208 1035 1071
f 1065 1 1066
f 377 435 1377
f 304 429 14
f 304 306 429
f 73 60 74
f 248 592 204
f 846 2264 829
f 897 912 906
f 1004 991 992
f 1422 1421 1233
f 980 10 303
f 1058 922 909
f 2436 2449 2418
f 394 435 377
f 435 475 446
f 475 474 446
f 336 337 361
f 338 235 372
f 624 148 129
f 812 306 596
f 1726 992 1019
f 945 1514 1511
f 1069 1627 1628
f 1812 1823 1181
f 1165 1121 169
f 447 475 435
f 2487 2458 901
f 42 59 46
f 401 7 187
f 1010 970 797
f 1513 220 1640
f 2474 2491 2462
f 594 307 1014
f 398 1513 1640
f 307 594 1026
f 545 2381 1570
f 403 421 238
f 445 402 127
f 1611 1631 1616
f 1805 1180 1148
f 394 447 435
f 2341 2413 2376
f 75 74 60
f 541 47 42
f 47 59 42
f 541 42 28
f 917 931 1103
f 897 906 883
f 2484 2068 779
f 888 883 857
f 261 1065 328
f 363 1307 349
f 377 363 394
f 444 747 464
f 323 338 362
f 92 116 74
f 592 634 97
f 982 1027 1004
f 1020 982 1004
f 1084 1054 1035
f 208 402 1084
f 421 1119 1176
f 1207 1181 1823
f 1179 1187 1160
f 263 296 1343
f 1298 296 1307
f 1307 296 349
f 405 363 349
f 405 394 363
f 405 447 394
f 362 372 384
f 338 372 362
f 983 1004 987
f 122 134 139
f 415 440 414
f 75 92 74
f 226 186 246
f 796 787 700
f 1119 1059 1176
f 122 114 91
f 624 129 116
f 641 558 631
f 1311 1318 1487
f 100 1162 1170
f 1653 341 1099
f 1316 1983 273
f 263 277 296
f 296 358 349
f 436 447 405
f 109 554 570
f 504 1385 2501
f 115 122 91
f 2068 2460 779
f 43 777 163
f 378 405 349
f 358 378 349
f 448 447 436
f 448 476 447
f 78 77 108
f 75 60 47
f 1764 2481 1795
f 717 714 1512
f 1490 717 1501
f 238 1126 168
f 1878 1866 826
f 2025 2360 2367
f 251 278 263
f 278 277 263
f 277 318 296
f 296 318 358
f 318 350 358
f 378 436 405
f 384 372 1182
f 454 440 415
f 987 1004 992
f 493 476 448
f 323 788 338
f 403 238 136
f 1565 1503 1474
f 297 277 278
f 297 318 277
f 358 350 378
f 378 388 436
f 476 493 500
f 73 105 60
f 323 337 312
f 953 1573 2358
f 142 161 119
f 454 443 440
f 1862 1871 1405
f 297 319 318
f 560 47 541
f 170 1323 111
f 357 1047 1050
f 1119 98 1059
f 1838 1877 1900
f 2359 230 251
f 350 364 378
f 449 448 436
f 449 493 448
f 185 186 226
f 443 469 479
f 874 165 2480
f 463 444 464
f 64 105 91
f 1182 440 1129
f 1958 1651 2502
f 1238 2034 191
f 251 279 278
f 278 279 297
f 364 388 378
f 483 493 449
f 134 148 139
f 244 268 259
f 910 942 930
f 105 115 91
f 24 30 18
f 1132 487 1059
f 1869 1947 2021
f 2497 2494 2463
f 2359 2385 230
f 230 280 251
f 251 280 279
f 279 308 297
f 297 308 319
f 319 364 318
f 364 350 318
f 388 395 436
f 436 395 449
f 493 472 500
f 122 129 134
f 125 142 124
f 373 400 393
f 24 557 30
f 2264 2278 2251
f 1261 30 1269
f 1730 1862 1877
f 252 280 230
f 343 364 319
f 364 343 388
f 63 64 91
f 399 393 416
f 416 444 463
f 162 189 142
f 768 373 326
f 189 661 177
f 189 199 661
f 847 887 864
f 533 747 444
f 1744 1022 1418
f 1170 524 729
f 121 1342 128
f 1236 1244 26
f 280 281 279
f 281 308 279
f 343 319 308
f 343 365 388
f 388 365 395
f 365 406 395
f 406 449 395
f 483 477 493
f 477 491 472
f 493 477 472
f 78 109 77
f 166 174 196
f 481 150 814
f 63 59 64
f 326 373 393
f 643 260 43
f 230 253 252
f 449 441 483
f 441 477 483
f 415 416 463
f 226 246 245
f 464 470 454
f 323 362 337
f 52 37 1283
f 253 281 252
f 281 280 252
f 309 308 281
f 330 343 308
f 366 365 343
f 441 449 406
f 464 814 15
f 883 906 887
f 337 362 371
f 479 498 290
f 247 746 1003
f 25 37 557
f 640 930 669
f 2486 2499 2459
f 309 330 308
f 343 330 366
f 441 437 477
f 290 498 418
f 124 119 108
f 77 124 108
f 589 125 109
f 570 589 109
f 125 162 142
f 1045 433 1034
f 1207 261 320
f 2004 2474 2495
f 1215 1228 2285
f 365 396 406
f 396 422 406
f 422 437 441
f 406 422 441
f 59 47 60
f 51 78 66
f 361 371 383
f 196 215 214
f 463 454 415
f 27 41 535
f 53 1283 37
f 84 1299 1283
f 1805 320 1180
f 254 253 222
f 254 281 253
f 309 366 330
f 396 365 366
f 456 477 437
f 484 491 477
f 2480 2485 2493
f 418 188 187
f 53 85 1283
f 85 84 1283
f 420 1071 1065
f 264 281 254
f 298 309 281
f 368 366 367
f 368 396 366
f 1639 1564 1139
f 560 48 47
f 82 471 212
f 25 38 37
f 202 1206 1080
f 264 298 281
f 298 331 309
f 309 331 366
f 331 367 366
f 396 368 422
f 422 456 437
f 491 1192 313
f 1699 2064 1710
f 462 443 479
f 371 362 384
f 2502 2476 2464
f 371 384 383
f 21 732 212
f 1571 1629 1627
f 38 39 53
f 37 38 53
f 39 85 53
f 1173 1184 404
f 1006 2142 1674
f 201 255 254
f 255 264 254
f 368 407 422
f 450 456 422
f 450 484 456
f 456 484 477
f 314 1192 491
f 2027 2501 2489
f 2475 2471 2488
f 551 492 732
f 464 481 814
f 1081 1494 1547
f 201 231 255
f 407 450 422
f 484 494 491
f 494 327 491
f 327 314 491
f 876 797 995
f 847 856 829
f 125 143 162
f 134 129 148
f 1564 1571 1627
f 417 320 261
f 328 1065 1066
f 170 156 201
f 156 231 201
f 231 282 255
f 282 264 255
f 450 485 484
f 484 485 494
f 2463 2486 2479
f 159 185 167
f 492 68 212
f 732 492 212
f 68 82 212
f 1311 1471 1296
f 101 156 111
f 332 264 282
f 332 298 264
f 332 331 298
f 331 332 367
f 407 423 450
f 450 423 485
f 804 1002 1443
f 2484 779 946
f 689 443 462
f 440 689 1129
f 166 167 174
f 38 31 39
f 112 145 101
f 101 145 156
f 156 256 231
f 332 423 368
f 367 332 368
f 368 423 407
f 946 779 920
f 1432 1261 1449
f 461 478 453
f 464 15 470
f 31 54 39
f 39 54 85
f 86 101 85
f 145 210 156
f 282 283 332
f 283 369 332
f 369 423 332
f 423 408 485
f 854 876 965
f 78 108 66
f 440 443 689
f 374 2465 961
f 929 519 979
f 54 86 85
f 156 241 256
f 256 282 231
f 256 283 282
f 389 423 369
f 389 408 423
f 408 457 485
f 457 49 485
f 485 49 494
f 494 135 327
f 175 83 314
f 1167 1140 1483
f 196 174 215
f 697 16 68
f 1038 82 16
f 140 117 141
f 1654 1653 1646
f 1234 54 31
f 86 112 101
f 210 241 156
f 923 917 911
f 697 34 16
f 145 193 210
f 256 265 283
f 265 310 283
f 283 310 369
f 310 344 369
f 344 370 369
f 370 389 369
f 409 408 389
f 409 466 408
f 466 457 408
f 466 49 457
f 49 135 494
f 174 225 215
f 1014 766 602
f 826 2220 2215
f 1078 1494 1081
f 1273 70 86
f 120 112 86
f 146 145 112
f 146 193 145
f 265 256 241
f 223 265 241
f 486 49 466
f 175 327 135
f 105 122 115
f 480 15 681
f 225 234 215
f 731 34 697
f 86 54 1273
f 70 120 86
f 193 241 210
f 299 310 265
f 310 333 344
f 344 351 370
f 424 466 409
f 135 49 175
f 214 215 234
f 48 75 47
f 34 9 1038
f 16 34 1038
f 203 291 271
f 9 558 754
f 1195 397 1120
f 120 146 112
f 146 194 193
f 266 265 223
f 266 299 265
f 299 333 310
f 333 351 344
f 382 383 392
f 399 416 415
f 266 333 299
f 351 352 370
f 424 486 466
f 487 175 49
f 7 117 187
f 1182 414 440
f 41 42 46
f 290 289 497
f 2502 2464 2473
f 372 399 414
f 1570 1585 1584
f 1066 1 1165
f 1 202 1165
f 120 70 102
f 157 146 120
f 194 223 193
f 223 241 193
f 352 379 370
f 370 379 389
f 410 409 389
f 2478 1409 1958
f 806 945 1002
f 157 194 146
f 267 266 223
f 267 333 266
f 379 410 389
f 410 438 409
f 438 424 409
f 190 205 143
f 337 371 361
f 2215 830 826
f 1631 1646 1638
f 102 157 120
f 157 195 194
f 195 223 194
f 195 211 223
f 223 211 267
f 267 300 333
f 300 334 351
f 333 300 351
f 351 334 352
f 410 411 438
f 438 486 424
f 487 49 486
f 875 594 989
f 108 581 66
f 225 245 244
f 312 336 335
f 151 754 107
f 274 1386 300
f 352 334 379
f 923 1729 1096
f 244 245 268
f 463 464 454
f 414 399 415
f 15 480 470
f 1647 1069 1078
f 909 922 833
f 387 417 328
f 133 157 102
f 1314 133 102
f 133 195 157
f 1148 1179 1160
f 1046 1167 182
f 379 411 410
f 792 339 229
f 391 7 668
f 185 226 174
f 461 290 497
f 2027 504 2501
f 1196 1054 403
f 728 1019 752
f 2459 2483 2461
f 1291 1264 55
f 133 1356 195
f 195 1356 211
f 412 438 411
f 4 486 438
f 458 4 438
f 4 487 486
f 1720 1572 1771
f 245 275 268
f 1869 2021 2059
f 235 399 372
f 64 60 105
f 836 2492 879
f 1315 133 1314
f 1331 1382 1356
f 1310 926 1128
f 7 1121 117
f 119 161 611
f 380 379 334
f 379 380 411
f 467 4 458
f 495 487 4
f 495 1126 487
f 416 400 533
f 479 469 498
f 74 116 73
f 478 461 497
f 393 400 416
f 61 1291 55
f 505 1999 2474
f 1999 2491 2474
f 199 189 36
f 1164 1165 169
f 1179 387 249
f 390 411 380
f 411 390 412
f 458 438 412
f 495 168 1126
f 480 469 470
f 116 122 105
f 418 187 140
f 185 174 167
f 166 148 167
f 470 469 443
f 40 55 32
f 61 71 1291
f 71 103 1291
f 1184 1173 1154
f 634 514 97
f 425 458 412
f 917 923 931
f 2472 2489 853
f 754 641 567
f 44 567 1163
f 454 470 443
f 40 32 1249
f 33 40 1249
f 56 55 40
f 56 61 55
f 451 1265 439
f 1180 417 1179
f 1099 301 1077
f 1189 1058 939
f 1059 221 1132
f 598 1074 1075
f 412 426 425
f 650 186 185
f 234 244 259
f 226 245 225
f 1033 1042 1030
f 2492 836 247
f 7 169 1121
f 1462 1322 1482
f 425 467 458
f 496 4 467
f 1751 2468 2480
f 290 418 140
f 326 789 762
f 142 177 161
f 165 1751 2480
f 87 103 71
f 103 87 104
f 1180 1179 1148
f 417 387 1179
f 2081 2060 2031
f 1154 1173 1141
f 181 131 197
f 442 425 426
f 614 144 143
f 876 1010 797
f 40 45 56
f 56 45 61
f 87 71 61
f 1563 1437 1590
f 1121 385 117
f 1148 1160 1137
f 1449 1459 1439
f 1028 2462 929
f 442 459 425
f 459 467 425
f 168 495 4
f 496 168 4
f 1763 1403 1444
f 140 187 117
f 244 234 225
f 246 740 269
f 372 414 1182
f 40 547 45
f 45 62 61
f 62 87 61
f 87 88 104
f 1084 517 1054
f 387 328 1064
f 2467 2497 2485
f 286 1363 302
f 205 189 162
f 290 140 289
f 214 234 224
f 393 399 809
f 315 1131 397
f 302 321 353
f 1164 169 391
f 427 459 442
f 217 496 467
f 217 168 496
f 978 969 2074
f 361 383 382
f 269 276 245
f 1440 11 305
f 62 88 87
f 328 1066 1064
f 1066 1165 1164
f 242 287 302
f 1363 242 302
f 287 321 302
f 1179 249 1187
f 983 1020 1004
f 464 747 481
f 788 323 276
f 269 245 246
f 88 89 1325
f 171 172 242
f 360 353 321
f 360 1354 353
f 1057 1064 1164
f 2184 2188 2183
f 460 459 451
f 460 467 459
f 149 168 217
f 149 136 168
f 116 129 122
f 109 124 77
f 159 167 148
f 28 42 41
f 57 88 62
f 45 57 62
f 1336 1325 89
f 89 72 1336
f 147 172 171
f 172 258 242
f 258 257 242
f 257 287 242
f 257 321 287
f 345 360 321
f 360 381 1354
f 1069 938 1655
f 387 473 249
f 270 217 467
f 130 136 149
f 851 847 829
f 983 987 975
f 189 177 142
f 88 72 89
f 184 258 172
f 257 288 321
f 1265 451 459
f 270 149 217
f 226 225 174
f 27 28 41
f 109 125 124
f 547 57 45
f 57 58 88
f 88 58 72
f 2476 2484 2458
f 147 184 172
f 184 213 258
f 258 243 257
f 243 288 257
f 345 321 288
f 391 169 7
f 468 460 451
f 468 488 460
f 270 467 460
f 488 270 460
f 1206 136 130
f 481 793 150
f 143 205 162
f 142 119 124
f 58 90 72
f 90 128 72
f 147 173 184
f 173 213 184
f 213 233 258
f 258 233 243
f 354 360 345
f 354 381 360
f 1026 991 307
f 268 312 259
f 1206 130 1080
f 116 105 73
f 139 148 166
f 275 312 268
f 188 401 187
f 2479 2459 2461
f 58 63 90
f 1064 1066 1164
f 1064 473 387
f 288 311 345
f 311 354 345
f 996 994 307
f 452 468 439
f 452 478 468
f 478 488 468
f 141 130 149
f 1564 1639 1563
f 547 41 57
f 2081 2107 2060
f 382 381 354
f 497 270 488
f 289 149 270
f 289 141 149
f 114 122 139
f 59 60 64
f 275 323 312
f 401 668 7
f 41 46 57
f 57 46 58
f 1459 1345 1269
f 1342 121 158
f 166 173 158
f 213 224 233
f 233 259 243
f 243 322 288
f 322 311 288
f 453 478 452
f 497 289 270
f 912 911 906
f 276 323 275
f 276 275 245
f 46 63 58
f 90 121 128
f 173 214 213
f 213 214 224
f 259 322 243
f 336 311 322
f 336 354 311
f 361 382 354
f 1043 439 1290
f 497 488 478
f 385 130 141
f 385 1080 130
f 144 190 143
f 535 41 547
f 121 166 158
f 335 336 322
f 354 336 361
f 2004 2481 1764
f 698 439 1043
f 289 140 141
f 923 1096 931
f 650 185 159
f 46 59 63
f 63 91 90
f 90 114 121
f 121 139 166
f 173 196 214
f 259 335 322
f 2478 2502 2434
f 312 337 336
f 90 91 114
f 114 139 121
f 166 196 173
f 224 234 233
f 234 259 233
f 259 312 335
f 1124 916 1189
f 542 541 530
f 462 479 290
f 269 783 276
f 813 567 641
f 276 783 788
f 82 1038 1333
f 816 701 703
f 672 137 603
f 625 635 624
f 2457 2439 1973
f 767 533 529
f 2468 1869 2480
f 662 190 639
f 711 720 719
f 630 639 614
f 161 654 638
f 781 991 982
f 1227 31 516
f 648 639 630
f 630 614 590
f 2098 544 1899
f 578 579 586
f 697 492 551
f 529 533 400
f 869 859 870
f 1732 924 914
f 1004 1027 991
f 801 591 603
f 636 676 651
f 876 949 965
f 2207 1789 1859
f 76 739 237
f 188 681 15
f 578 604 599
f 797 616 995
f 510 2035 1365
f 76 812 617
f 617 739 76
f 1468 93 1765
f 596 546 812
f 1457 1305 1477
f 760 197 150
f 671 773 765
f 586 609 604
f 591 700 632
f 476 2312 474
f 2084 2027 2489
f 582 590 571
f 1555 2449 1996
f 674 546 596
f 812 655 617
f 161 177 661
f 599 604 636
f 700 787 576
f 776 675 572
f 776 674 675
f 617 634 739
f 591 632 649
f 612 546 674
f 617 655 634
f 728 752 706
f 571 2311 2305
f 775 674 776
f 775 612 674
f 612 628 546
f 546 628 812
f 812 628 655
f 620 630 615
f 620 648 630
f 667 653 646
f 810 782 785
f 150 197 814
f 534 1517 2000
f 702 572 2378
f 748 776 572
f 655 613 634
f 911 917 905
f 648 679 662
f 727 771 713
f 750 807 799
f 639 190 144
f 662 679 200
f 702 748 572
f 775 776 748
f 628 718 655
f 626 658 645
f 791 778 790
f 612 811 628
f 613 514 634
f 1380 1756 1673
f 570 590 614
f 720 741 719
f 1074 795 835
f 614 639 144
f 612 775 811
f 718 735 655
f 655 735 613
f 798 338 788
f 636 652 676
f 571 590 555
f 528 730 687
f 690 702 2312
f 476 690 2312
f 811 718 628
f 721 778 727
f 748 702 690
f 735 686 613
f 1517 2002 2127
f 654 685 667
f 569 588 606
f 513 531 538
f 538 549 548
f 549 553 548
f 550 588 549
f 1903 869 870
f 691 775 748
f 691 600 775
f 600 811 775
f 811 563 718
f 563 736 718
f 718 736 735
f 736 647 735
f 735 647 686
f 686 745 613
f 745 514 613
f 569 606 605
f 654 667 638
f 851 857 847
f 588 569 549
f 690 691 748
f 680 514 745
f 2127 2002 2094
f 747 701 481
f 400 373 529
f 600 536 811
f 536 563 811
f 1306 227 1152
f 522 24 18
f 523 24 522
f 865 857 851
f 2031 2060 1540
f 767 701 747
f 618 652 609
f 652 636 609
f 573 22 710
f 642 699 730
f 1522 1518 2476
f 500 629 691
f 690 500 691
f 691 629 600
f 780 644 641
f 579 578 561
f 131 668 197
f 197 668 814
f 789 809 798
f 622 760 150
f 621 563 536
f 673 745 686
f 673 818 745
f 818 680 745
f 680 96 514
f 2495 2462 1028
f 1028 583 575
f 663 794 664
f 629 761 600
f 761 757 600
f 600 757 536
f 621 696 563
f 755 736 563
f 696 755 563
f 633 736 755
f 633 647 736
f 623 686 647
f 633 623 647
f 686 623 673
f 819 680 818
f 680 819 96
f 1729 1677 1096
f 2482 1899 2471
f 537 536 757
f 536 537 621
f 673 819 818
f 2428 222 230
f 25 24 523
f 25 557 24
f 38 25 19
f 710 22 272
f 663 759 794
f 1120 878 1195
f 537 696 621
f 696 633 755
f 822 2215 2220
f 97 96 1053
f 750 784 743
f 887 905 864
f 768 784 373
f 512 513 548
f 573 664 22
f 696 715 633
f 673 521 819
f 2454 2453 2445
f 883 887 847
f 306 812 76
f 642 528 759
f 798 809 235
f 994 792 998
f 587 626 586
f 1900 1918 1937
f 645 652 618
f 537 786 696
f 521 593 819
f 515 19 523
f 741 749 719
f 789 326 809
f 539 581 550
f 657 777 723
f 684 713 660
f 692 712 720
f 652 666 692
f 507 761 629
f 472 507 629
f 507 757 761
f 623 633 673
f 724 521 673
f 515 516 19
f 304 675 674
f 178 778 721
f 947 1447 2358
f 626 645 618
f 586 626 618
f 784 768 742
f 753 537 757
f 537 753 786
f 724 981 521
f 521 981 593
f 979 559 850
f 637 660 677
f 787 631 576
f 141 117 385
f 809 399 235
f 641 754 558
f 542 553 561
f 742 768 762
f 444 416 533
f 528 687 796
f 813 598 566
f 1490 1501 1557
f 753 757 507
f 786 715 696
f 633 724 673
f 2090 2062 2109
f 646 653 660
f 660 694 683
f 677 660 683
f 1872 839 838
f 1224 18 30
f 326 393 809
f 799 529 373
f 313 507 472
f 715 774 633
f 974 699 841
f 703 820 816
f 692 711 676
f 1014 355 766
f 875 752 1019
f 627 646 660
f 711 692 720
f 652 692 676
f 799 373 784
f 813 566 567
f 2462 2482 2475
f 764 644 780
f 1479 1924 1916
f 753 738 786
f 738 607 786
f 786 607 715
f 715 524 774
f 633 774 724
f 559 979 672
f 758 798 783
f 683 694 705
f 820 703 562
f 764 687 644
f 744 743 725
f 313 753 507
f 607 524 715
f 664 801 22
f 646 627 610
f 800 820 562
f 750 769 807
f 767 747 533
f 578 586 604
f 862 593 981
f 688 2382 1083
f 306 304 674
f 738 584 607
f 168 136 238
f 773 552 765
f 2473 2464 2458
f 773 793 552
f 626 619 658
f 1007 1139 1013
f 562 529 799
f 744 750 743
f 659 683 693
f 677 683 659
f 313 737 753
f 753 737 738
f 607 729 524
f 27 518 28
f 553 569 580
f 657 163 777
f 580 569 605
f 789 798 758
f 769 562 807
f 820 671 816
f 638 646 611
f 1074 598 644
f 750 799 784
f 1931 907 898
f 2483 2487 2461
f 737 584 738
f 1439 1438 1431
f 2098 1213 544
f 48 578 75
f 796 631 787
f 815 732 21
f 581 588 550
f 625 636 651
f 778 1011 810
f 693 705 725
f 693 683 705
f 236 1921 1966
f 584 729 607
f 2237 1866 2227
f 530 541 28
f 237 739 248
f 512 530 28
f 727 778 771
f 684 727 713
f 2237 2220 826
f 542 561 560
f 528 796 700
f 808 785 671
f 739 592 248
f 895 905 896
f 740 246 186
f 272 137 979
f 770 769 744
f 712 742 720
f 1213 2026 544
f 1888 1235 2438
f 555 554 2311
f 737 313 1192
f 1585 1612 1611
f 695 721 685
f 518 17 28
f 769 770 562
f 719 749 740
f 648 669 679
f 773 657 723
f 606 637 619
f 2072 2062 2042
f 606 619 626
f 549 569 553
f 161 638 611
f 910 917 942
f 917 1103 942
f 991 1026 992
f 979 137 672
f 785 163 657
f 710 2488 2472
f 611 581 119
f 808 671 820
f 1820 1900 1870
f 759 700 591
f 637 677 619
f 2494 2490 2463
f 671 765 816
f 687 764 780
f 1019 992 1026
f 1726 1719 987
f 713 771 694
f 51 2355 78
f 510 526 525
f 525 526 1249
f 526 33 1249
f 2311 554 2335
f 827 848 840
f 603 591 649
f 758 269 740
f 1595 1612 1586
f 1694 1048 1699
f 682 740 186
f 22 801 603
f 555 570 554
f 1053 110 97
f 615 582 601
f 814 668 188
f 725 705 744
f 528 700 759
f 640 648 620
f 703 701 562
f 886 892 582
f 631 731 576
f 1087 1835 1747
f 882 864 895
f 956 950 1103
f 1502 2500 2470
f 205 190 200
f 815 878 616
f 616 878 995
f 1183 878 815
f 1601 1827 881
f 527 535 526
f 2184 2183 2175
f 1142 1125 1133
f 235 338 798
f 160 339 792
f 599 92 75
f 598 1116 566
f 631 558 731
f 771 770 744
f 730 528 642
f 841 699 642
f 668 401 188
f 510 527 526
f 749 758 740
f 706 721 695
f 694 726 705
f 694 744 726
f 906 911 905
f 661 695 161
f 708 815 616
f 535 547 33
f 794 759 591
f 778 808 790
f 269 758 783
f 771 744 694
f 800 808 820
f 571 886 582
f 854 948 1010
f 906 905 887
f 625 651 635
f 2000 1226 534
f 2140 1504 2016
f 601 620 615
f 620 601 640
f 648 640 669
f 698 452 439
f 671 785 657
f 1561 2356 545
f 685 653 667
f 685 727 684
f 568 616 797
f 708 732 815
f 93 229 339
f 865 851 839
f 942 1103 950
f 589 614 125
f 606 610 627
f 951 834 873
f 92 599 625
f 1878 830 1902
f 2482 2098 1899
f 568 708 616
f 708 551 732
f 2434 2487 2483
f 160 964 665
f 2316 2391 2309
f 762 758 749
f 570 614 589
f 888 897 883
f 2000 1517 1388
f 685 721 727
f 588 610 606
f 653 685 684
f 651 650 635
f 760 1151 6
f 793 622 150
f 651 676 650
f 744 769 750
f 541 542 560
f 476 500 690
f 473 1064 1057
f 561 578 560
f 636 625 599
f 876 995 949
f 829 856 846
f 682 704 740
f 791 790 770
f 2466 2500 2460
f 579 587 586
f 1352 1208 1095
f 1684 1479 1916
f 604 609 636
f 751 721 706
f 810 608 782
f 672 603 649
f 475 447 476
f 794 591 801
f 682 186 650
f 808 800 790
f 644 598 813
f 704 719 740
f 1011 608 810
f 1192 584 737
f 687 780 796
f 2337 474 2312
f 638 667 646
f 706 1186 728
f 733 575 568
f 595 551 708
f 595 540 551
f 1308 501 1852
f 665 339 160
f 527 2447 535
f 558 9 731
f 723 793 773
f 660 713 694
f 693 725 666
f 562 767 529
f 550 538 531
f 2267 2287 2233
f 996 964 160
f 2068 2470 2466
f 704 711 719
f 741 762 749
f 605 606 626
f 548 542 530
f 995 878 709
f 1898 1684 1916
f 778 791 771
f 782 163 785
f 789 758 762
f 857 883 847
f 733 970 1028
f 838 829 825
f 2447 511 535
f 22 603 137
f 705 726 744
f 605 587 580
f 512 548 530
f 743 784 742
f 790 800 770
f 778 810 808
f 1014 998 355
f 708 568 595
f 656 697 551
f 540 656 551
f 143 125 614
f 1000 1020 983
f 778 178 1011
f 676 704 682
f 637 627 660
f 606 627 637
f 701 552 481
f 808 810 785
f 590 570 555
f 716 595 568
f 2355 2335 554
f 912 1729 911
f 1076 1456 1546
f 697 68 492
f 676 711 704
f 839 851 838
f 1028 575 733
f 1020 844 982
f 716 568 575
f 844 781 982
f 1238 2156 2034
f 553 580 561
f 580 579 561
f 452 461 453
f 560 578 48
f 564 540 595
f 632 656 540
f 564 632 540
f 75 578 599
f 518 27 535
f 511 518 535
f 783 798 788
f 642 759 663
f 720 742 741
f 605 626 587
f 580 587 579
f 725 712 666
f 562 701 767
f 1729 923 911
f 712 743 742
f 619 677 658
f 161 695 654
f 770 800 562
f 2084 2489 2472
f 575 559 716
f 716 564 595
f 654 695 685
f 843 855 2064
f 34 731 9
f 527 510 1973
f 723 622 793
f 992 1726 987
f 693 666 652
f 2472 853 573
f 624 159 148
f 671 657 773
f 681 188 498
f 797 970 733
f 565 656 632
f 565 697 656
f 565 731 697
f 1949 951 920
f 85 111 84
f 662 200 190
f 44 324 754
f 33 547 40
f 658 693 652
f 658 652 645
f 664 794 801
f 666 712 692
f 639 648 662
f 611 646 610
f 850 559 575
f 1447 2490 1106
f 1972 1955 1935
f 582 615 590
f 66 581 539
f 780 641 631
f 796 780 631
f 1049 1192 83
f 1348 13 1519
f 799 807 562
f 581 611 588
f 687 795 644
f 663 8 642
f 1936 1972 1935
f 650 676 682
f 615 630 590
f 730 795 687
f 742 762 741
f 548 553 542
f 1048 1692 1074
f 658 659 693
f 37 52 30
f 611 610 588
f 649 632 564
f 565 576 731
f 2138 922 1058
f 1204 854 965
f 725 743 712
f 644 813 641
f 660 653 684
f 771 791 770
f 644 795 1074
f 469 480 681
f 559 672 564
f 716 559 564
f 672 649 564
f 2161 1378 2171
f 474 475 476
f 816 765 701
f 765 552 701
f 513 538 548
f 754 324 107
f 609 586 618
f 25 523 19
f 677 659 658
f 689 452 698
f 1334 1115 1353
f 700 565 632
f 700 576 565
f 481 552 793
f 763 901 2458
f 550 549 538
f 781 964 996
f 1596 1634 1595
f 198 916 1124
f 198 1124 341
f 842 973 1025
f 842 1025 836
f 1009 1024 934
f 573 710 2472
f 1100 971 1002
f 1501 1081 1557
f 1225 1219 955
f 413 2138 284
f 955 1630 522
f 341 1124 301
f 2333 2376 2350
f 1107 218 284
f 398 925 1513
f 1513 1442 1495
f 1935 1455 1744
f 1723 1935 1744
f 825 1872 838
f 1495 1442 1496
f 963 1024 1009
f 1511 1514 966
f 1775 1729 912
f 688 262 1067
f 714 1007 1512
f 919 1732 914
f 2319 2331 2304
f 2400 2407 2391
f 1674 2164 1780
f 843 927 899
f 1660 988 1188
f 1067 262 1640
f 1381 1109 1483
f 1437 1381 1483
f 2495 1010 948
f 1514 1289 1313
f 899 374 961
f 1438 1430 1422
f 1634 1095 1632
f 2487 973 2461
f 1003 499 874
f 849 848 827
f 1430 1462 1453
f 2496 2084 2471
f 909 10 980
f 730 927 835
f 2031 1540 1536
f 831 849 2178
f 881 834 951
f 1841 1722 1803
f 1005 670 1020
f 1021 670 1005
f 1869 2059 2467
f 903 902 1939
f 2476 2502 1651
f 853 8 573
f 1850 831 2178
f 934 746 247
f 934 65 746
f 301 285 1077
f 968 944 977
f 970 2495 1028
f 974 2465 374
f 899 927 374
f 1882 1898 1916
f 1613 1634 1596
f 909 833 1396
f 2492 247 1003
f 919 914 1931
f 1459 1299 1458
f 1634 1632 1633
f 844 670 228
f 2494 2497 2467
f 901 973 2487
f 228 1772 734
f 1701 1709 1666
f 963 574 1024
f 847 864 856
f 1730 1736 2239
f 870 859 848
f 2074 2111 2103
f 1140 1590 1483
f 927 730 974
f 2103 978 2074
f 756 1745 1718
f 848 859 840
f 1296 1482 1320
f 2331 51 66
f 1067 988 962
f 1396 833 1445
f 1001 1005 1000
f 901 1009 973
f 1099 1077 817
f 933 944 936
f 952 958 1828
f 988 1660 986
f 833 1067 1445
f 1067 1640 988
f 218 413 284
f 1843 180 347
f 1846 1708 1798
f 2469 2477 855
f 1006 1021 1005
f 381 382 250
f 2369 828 531
f 968 977 1001
f 2460 1949 779
f 1194 1441 1115
f 1001 1000 968
f 756 678 1745
f 963 1009 901
f 2471 2084 2472
f 841 642 8
f 982 991 1027
f 670 844 1020
f 1289 1514 945
f 869 904 890
f 1161 1115 1639
f 823 2178 849
f 746 12 499
f 263 428 2366
f 1685 1075 1692
f 1002 926 806
f 1799 1755 216
f 944 968 993
f 943 944 993
f 31 38 19
f 531 828 550
f 1501 1078 1081
f 1921 1149 431
f 936 943 932
f 1660 1489 1412
f 301 980 285
f 903 918 902
f 869 890 868
f 890 903 867
f 1003 746 499
f 951 1949 2500
f 990 841 853
f 1595 1634 1611
f 374 927 974
f 836 1025 247
f 1653 1652 1638
f 1303 1545 1142
f 1616 1631 1638
f 1629 1546 1628
f 936 932 913
f 513 506 531
f 868 890 867
f 2330 2369 2353
f 924 918 914
f 907 914 904
f 1258 1421 1267
f 301 939 980
f 1472 1482 1296
f 868 867 859
f 472 491 313
f 272 519 2488
f 1471 1472 1296
f 1025 934 247
f 1634 1633 1611
f 2176 1847 2177
f 1310 1289 806
f 924 933 918
f 1969 1968 902
f 2107 2128 2118
f 1428 1436 1287
f 1139 1564 1617
f 2378 572 2384
f 853 841 8
f 2501 961 2465
f 1221 1240 1408
f 1069 1578 1627
f 1006 1005 1001
f 1617 1564 1578
f 828 539 550
f 1791 2168 2160
f 1829 1718 1739
f 1968 1939 902
f 756 1718 665
f 1998 2000 1388
f 2451 545 2356
f 178 997 1011
f 1275 325 1270
f 1709 872 1666
f 2176 1959 1847
f 944 943 936
f 2424 518 511
f 1445 1067 962
f 2007 952 1828
f 2052 2061 2081
f 828 2303 539
f 835 1699 1048
f 1709 1706 872
f 885 574 963
f 1318 1296 1320
f 859 867 1902
f 1452 1448 1421
f 943 993 976
f 993 1000 983
f 854 1010 876
f 988 986 962
f 2031 2052 2081
f 924 1732 1828
f 965 949 1060
f 781 228 734
f 1718 1765 665
f 943 976 932
f 1680 1794 1783
f 1448 1471 1276
f 1276 1267 1421
f 1931 914 907
f 991 781 996
f 1276 1421 1448
f 10 909 1396
f 831 860 849
f 1523 1762 1774
f 924 1828 937
f 307 994 1014
f 946 963 901
f 978 2103 977
f 977 1006 1001
f 1007 1161 1639
f 1639 1294 1437
f 885 1032 574
f 1294 1381 1437
f 733 568 797
f 792 229 1112
f 119 581 108
f 843 835 927
f 1889 860 831
f 2211 2216 2204
f 2400 2431 2422
f 2103 1006 977
f 840 1902 830
f 827 840 830
f 827 830 822
f 1003 874 2492
f 1432 1439 1431
f 781 734 964
f 1937 1936 1723
f 918 913 902
f 958 977 944
f 1850 2178 2177
f 1005 1020 1000
f 991 996 307
f 1396 1445 340
f 2179 1763 889
f 939 909 980
f 1828 958 937
f 978 977 958
f 1590 1571 1563
f 779 1949 920
f 1551 1362 1573
f 2103 2142 1006
f 920 885 963
f 946 920 963
f 1584 1616 1583
f 1453 1472 1452
f 1647 1617 1578
f 1578 1564 1627
f 1628 938 1069
f 869 868 859
f 993 983 976
f 912 1762 1775
f 752 751 706
f 1628 1546 938
f 844 228 781
f 840 859 1902
f 898 907 904
f 1025 973 1009
f 663 664 573
f 763 946 901
f 898 904 869
f 2172 889 1763
f 1128 926 971
f 860 848 849
f 904 903 890
f 2486 2459 2479
f 577 782 608
f 933 936 918
f 2177 1847 1851
f 665 1765 339
f 937 958 944
f 894 981 724
f 968 1000 993
f 2192 2195 2205
f 1652 1099 817
f 997 608 1011
f 997 577 608
f 577 163 782
f 1112 998 792
f 2177 1851 1850
f 1257 1421 1258
f 951 873 920
f 822 830 2215
f 1899 2496 2471
f 1773 1668 1558
f 904 914 903
f 932 1671 913
f 873 885 920
f 1013 1617 1647
f 873 1032 885
f 894 862 981
f 2469 855 961
f 913 1671 1969
f 2477 2064 855
f 918 936 913
f 860 870 848
f 937 944 933
f 1501 1013 1647
f 824 178 751
f 824 997 178
f 824 577 997
f 643 163 577
f 863 856 882
f 2128 2153 2134
f 722 774 880
f 722 894 774
f 864 905 895
f 850 575 583
f 914 918 903
f 924 937 933
f 1501 717 1013
f 1587 1324 928
f 717 1512 1013
f 602 577 824
f 766 643 577
f 894 709 862
f 709 878 862
f 976 975 932
f 1324 1596 928
f 880 524 1060
f 2434 2459 2499
f 1324 1613 1596
f 752 824 751
f 602 766 577
f 1014 602 594
f 1387 1226 2152
f 2153 1387 2152
f 669 930 950
f 1710 1694 1699
f 768 326 762
f 582 892 601
f 974 990 2465
f 624 116 625
f 835 795 730
f 2458 2484 763
f 989 602 824
f 2064 2477 1710
f 976 983 975
f 949 722 880
f 996 160 994
f 2305 863 556
f 556 863 886
f 601 910 640
f 2264 825 829
f 989 824 752
f 856 864 882
f 1595 1586 2381
f 1627 1629 1628
f 2174 2180 2173
f 2128 2134 2118
f 137 272 22
f 949 880 1060
f 995 894 722
f 894 995 709
f 894 724 774
f 886 895 892
f 640 910 930
f 871 870 860
f 846 856 863
f 1026 875 1019
f 838 851 829
f 1024 1171 934
f 36 189 205
f 863 882 886
f 886 882 895
f 875 1026 594
f 52 1459 1269
f 896 917 910
f 1025 1009 934
f 949 995 722
f 2152 1226 1636
f 895 896 892
f 892 910 601
f 942 950 930
f 875 989 752
f 594 602 989
f 766 355 643
f 355 260 643
f 905 917 896
f 965 1060 1162
f 892 896 910
f 1101 1052 1042
f 1029 1031 834
f 1101 1133 1118
f 342 357 376
f 516 515 2454
f 1656 2494 2467
f 1056 1303 1133
f 1120 1130 862
f 69 342 376
f 1055 1056 1133
f 499 69 165
f 85 101 111
f 1031 1032 834
f 200 679 1166
f 1031 1042 1032
f 1171 65 934
f 1822 1204 1177
f 1096 956 1103
f 514 96 97
f 956 1145 1144
f 1185 1166 1144
f 1145 1185 1144
f 1185 200 1166
f 375 132 1041
f 1153 1202 305
f 32 1244 1249
f 1096 1087 956
f 554 78 2355
f 1191 138 110
f 65 35 432
f 1087 1110 956
f 1110 1146 956
f 956 1146 1145
f 1146 1156 1145
f 1145 1156 1185
f 950 956 1144
f 2481 2495 948
f 1156 1193 1185
f 1050 1047 1051
f 239 151 107
f 1185 1193 36
f 1747 1110 1087
f 1134 1146 1110
f 1146 1157 1156
f 1156 1157 1193
f 1041 1045 1034
f 1397 1134 1110
f 1157 1146 1134
f 1157 1175 1193
f 1193 199 36
f 1090 1035 1196
f 1456 1150 1051
f 1175 199 1193
f 1186 695 199
f 1186 199 1175
f 1175 1157 1134
f 728 1186 1175
f 197 760 6
f 1130 593 862
f 1167 1109 182
f 1194 1115 1161
f 2140 1928 1504
f 921 922 2138
f 1147 1134 1397
f 1719 1147 1397
f 1147 1175 1134
f 1175 1147 728
f 341 1654 1208
f 754 151 9
f 284 2138 1058
f 1188 1557 1660
f 1191 110 1053
f 916 284 1189
f 284 1058 1189
f 2094 1465 2127
f 1726 1019 1147
f 1147 1019 728
f 593 1130 96
f 239 305 1038
f 1036 1131 315
f 397 1131 1120
f 1053 96 1130
f 2467 2485 1869
f 517 1089 421
f 834 1827 1029
f 419 1047 1117
f 1034 433 1306
f 2239 1862 1730
f 1453 1462 1472
f 1408 1422 1399
f 471 23 1111
f 1205 1150 1456
f 1205 1040 1150
f 1131 1036 293
f 293 1068 1044
f 375 1041 138
f 1205 1140 1046
f 1040 1205 1046
f 1140 1167 1046
f 1104 1049 83
f 1052 1085 1032
f 1044 1068 1191
f 1167 1483 1109
f 208 1084 1035
f 1040 132 375
f 1834 20 3
f 1050 1051 1070
f 1133 1125 1174
f 11 1440 1401
f 420 208 1071
f 1135 1079 1094
f 1086 1101 1118
f 1029 1030 1031
f 1200 1061 294
f 1191 1068 138
f 1171 1141 65
f 1141 1172 65
f 1172 35 65
f 1172 404 35
f 404 99 35
f 221 1104 1063
f 802 398 1083
f 20 1089 3
f 2064 1699 835
f 1042 1052 1032
f 1433 1261 1432
f 1323 2338 155
f 1076 1205 1456
f 1088 1402 1056
f 1150 348 1070
f 1200 1089 20
f 1097 1162 100
f 1032 873 834
f 21 471 1111
f 294 1097 1104
f 1072 100 584
f 1151 760 622
f 132 1045 1041
f 1050 1070 1135
f 1088 1039 940
f 650 159 635
f 100 1170 729
f 729 584 100
f 1103 931 1096
f 925 1443 1513
f 138 1102 110
f 1034 1306 1152
f 1071 1035 1090
f 100 1072 1097
f 23 1158 315
f 1068 375 138
f 1586 1612 1585
f 1819 1030 1029
f 1041 1034 1102
f 232 375 1068
f 348 1079 1070
f 1061 1097 294
f 1513 1443 1442
f 1200 294 1119
f 376 1050 1062
f 1094 1036 315
f 1200 1119 1089
f 1111 1183 21
f 1044 1191 1053
f 698 295 689
f 1079 232 1036
f 404 1117 99
f 1495 1496 717
f 1119 294 98
f 3 1089 517
f 1132 1063 83
f 1132 83 175
f 132 1046 182
f 1111 1195 1183
f 1131 1044 1037
f 127 402 1804
f 219 1272 1047
f 1697 1135 1094
f 2140 1854 2117
f 1111 397 1195
f 1177 1162 1097
f 1061 1177 1097
f 717 1509 714
f 2 1300 433
f 462 290 461
f 98 294 221
f 294 1104 221
f 714 1161 1007
f 1073 1152 1143
f 1697 1094 1360
f 1223 1423 1218
f 836 2479 842
f 1097 1072 1049
f 348 1040 375
f 3 517 316
f 180 1061 1201
f 348 375 232
f 1432 1431 1415
f 220 1513 1495
f 1104 1097 1049
f 306 674 596
f 777 455 723
f 2170 2151 1641
f 1047 419 219
f 1102 1034 1073
f 1073 1034 1152
f 1035 1054 1196
f 1177 1204 1162
f 746 65 12
f 751 178 721
f 1054 517 421
f 1051 1150 1070
f 1102 1073 110
f 998 1136 355
f 567 566 1163
f 1111 315 397
f 1048 1074 835
f 1158 1094 315
f 1374 1107 1252
f 1112 1136 998
f 472 629 500
f 355 1136 260
f 260 118 43
f 1104 83 1063
f 376 357 1050
f 1463 1142 1545
f 1036 232 293
f 1030 1042 1031
f 1079 348 232
f 221 1063 1132
f 1094 1079 1036
f 1076 1629 1205
f 1136 1197 260
f 260 1197 118
f 1204 965 1162
f 293 232 1068
f 1590 1205 1629
f 1205 1590 1140
f 250 382 392
f 1296 1318 1311
f 347 1201 20
f 1201 1200 20
f 132 182 1045
f 1101 1086 1052
f 1033 1039 1055
f 138 1041 1102
f 970 1010 2495
f 455 777 43
f 1992 1948 2023
f 20 1834 347
f 1072 584 1049
f 584 1192 1049
f 182 2 1045
f 1163 324 44
f 1360 1094 1158
f 1450 1360 1158
f 1091 1112 229
f 509 723 455
f 207 509 455
f 1251 1257 1266
f 1488 1489 1547
f 2157 1541 1875
f 305 107 324
f 1045 2 433
f 1070 1079 1135
f 1136 1168 1197
f 1197 359 118
f 118 359 43
f 359 356 43
f 356 455 43
f 356 207 455
f 1240 1422 1408
f 1163 1153 324
f 1201 1061 1200
f 1052 1086 1085
f 1024 1141 1171
f 1112 1105 1136
f 1050 1135 1062
f 1105 1168 1136
f 1168 1178 1197
f 1197 1178 359
f 1173 404 1172
f 465 356 359
f 1174 1125 240
f 1240 1431 1422
f 1098 1113 1105
f 1112 1098 1105
f 1105 1178 1168
f 1178 465 359
f 1091 1098 1112
f 1133 1174 1118
f 98 221 1059
f 487 1132 175
f 980 1017 285
f 465 207 356
f 180 1201 347
f 1060 524 1170
f 445 127 316
f 1431 1438 1422
f 498 469 681
f 940 1807 1759
f 381 250 1290
f 1113 1122 1105
f 1105 1122 1178
f 1151 509 207
f 1236 2035 525
f 1131 293 1044
f 346 207 465
f 346 1151 207
f 1822 1796 1204
f 1143 204 97
f 123 1128 971
f 2153 2152 2134
f 126 1151 346
f 517 445 316
f 1450 1158 23
f 1458 1462 1430
f 1129 152 1182
f 1122 1159 1178
f 1178 1198 465
f 79 346 465
f 126 1155 1151
f 1151 1155 6
f 295 1129 689
f 1073 1143 97
f 1098 1123 1113
f 1113 1123 1122
f 1123 1169 1122
f 1178 1159 1198
f 1198 79 465
f 392 383 152
f 1822 1061 180
f 116 92 625
f 421 1089 1119
f 1129 295 152
f 110 1073 97
f 1173 1172 1141
f 1122 1169 1159
f 79 126 346
f 1155 181 6
f 971 926 1002
f 295 1043 152
f 1039 1088 1056
f 1428 1266 1436
f 404 419 1117
f 836 879 2479
f 2464 2476 2458
f 1198 317 79
f 1124 939 301
f 44 754 567
f 1039 1056 1055
f 1439 1459 1458
f 1660 1412 986
f 1169 1160 1159
f 179 1155 126
f 1155 131 181
f 1061 1822 1177
f 1153 305 324
f 175 314 327
f 1160 1187 1159
f 1159 1187 1198
f 1198 1187 317
f 79 179 126
f 1043 250 392
f 152 1043 392
f 96 819 593
f 1123 1127 1169
f 317 179 79
f 1057 1155 179
f 1155 391 131
f 131 391 668
f 2381 1586 1585
f 12 69 499
f 262 398 1640
f 2107 2118 2060
f 2130 2094 2002
f 1187 249 317
f 1155 1057 391
f 1290 439 1265
f 305 239 107
f 1127 1160 1169
f 317 473 179
f 473 1057 179
f 83 1192 314
f 1043 1290 250
f 1807 940 1030
f 517 1084 445
f 1057 1164 391
f 2492 2480 2493
f 163 643 43
f 1056 1545 1303
f 1069 1655 1023
f 249 473 317
f 1162 1060 1170
f 1086 1118 1154
f 82 68 16
f 1989 1990 1536
f 1633 1632 1611
f 1487 2372 1305
f 1494 1069 1023
f 1137 1160 1127
f 669 1166 679
f 390 1285 426
f 1955 1972 1971
f 1219 1223 2437
f 1254 1261 1223
f 1319 1545 1056
f 1320 1328 2443
f 1261 1433 1223
f 1219 1254 1223
f 254 222 2428
f 1237 1290 1265
f 1284 1273 1263
f 1277 1291 1301
f 1314 102 1301
f 1280 363 377
f 1313 1353 1514
f 468 451 439
f 1918 1964 1956
f 2026 29 2140
f 1354 381 1279
f 1224 30 1254
f 147 158 173
f 1247 1253 274
f 1271 380 334
f 2043 2072 2042
f 274 300 267
f 1356 1392 211
f 13 240 1142
f 1382 1330 1392
f 1312 1323 155
f 240 1125 1142
f 2358 1573 1362
f 1236 1249 1244
f 1272 219 1348
f 1271 1274 380
f 191 2034 1982
f 1992 2052 1990
f 462 452 689
f 2262 2286 2261
f 183 489 1642
f 2485 2480 1869
f 84 111 1323
f 1190 353 1354
f 446 434 435
f 1336 171 1341
f 2021 430 2059
f 862 878 1120
f 1263 1273 1248
f 1966 1921 2144
f 1312 84 1323
f 240 13 1348
f 1359 1274 1271
f 1392 1330 1247
f 1520 1333 11
f 1368 1253 1247
f 1279 1285 1190
f 2465 990 2489
f 1272 1519 805
f 1369 1272 805
f 1317 95 1344
f 1242 1248 1234
f 1368 242 1363
f 274 1262 1386
f 532 597 1886
f 2117 2026 2140
f 1392 1247 274
f 2162 508 985
f 1964 1469 1965
f 1315 104 1331
f 1392 1356 1382
f 128 1342 1336
f 1285 427 426
f 1219 1224 1254
f 1320 1322 1321
f 1320 1321 1328
f 153 2443 1328
f 1321 153 1328
f 1235 1244 1243
f 1225 1224 1219
f 1359 353 1190
f 1312 1473 1458
f 1336 1342 147
f 305 1333 1038
f 1336 147 171
f 516 31 19
f 2479 2461 842
f 1237 1265 427
f 1263 1278 1284
f 881 1827 834
f 1237 427 1285
f 1299 1312 1458
f 1190 1285 1274
f 1363 286 1253
f 2330 2303 828
f 427 442 426
f 2493 2463 2492
f 1285 380 1274
f 522 18 1225
f 2471 2472 2488
f 2338 154 1321
f 1423 1415 1218
f 1225 18 1224
f 1253 286 1262
f 286 353 1359
f 171 1368 1383
f 1273 54 1234
f 1973 2447 527
f 1322 155 1321
f 1203 1369 1413
f 1307 363 1298
f 1364 1375 1329
f 1329 227 1306
f 296 1298 1343
f 947 2499 1447
f 1203 1047 1272
f 1098 1748 1123
f 1519 1272 1348
f 1277 70 1273
f 1282 1337 1361
f 286 302 353
f 103 104 1315
f 1377 435 434
f 1449 1261 1345
f 926 1310 806
f 1263 1248 1242
f 985 508 597
f 1415 1222 1218
f 88 1325 104
f 170 111 156
f 1384 1282 1361
f 274 1253 1262
f 1371 1317 1344
f 1371 1366 1337
f 1345 1459 1449
f 171 1383 1341
f 2438 1235 1227
f 2134 1582 2118
f 428 1260 1379
f 1336 1341 1325
f 1235 1242 1227
f 1228 1687 2284
f 1854 2140 2016
f 1866 1887 1873
f 1343 1298 1370
f 1384 1361 2440
f 171 242 1368
f 1344 1309 1366
f 1371 1344 1366
f 1280 1377 1293
f 200 1185 205
f 1330 1383 1368
f 1255 1264 1263
f 543 1367 1876
f 1343 1370 1260
f 1293 1326 1370
f 2440 1361 1302
f 1282 1384 2406
f 271 1337 1282
f 170 2338 1323
f 1528 1503 2470
f 515 1347 2453
f 1997 1705 1998
f 2285 1228 2284
f 1229 1250 1228
f 1330 1368 1247
f 1919 1619 2045
f 1344 1364 1335
f 1222 1240 1221
f 1212 858 1741
f 2388 1222 1221
f 1528 2470 2068
f 501 1308 2171
f 1295 1311 1487
f 2116 1619 1655
f 1220 1229 1228
f 8 663 573
f 1343 1260 428
f 1337 1366 1361
f 1298 1280 1293
f 1269 1345 1261
f 1279 381 1290
f 1230 1229 1220
f 1230 1245 1229
f 1245 1250 1229
f 1227 1234 31
f 1302 1361 1350
f 1245 1266 1428
f 1992 2023 2052
f 2482 2471 2475
f 452 462 461
f 271 1282 1275
f 1991 1989 1934
f 1366 1309 1350
f 1344 1335 1309
f 730 699 974
f 1374 1252 1208
f 597 508 1912
f 1363 1253 1368
f 1386 1271 300
f 1211 1218 1222
f 1376 1377 434
f 2399 2437 1211
f 1284 1291 1277
f 1230 1251 1245
f 1251 1266 1245
f 1317 1371 1337
f 1288 1286 1095
f 1095 1286 1352
f 1241 1208 1352
f 1241 1374 1208
f 1284 1278 1291
f 211 1392 267
f 1344 1375 1364
f 929 583 1028
f 1361 1366 1350
f 1115 1294 1639
f 1291 103 1301
f 1220 1231 1230
f 1231 1251 1230
f 1234 1248 1273
f 1255 55 1264
f 1360 1450 1702
f 363 1280 1298
f 1369 1203 1272
f 1415 1240 1222
f 1216 1231 1220
f 1243 1263 1235
f 1375 227 1329
f 1264 1278 1263
f 855 899 961
f 1286 1241 1352
f 2081 2128 2107
f 1223 1433 1423
f 1473 1312 155
f 154 153 1321
f 1377 1376 1293
f 1392 274 267
f 334 300 1271
f 1955 1991 1934
f 1613 1327 1288
f 1327 1286 1288
f 1349 1374 1241
f 2370 2025 2367
f 1315 1331 133
f 434 446 1256
f 1232 1251 1231
f 1243 1244 1255
f 1286 1304 1241
f 1349 1107 1374
f 1359 1271 1386
f 1227 516 2431
f 219 240 1348
f 1270 271 1275
f 1255 1263 1243
f 2026 1926 29
f 1683 2157 1212
f 1326 1293 1376
f 1255 32 55
f 104 1325 1341
f 519 2462 2475
f 2154 2161 2137
f 1376 434 1246
f 1246 434 1256
f 1257 1251 1232
f 1262 1359 1386
f 2195 2192 2186
f 1308 534 1226
f 2026 2117 544
f 1327 1613 1324
f 1327 1326 1286
f 1286 1326 1304
f 104 1341 1331
f 774 524 880
f 837 1517 534
f 1127 1123 1567
f 1279 1237 1285
f 1297 1381 1294
f 1217 1232 1216
f 1142 1519 13
f 1436 1267 1287
f 1324 1372 1327
f 1304 1246 1241
f 1246 1349 1241
f 1246 1373 1349
f 286 1359 1262
f 1382 1383 1330
f 1284 1277 1273
f 489 1998 1799
f 1675 1116 1075
f 106 1317 1337
f 1311 1295 1281
f 1292 1364 1329
f 1335 1364 1292
f 1334 1294 1115
f 1334 1297 1294
f 1300 1381 1297
f 973 842 2461
f 1217 1239 1232
f 1232 1239 1257
f 1258 1267 1436
f 1359 1190 1274
f 1862 1405 1877
f 1372 1339 1327
f 1339 1326 1327
f 1373 1351 1349
f 1276 1311 1281
f 1256 2386 1351
f 2 1109 1300
f 482 1731 520
f 803 1604 2022
f 1223 1218 1211
f 1341 1383 1382
f 1298 1293 1370
f 1190 1354 1279
f 1324 2398 1372
f 1714 1700 2173
f 183 2000 489
f 1701 1666 192
f 1227 1242 1234
f 1332 1289 1310
f 1517 2005 2130
f 1331 1341 1382
f 525 1249 1236
f 23 1268 1450
f 1264 1291 1278
f 1281 1287 1267
f 1295 1305 1287
f 1281 1295 1287
f 1487 1305 1295
f 1605 2097 2058
f 1326 1376 1304
f 1304 1376 1246
f 1316 1919 1984
f 2500 1949 2460
f 1332 1313 1289
f 2189 2181 2177
f 1335 1334 1353
f 1292 1297 1334
f 1428 1250 1245
f 969 958 952
f 1217 1233 1239
f 1233 1257 1239
f 1876 1367 1338
f 1379 1260 1372
f 1372 1260 1339
f 1128 1302 1310
f 1310 1302 1332
f 1335 1353 1313
f 1292 1334 1335
f 1297 1329 1300
f 1279 1290 1237
f 1301 103 1314
f 70 1301 102
f 23 1333 1268
f 380 1285 390
f 772 325 1275
f 1314 103 1315
f 2473 2458 2487
f 1276 1281 1267
f 1344 95 1375
f 2053 1771 1572
f 1246 1256 1373
f 1373 1256 1351
f 1340 1302 1128
f 1350 1313 1332
f 1329 1297 1292
f 2434 2473 2487
f 106 1337 271
f 23 471 1333
f 622 723 509
f 1388 1517 2127
f 1991 1990 1989
f 183 1636 1226
f 2133 1605 2151
f 1260 1370 1339
f 1339 1370 1326
f 867 1894 1902
f 390 426 412
f 1235 1263 1242
f 1399 1422 1233
f 305 11 1333
f 1300 1329 1306
f 1302 1350 1332
f 1350 1309 1313
f 1309 1335 1313
f 2470 2102 1502
f 1787 1531 1599
f 1724 1725 1691
f 1827 1601 1927
f 1678 1358 1476
f 1823 1812 1846
f 1805 1824 1708
f 1746 1676 1797
f 325 2395 429
f 1835 1677 1826
f 1507 1790 1722
f 1526 1672 858
f 158 147 1342
f 1462 1473 1322
f 1474 1414 1565
f 1761 1900 1877
f 940 1759 1008
f 1565 1015 1008
f 1924 1533 1933
f 1878 826 830
f 1565 1414 1015
f 1402 1088 1008
f 1538 1532 1651
f 1015 1552 1008
f 1538 1591 1474
f 1532 1538 1474
f 1474 1591 1414
f 1484 1402 1008
f 1552 1484 1008
f 1414 1460 1015
f 1015 1460 1552
f 806 1289 945
f 1597 1538 1659
f 1484 1319 1402
f 1056 1402 1319
f 1538 1597 1591
f 1591 960 1414
f 1414 960 1460
f 1925 1466 1455
f 1552 1400 1484
f 1484 1400 1319
f 1400 113 1319
f 1597 1580 1591
f 1460 1400 1552
f 1514 1441 966
f 1597 1659 1409
f 1657 113 1400
f 1460 1657 1400
f 1288 1095 1634
f 1551 1597 1409
f 1580 1598 1591
f 1591 1598 960
f 1536 1990 2031
f 960 1657 1460
f 1809 1746 1797
f 1423 1433 1432
f 2478 1362 1409
f 1463 1545 113
f 1657 1463 113
f 1457 1287 1305
f 1682 1716 1746
f 1434 1761 1885
f 1013 1139 1617
f 2379 1362 2478
f 1420 1597 1551
f 1420 1580 1597
f 1664 1808 1712
f 2256 2250 2231
f 1362 1551 1409
f 2196 2214 2213
f 1691 1725 1777
f 1626 192 1666
f 1534 1574 2058
f 1574 1600 1605
f 1600 1606 1605
f 1606 1641 1605
f 1573 1420 1551
f 1657 1485 1463
f 678 1806 1742
f 1534 1553 1574
f 1574 1575 1600
f 1810 2170 585
f 1623 1641 1606
f 1407 1657 960
f 1598 1407 960
f 1485 1142 1463
f 1716 1581 1676
f 1738 1743 1733
f 843 2064 835
f 1539 1575 1574
f 1553 1539 1574
f 1575 1592 1600
f 1592 1624 1606
f 1600 1592 1606
f 1642 585 1641
f 1623 1642 1641
f 1485 164 1142
f 1738 1516 1743
f 1809 1720 1798
f 1533 1535 1534
f 1592 1607 1624
f 1624 1623 1606
f 1163 566 1116
f 1407 1485 1657
f 1432 1449 1439
f 1100 802 2382
f 1743 1516 1722
f 1746 1716 1676
f 1535 1539 1534
f 1534 1539 1553
f 1642 1623 1624
f 1095 1208 1654
f 967 1407 1598
f 1580 967 1598
f 1809 1797 1720
f 1924 1524 1535
f 1533 1924 1535
f 1539 1576 1575
f 1642 216 585
f 1407 1529 1485
f 1485 1529 164
f 1472 1462 1482
f 1415 1431 1240
f 966 1194 714
f 383 1182 152
f 474 2337 446
f 1743 1841 1757
f 1486 1524 1924
f 1535 1525 1539
f 1575 1576 1592
f 1420 967 1580
f 1288 1634 1613
f 459 427 1265
f 1404 2179 1393
f 1404 1403 1800
f 1404 1410 1403
f 1410 1749 1403
f 1349 1351 218
f 1486 1498 1524
f 1535 1524 1525
f 1607 1636 1624
f 183 1642 1624
f 1636 183 1624
f 1107 1349 218
f 1351 845 218
f 164 1519 1142
f 845 413 218
f 1525 1576 1539
f 1576 1582 1592
f 1592 2134 1607
f 2134 1636 1607
f 2147 1491 1401
f 1407 1589 1529
f 1529 1519 164
f 1693 1763 1444
f 1924 1479 1486
f 1592 1582 2134
f 499 165 874
f 2176 1857 1959
f 2327 2368 2326
f 2358 821 953
f 953 821 1573
f 1824 1704 1464
f 1731 1358 1678
f 1394 1410 1404
f 1394 1418 1410
f 1466 1479 1839
f 1486 1479 1498
f 1498 1525 1524
f 1576 2080 1582
f 1785 1684 1898
f 804 398 802
f 804 925 398
f 1447 1562 2358
f 2358 1562 821
f 821 1620 1573
f 1620 1420 1573
f 1420 1556 967
f 1393 1394 1404
f 1525 2080 1576
f 1621 1420 1620
f 1621 1556 1420
f 967 1589 1407
f 1505 5 1357
f 1266 1258 1436
f 1393 1395 1394
f 2176 2175 1848
f 1455 1466 1839
f 1525 1540 2080
f 1582 2080 2118
f 1100 804 802
f 1556 1589 967
f 1589 1082 1529
f 1093 1685 1357
f 1504 1093 1357
f 1425 1418 1394
f 1475 1479 1466
f 1479 1506 1498
f 1789 1784 1730
f 2501 2465 2489
f 1438 1458 1430
f 1462 1458 1473
f 1454 805 1529
f 1082 1454 1529
f 1529 805 1519
f 1425 1394 1395
f 1425 1744 1418
f 1479 1475 1506
f 1540 2060 2080
f 1556 1082 1589
f 1443 945 1511
f 1506 1536 1498
f 1498 1536 1525
f 1525 1536 1540
f 1670 852 1672
f 1998 1388 1389
f 1511 966 1509
f 1509 966 714
f 1442 1443 1496
f 1562 1635 821
f 155 1322 1473
f 1439 1458 1438
f 1426 1425 1395
f 1475 1499 1506
f 1735 1588 1776
f 2422 2454 2421
f 1423 1432 1415
f 1559 2101 2073
f 845 866 413
f 1429 1620 821
f 1620 1429 1621
f 1228 1250 1687
f 1002 945 1443
f 2382 802 1083
f 1859 1411 1395
f 1411 1426 1395
f 1426 1744 1425
f 1590 1437 1483
f 1480 1475 1466
f 1480 1499 1475
f 1510 1733 1743
f 1663 1696 1658
f 1430 1453 1452
f 1452 1472 1471
f 1452 1471 1448
f 1430 1452 1421
f 1430 1421 1422
f 1429 1082 1556
f 1621 1429 1556
f 1351 2386 845
f 1126 1059 487
f 1639 1437 1563
f 1504 1928 1093
f 1499 1536 1506
f 1588 1770 1727
f 1110 1747 1397
f 1776 1588 1531
f 1322 1320 1482
f 1590 1629 1571
f 1730 1877 1838
f 1429 935 1082
f 1082 935 1454
f 804 1443 925
f 1139 1007 1639
f 1925 1480 1466
f 1934 1989 1480
f 1499 1989 1536
f 1727 1526 1531
f 1593 1614 502
f 2455 2431 2400
f 1755 1680 908
f 1563 1571 1564
f 1647 1078 1501
f 2490 1635 1106
f 1496 1511 717
f 2454 2431 516
f 1478 1153 1093
f 1870 1426 1411
f 1426 1723 1744
f 962 986 1412
f 717 1511 1509
f 1825 1704 1824
f 2225 2234 2253
f 1490 1557 1188
f 1635 80 821
f 805 1454 935
f 1186 706 695
f 1194 1161 714
f 1512 1007 1013
f 592 97 204
f 1258 1266 1257
f 82 1333 471
f 1694 1710 1505
f 1643 490 1661
f 1661 490 1114
f 1518 2068 2484
f 1750 1808 1664
f 1656 1635 2490
f 935 1521 805
f 1546 1629 1076
f 1301 70 1277
f 966 1441 1194
f 1148 1825 1824
f 1614 1609 1643
f 1114 1092 1921
f 1770 1739 1670
f 1631 1632 1646
f 821 1016 1429
f 1429 1016 935
f 1632 1095 1654
f 1083 262 688
f 1724 1686 1725
f 1644 490 1643
f 1092 1149 1921
f 3 893 1832
f 988 1640 1188
f 916 1107 284
f 1656 80 1635
f 1016 821 80
f 1016 1521 935
f 1478 1202 1153
f 1401 1928 29
f 1440 1478 1928
f 1849 1700 1865
f 1595 1611 1612
f 1208 198 341
f 1464 1704 1746
f 2143 984 1721
f 1848 1849 1868
f 1662 1114 490
f 1669 1787 1682
f 1656 1618 80
f 198 1208 916
f 1440 1928 1401
f 1521 1369 805
f 1252 1107 916
f 1745 678 1672
f 1703 1779 1721
f 1750 1465 1808
f 1609 1644 1643
f 1092 1114 1662
f 1826 1523 1793
f 2262 2261 2224
f 1696 2166 1767
f 1016 1648 1521
f 1208 1252 916
f 833 688 1067
f 1794 1803 1558
f 28 17 512
f 1750 861 1566
f 1594 1644 1609
f 1644 1645 490
f 490 1645 1662
f 2229 2262 2224
f 1602 861 1760
f 1530 1777 1760
f 872 1706 1673
f 1696 1668 2166
f 1708 1809 1798
f 1581 1716 1814
f 1709 1794 1680
f 1233 1421 1257
f 1724 1476 1686
f 1469 1481 1965
f 1965 1481 1492
f 2073 1549 1559
f 1594 1615 1644
f 1799 1706 1755
f 1725 1686 1837
f 1720 1797 1572
f 1618 2467 2022
f 1618 1579 80
f 1648 1016 80
f 2134 2152 1636
f 1611 1632 1631
f 1761 1434 1470
f 1559 1577 1594
f 1603 1615 1594
f 1615 1645 1644
f 1637 1662 1645
f 1662 1199 1092
f 1199 1149 1092
f 1451 1108 1149
f 665 734 756
f 1865 1700 1714
f 1709 1841 1794
f 1618 2022 1579
f 1648 1413 1369
f 1521 1648 1369
f 1520 11 1401
f 1446 1470 1434
f 1798 1691 1754
f 2063 1544 2073
f 2073 1544 1549
f 1594 1577 1603
f 1615 1637 1645
f 1637 1199 1662
f 1427 1149 1199
f 2167 1108 1451
f 1997 1673 1705
f 1706 1799 1705
f 1841 1709 1757
f 1604 1579 2022
f 1579 707 80
f 80 707 1648
f 1520 1401 1491
f 1649 1520 1491
f 1435 1434 1885
f 1470 1469 1461
f 1481 1508 2024
f 2370 1544 2063
f 1549 1568 1559
f 1559 1568 1577
f 1603 1610 1615
f 1615 1610 1637
f 999 1199 1637
f 1451 1149 1427
f 1137 1825 1148
f 1706 1705 1673
f 1138 1604 2116
f 1138 1579 1604
f 1413 1648 707
f 2360 2024 1508
f 598 1075 1116
f 229 93 1468
f 1839 1479 1684
f 2216 2229 2224
f 1610 1625 1637
f 329 999 1637
f 1199 1017 1427
f 1017 303 1427
f 303 1451 1427
f 1792 1754 1777
f 2309 2391 2301
f 1655 1138 2116
f 1138 707 1579
f 1649 1491 206
f 1406 1885 1398
f 1406 1419 1885
f 1419 1435 1885
f 1434 1435 1446
f 1470 1481 1469
f 1577 1583 1603
f 999 1017 1199
f 81 67 941
f 67 1650 941
f 1259 1815 2164
f 1619 2116 2045
f 1424 707 1138
f 1702 1649 206
f 1687 1406 1398
f 1477 1481 1470
f 1568 1569 1577
f 1577 1569 1583
f 1603 1583 1610
f 1625 329 1637
f 2167 340 273
f 81 273 340
f 81 962 67
f 1547 1619 1488
f 1830 1739 1770
f 938 1424 1138
f 1424 1413 707
f 1527 1649 1702
f 1527 1520 1649
f 1527 1268 1520
f 1250 1406 1687
f 1441 1353 1115
f 1203 1413 1051
f 1250 1419 1406
f 1477 2372 1481
f 1481 2372 1508
f 2449 1560 1568
f 1549 2449 1568
f 1568 1560 1569
f 1569 1584 1583
f 1652 329 1625
f 329 817 999
f 285 1017 999
f 303 10 1451
f 10 2167 1451
f 1412 1650 67
f 1412 1488 1650
f 1547 1023 1619
f 1023 1655 1619
f 1655 938 1138
f 1456 1413 1424
f 1457 1470 1446
f 1457 1477 1470
f 329 1652 817
f 10 340 2167
f 938 1546 1424
f 1546 1456 1424
f 1259 1548 1779
f 2052 2031 1990
f 1440 1202 1478
f 1428 1419 1250
f 1428 1435 1419
f 1428 1446 1435
f 1934 1935 1955
f 1560 1584 1569
f 1610 1638 1625
f 1638 1652 1625
f 817 1077 999
f 1077 285 999
f 980 303 1017
f 962 1412 67
f 1494 1023 1547
f 325 271 1270
f 1443 1511 1496
f 1450 1268 1527
f 1514 1353 1441
f 1287 1446 1428
f 1446 1287 1457
f 1305 2372 1477
f 1992 1990 1991
f 1992 1991 1971
f 1971 1991 1955
f 2449 1549 2418
f 1583 1616 1610
f 1610 1616 1638
f 10 1396 340
f 340 1445 81
f 1445 962 81
f 1790 984 1753
f 984 2148 1753
f 1588 1713 1770
f 969 978 958
f 1741 1779 1703
f 1758 1846 1754
f 1827 1819 1029
f 1818 1530 1712
f 1750 1566 2127
f 2459 2434 2483
f 1798 1720 1771
f 1794 1841 1803
f 216 1755 1810
f 1098 1735 1748
f 1735 1497 1748
f 1502 2102 1601
f 881 1502 1601
f 1455 1839 1744
f 1706 1709 1680
f 1212 1741 1703
f 1788 1969 1671
f 1075 1074 1692
f 951 2500 881
f 2490 2486 2463
f 1748 1497 1781
f 1721 984 1840
f 1815 1259 1741
f 1626 1756 1837
f 975 987 1542
f 2230 2236 2235
f 1772 678 734
f 1542 1671 975
f 1806 1772 1780
f 678 1772 1806
f 2218 2225 2268
f 1828 1732 2007
f 1526 1688 1531
f 1752 1526 1554
f 1844 1818 1712
f 1823 1846 1804
f 1781 1669 1704
f 1721 1779 2143
f 1770 1670 1526
f 1497 1669 1781
f 1098 1713 1735
f 1742 1815 1741
f 1526 858 1875
f 1599 1531 1688
f 1803 1790 1558
f 1703 1721 1683
f 1832 1766 957
f 1542 1679 1671
f 1679 1788 1671
f 1927 1819 1827
f 1718 1745 1739
f 1684 1022 1839
f 1459 1283 1299
f 1022 1410 1418
f 2368 2393 2326
f 1669 1497 1776
f 1875 858 1212
f 1739 1745 852
f 1964 1918 1461
f 1356 133 1331
f 1765 1829 1468
f 858 1742 1741
f 1006 1674 1021
f 1723 1936 1935
f 1468 1713 1098
f 1724 1678 1476
f 1680 1783 908
f 1731 1543 520
f 1683 1721 1840
f 1467 1679 1542
f 1812 1708 1846
f 1679 1975 1788
f 1713 1830 1770
f 1803 1722 1790
f 2301 2391 2349
f 1713 1588 1735
f 1836 1530 1818
f 1837 1756 861
f 886 571 556
f 1181 1805 1812
f 1706 1680 1755
f 1677 1729 1775
f 1776 1787 1669
f 1526 1670 1672
f 1727 1770 1526
f 987 1467 1542
f 1567 1704 1137
f 1693 1865 1714
f 897 1762 912
f 1135 1697 1062
f 1697 376 1062
f 1543 1731 1678
f 1793 1679 1467
f 1777 1602 1760
f 1846 1798 1754
f 1835 1096 1677
f 1033 1030 940
f 1450 1527 1702
f 1717 376 1697
f 1711 1717 1697
f 1717 165 376
f 1840 984 1790
f 1669 1746 1704
f 1669 1682 1746
f 2301 2349 2308
f 1882 1444 1898
f 1820 1789 1730
f 861 1380 1566
f 2301 2308 2266
f 1771 1543 1691
f 1958 1659 1651
f 1697 1360 1711
f 1711 1737 1717
f 1717 1737 165
f 1790 1753 1558
f 1668 1696 1663
f 1360 1702 1711
f 1702 1707 1711
f 1707 1737 1711
f 1737 1751 165
f 1444 1782 1693
f 1716 1787 1599
f 1744 1839 1022
f 1898 1444 1785
f 206 1707 1702
f 1764 2468 1751
f 316 1844 893
f 893 1844 915
f 1845 1804 1758
f 1380 861 1756
f 1780 670 1021
f 1714 2172 1763
f 1783 1558 1663
f 1750 2127 1465
f 1798 1771 1691
f 1691 1543 1724
f 1872 1910 839
f 1737 2044 1751
f 1751 2044 1764
f 1757 1701 482
f 1725 1602 1777
f 1836 1845 1530
f 2102 2470 1503
f 2496 1899 544
f 763 2484 946
f 987 1719 1467
f 1845 1758 1792
f 1725 1837 1602
f 1872 1866 1873
f 1712 1530 1760
f 489 1799 216
f 1760 861 1750
f 2068 2466 2460
f 1696 2159 2168
f 377 1377 1280
f 1797 1676 1572
f 1581 2053 1572
f 1676 1581 1572
f 1764 2498 2468
f 2468 2498 1994
f 1861 1695 1860
f 2481 2004 2495
f 1826 1677 1523
f 1670 1739 852
f 2234 2269 2253
f 1724 1543 1678
f 1658 2168 1791
f 1397 1747 1719
f 1696 2168 1658
f 979 519 272
f 1774 1975 1679
f 975 1671 932
f 1787 1716 1682
f 1835 1826 1747
f 2501 2469 961
f 1810 908 1791
f 1982 1768 191
f 1137 1704 1825
f 1804 1846 1758
f 2004 2044 1737
f 913 1969 902
f 2498 1795 1801
f 915 1844 1712
f 1689 915 1712
f 1740 1752 1541
f 695 661 199
f 1865 1693 1782
f 1824 1464 1809
f 1829 1765 1718
f 1816 1768 1982
f 1816 1622 1768
f 1622 2165 1681
f 1768 1622 1681
f 670 1772 228
f 1283 1459 52
f 1785 1444 1749
f 1675 1075 1685
f 1567 1781 1704
f 1858 1857 1848
f 1526 1752 1688
f 1791 2160 1810
f 908 1658 1791
f 1813 1773 1558
f 1845 1792 1530
f 69 376 165
f 3 1832 1834
f 1722 1516 1507
f 1801 1821 1994
f 1833 1982 2046
f 1821 1833 2046
f 1833 1816 1982
f 1022 1785 1749
f 2160 2170 1810
f 1147 1719 1726
f 1683 1840 1507
f 1467 1719 1793
f 1795 1802 1801
f 1802 1811 1801
f 1801 1811 1821
f 1690 2165 1622
f 1934 1480 1925
f 229 1468 1091
f 1780 2164 1742
f 1672 1742 858
f 1833 1417 1816
f 1417 1622 1816
f 1831 2165 1690
f 1668 1663 1558
f 1719 1747 1826
f 1760 1750 1664
f 1817 1690 1622
f 1530 1792 1777
f 948 1796 1802
f 1796 1811 1802
f 1515 1817 1622
f 1695 1861 1831
f 1783 1663 1658
f 1749 1410 1022
f 854 1796 948
f 1811 1842 1833
f 1821 1811 1833
f 1833 1842 1417
f 1622 1417 1515
f 127 1804 1845
f 1686 1626 1837
f 1608 1690 1817
f 1523 1775 1762
f 127 1845 1836
f 1812 1805 1708
f 1523 1677 1775
f 1780 1772 670
f 1758 1754 1792
f 1204 1796 854
f 1822 1842 1811
f 1608 1831 1690
f 1822 1811 1796
f 1842 1416 1417
f 1417 1416 1515
f 1515 1608 1817
f 1728 1831 1608
f 908 1783 1658
f 127 1836 316
f 1805 1148 1824
f 852 1745 1672
f 1478 1093 1928
f 1822 1843 1842
f 1843 959 1842
f 1842 959 1416
f 1728 1695 1831
f 1728 1860 1695
f 2346 446 2337
f 1602 1837 861
f 1087 1096 1835
f 1708 1824 1809
f 2004 1737 505
f 1567 1748 1781
f 520 1543 1883
f 1760 1664 1712
f 128 1336 72
f 2053 1883 1543
f 1822 180 1843
f 1786 1608 1515
f 929 2462 519
f 512 2402 506
f 1212 1703 1683
f 1830 1829 1739
f 2053 1543 1771
f 1416 1769 1515
f 1769 1786 1515
f 1786 1728 1608
f 1712 1808 1689
f 1794 1558 1783
f 1497 1735 1776
f 1127 1567 1137
f 1123 1748 1567
f 36 205 1185
f 959 1734 1416
f 1738 1733 1541
f 1774 1762 1974
f 1752 1554 1541
f 1752 1740 1688
f 1526 1875 1554
f 1468 1829 1830
f 1755 908 1810
f 1716 1599 1814
f 1806 1780 1742
f 2308 2349 2340
f 1832 915 1689
f 1713 1468 1830
f 1814 1599 1346
f 1832 1689 1766
f 1022 1684 1785
f 1093 1153 1116
f 1672 678 1742
f 1675 1685 1093
f 1841 1743 1722
f 1814 2053 1581
f 1464 1746 1809
f 2485 2497 2493
f 1416 1734 1769
f 1665 1728 1786
f 1665 1951 1728
f 1951 1860 1728
f 1951 2094 1860
f 1844 1836 1818
f 316 1836 1844
f 1776 1531 1787
f 1719 1826 1793
f 2147 1401 29
f 2111 2121 1548
f 1741 1259 1779
f 1843 347 1834
f 1843 1734 959
f 1766 1769 1734
f 957 1766 1734
f 1766 1786 1769
f 1766 1689 1786
f 1689 1665 1786
f 1754 1691 1777
f 1507 1840 1790
f 1761 1470 1461
f 1523 1679 1793
f 1091 1468 1098
f 1820 1730 1838
f 1843 1834 1734
f 1808 1951 1665
f 1588 1727 1531
f 893 915 1832
f 1523 1774 1679
f 272 2488 710
f 1093 1116 1675
f 2340 2349 2348
f 1832 1734 1834
f 1832 957 1734
f 1951 1808 2094
f 1685 1692 1505
f 1043 295 698
f 2143 1779 2121
f 1689 1808 1665
f 1693 1714 1763
f 1738 2157 1516
f 1114 1921 236
f 1268 1333 1520
f 1149 1108 431
f 508 2144 1912
f 1957 1108 1537
f 431 1108 1957
f 1018 1108 2167
f 1338 1957 1681
f 2163 1957 1338
f 1983 1390 2093
f 30 557 37
f 1714 2173 2172
f 1983 1984 1390
f 1984 2065 1390
f 884 1762 897
f 2065 1984 1214
f 1950 1974 1762
f 884 1950 1762
f 2012 1698 1861
f 1214 2116 803
f 1950 1938 1974
f 1938 1967 1974
f 1900 1761 1461
f 865 1929 884
f 884 1929 1950
f 2062 2071 2042
f 919 1985 1732
f 1593 502 2146
f 1995 1213 2098
f 1522 2476 1651
f 2174 1849 2175
f 1480 1989 1499
f 1929 1938 1950
f 1605 2058 1574
f 2097 1605 2133
f 1912 2014 1886
f 2092 2082 2083
f 206 1930 505
f 2101 2100 2092
f 2073 2101 2092
f 839 1910 865
f 1910 1901 1929
f 865 1910 1929
f 1967 1788 1975
f 2073 2092 2063
f 2101 1593 2100
f 2015 1876 1698
f 1853 1884 2014
f 1831 1698 2165
f 1316 273 81
f 1901 1920 1929
f 1929 1920 1938
f 1920 1968 1967
f 1938 1920 1967
f 1849 2174 1700
f 2173 1700 2174
f 2062 2072 2091
f 803 2467 2059
f 2239 1736 2240
f 1505 1357 1685
f 1358 1686 1476
f 1967 1968 1788
f 1968 1969 1788
f 2065 2110 2156
f 2065 1214 2110
f 2110 1214 503
f 273 2093 1018
f 273 1983 2093
f 532 1886 2155
f 2034 2021 1947
f 216 1810 585
f 1912 543 2014
f 1390 2051 1537
f 1872 1873 1910
f 1984 2045 1214
f 597 1912 1886
f 1593 2146 2100
f 2071 2062 2090
f 2034 2046 1982
f 2034 1947 2046
f 1214 2045 2116
f 1873 1887 1910
f 1887 1901 1910
f 1562 1447 1106
f 2163 431 1957
f 1948 1972 1936
f 1972 1948 1992
f 2014 2015 2013
f 1853 2014 2013
f 1550 1884 1853
f 1947 2468 1994
f 1355 1550 2154
f 1355 1884 1550
f 2081 2108 2128
f 2024 1965 1492
f 2024 2032 1965
f 2116 1604 803
f 1901 1911 1920
f 1939 1968 1920
f 1911 1939 1920
f 872 1626 1666
f 2062 2091 2120
f 1819 1927 1759
f 1021 1674 1780
f 872 1673 1756
f 1550 501 2171
f 1378 1550 2171
f 2146 2162 2145
f 1358 482 192
f 2109 2120 2119
f 1866 1872 2227
f 1391 2012 1860
f 2136 2137 2161
f 2162 1661 236
f 1887 1894 1901
f 1901 1894 1911
f 505 1707 206
f 2120 2137 2136
f 2142 2164 1674
f 1860 2012 1861
f 1894 1939 1911
f 2080 2060 2118
f 2162 236 508
f 2164 1815 1742
f 1018 2093 1537
f 2154 1378 2161
f 2041 2098 2491
f 2043 2042 2032
f 1108 1018 1537
f 1465 2094 1808
f 502 1643 1661
f 2467 1618 1656
f 2119 2136 2135
f 2119 2108 2071
f 878 1183 1195
f 2101 1594 1593
f 2033 2370 2063
f 2482 2491 2098
f 1282 2406 1275
f 2003 1948 1956
f 2043 2032 2024
f 2025 2043 2024
f 2154 1550 1378
f 1795 2498 1764
f 2142 1548 2164
f 2431 2454 2422
f 1981 2011 1993
f 2349 2391 2362
f 502 2162 2146
f 2025 2024 2360
f 2129 2120 2091
f 1732 1985 2007
f 2171 1308 209
f 1930 1995 2041
f 1390 1238 2051
f 1866 1878 1887
f 1878 1894 1887
f 1965 2032 2011
f 874 2480 2492
f 2071 2108 2069
f 1358 1731 482
f 430 2021 2034
f 1965 2003 1964
f 1855 1889 831
f 1668 1773 2150
f 1390 2156 1238
f 898 869 1903
f 2391 2407 2362
f 2121 2111 2074
f 1548 1259 2164
f 2099 2129 2091
f 1550 1853 501
f 1853 1852 501
f 952 2017 969
f 2085 2121 2074
f 2130 2006 1391
f 2144 1367 543
f 2100 2146 2099
f 1545 1319 113
f 1903 1922 898
f 1922 1931 898
f 585 2170 1641
f 2007 2017 952
f 2017 2074 969
f 1558 1753 1813
f 837 2005 1517
f 2005 2006 2130
f 1532 1474 1528
f 2003 1981 1948
f 2070 2071 2069
f 1922 919 1931
f 2017 2085 2074
f 2085 2104 2121
f 2100 2099 2082
f 2156 2110 2034
f 505 2474 2004
f 1903 871 1922
f 1922 1952 919
f 919 1952 1985
f 1985 2001 2007
f 2001 2036 2017
f 2007 2001 2017
f 2017 2036 2085
f 2036 2047 2085
f 2047 2075 2085
f 2075 2104 2085
f 1948 1993 2023
f 2400 2422 2407
f 2011 2070 1993
f 2033 2043 2025
f 2012 2015 1698
f 1876 1338 2165
f 871 1940 1922
f 1985 1976 2001
f 2121 2104 2143
f 1051 1413 1456
f 2358 1362 2379
f 1859 1789 1870
f 2090 2109 2071
f 1405 1398 1885
f 1886 1884 1355
f 1922 1960 1952
f 1952 1960 1985
f 1960 1976 1985
f 1956 1948 1936
f 2135 209 2128
f 2157 1875 1212
f 2160 2168 2169
f 1900 1461 1918
f 2001 2018 2036
f 2075 2086 2104
f 2111 2142 2103
f 1937 1956 1936
f 2023 2070 2061
f 2135 2128 2108
f 2042 2071 2011
f 2138 413 2383
f 2033 2072 2043
f 1922 1940 1960
f 2070 2069 2061
f 2069 2108 2061
f 2108 2119 2135
f 1855 1904 1889
f 1889 1904 871
f 871 1904 1940
f 1976 2018 2001
f 2036 2018 2047
f 2122 2143 2104
f 216 1642 489
f 2148 984 2143
f 1975 1974 1967
f 2157 1683 1516
f 1614 1593 1594
f 2269 2270 2276
f 1926 2147 29
f 2082 2091 2072
f 430 503 2059
f 1904 1905 1940
f 1940 1961 1960
f 1961 1976 1960
f 2087 2086 2075
f 2065 2156 1390
f 1820 1838 1900
f 534 1308 837
f 2167 273 1018
f 831 1850 1855
f 2019 2037 2018
f 2018 2037 2047
f 2037 2075 2047
f 2086 2095 2104
f 2095 2122 2104
f 2122 2148 2143
f 1926 1213 1995
f 1405 1885 1761
f 2006 2013 2012
f 2211 2233 2216
f 1855 1890 1904
f 1904 1895 1905
f 1905 1932 1940
f 1961 1977 1976
f 1976 1986 2018
f 2484 2476 1518
f 1870 1411 1859
f 1548 2142 2111
f 1904 1890 1895
f 1895 1932 1905
f 1940 1932 1961
f 1976 1977 1986
f 1986 2008 2018
f 2018 2008 2019
f 2087 2075 2037
f 2087 2095 2086
f 2094 1391 1860
f 1852 1853 2006
f 1853 2013 2006
f 929 979 850
f 1855 1874 1890
f 2008 2028 2019
f 1993 2070 2023
f 1705 1799 1998
f 1491 2147 206
f 1851 1856 1855
f 1895 1890 1874
f 2038 2019 2028
f 2038 2048 2037
f 2019 2038 2037
f 2048 2067 2087
f 2037 2048 2087
f 2087 2067 2095
f 2095 2149 2122
f 2149 2148 2122
f 1308 2005 837
f 209 1308 1387
f 1601 2102 1927
f 254 170 201
f 1800 1403 1763
f 1510 1346 1740
f 870 871 1903
f 1919 1650 1619
f 2148 1667 1753
f 1932 1923 1961
f 1977 1953 1986
f 2067 2112 2095
f 2112 2149 2095
f 2148 2149 1667
f 2422 2421 2407
f 1926 2026 1213
f 1912 2144 543
f 2128 1387 2153
f 1733 1510 1740
f 990 853 2489
f 503 1214 803
f 1921 431 2163
f 2146 2145 2129
f 2144 1921 2163
f 1855 1856 1874
f 1895 1923 1932
f 1923 1941 1961
f 1961 1941 1977
f 2048 2076 2067
f 2076 2113 2067
f 2067 2113 2112
f 1723 1900 1937
f 1870 1900 1723
f 1367 2163 1338
f 520 1346 1510
f 1698 1831 1861
f 1984 1919 2045
f 1895 1891 1923
f 2008 1986 2028
f 1948 1981 1993
f 1883 1346 520
f 1883 1814 1346
f 1930 206 2147
f 2499 2486 1447
f 1891 1906 1923
f 1923 1953 1941
f 1953 1977 1941
f 1953 1987 1986
f 2113 2123 2112
f 2123 2149 2112
f 1387 1308 1226
f 1599 1688 1346
f 2093 1390 1537
f 2003 2011 1981
f 1987 2028 1986
f 2038 2049 2048
f 2048 2049 2076
f 1813 1667 2149
f 2123 1813 2149
f 1461 1469 1964
f 1757 1510 1743
f 505 1930 1999
f 2223 1784 1789
f 1532 1522 1651
f 1906 1913 1923
f 1913 1943 1923
f 1943 1942 1923
f 1923 1942 1953
f 1942 1987 1953
f 1308 1852 2005
f 2053 1814 1883
f 1733 1740 1541
f 2154 1886 1355
f 1503 1528 1474
f 1874 1879 1895
f 1895 1879 1891
f 2076 2124 2113
f 2113 2124 2123
f 1896 1891 1879
f 1891 1896 1906
f 1942 1962 1987
f 1962 2009 2028
f 1987 1962 2028
f 2009 2038 2028
f 2109 2119 2071
f 1918 1956 1937
f 1851 1864 1856
f 1896 1897 1906
f 1906 1897 1913
f 1943 1962 1942
f 2049 2077 2076
f 2124 2125 2123
f 1930 2147 1926
f 1902 1894 1878
f 482 1510 1757
f 2129 2137 2120
f 503 803 2059
f 1847 1857 1851
f 1851 1857 1864
f 2039 2038 2009
f 2038 2039 2049
f 2076 2077 2124
f 2150 1813 2123
f 482 520 1510
f 1994 1821 2046
f 2044 2004 1764
f 1864 1867 1856
f 1867 1874 1856
f 1897 1944 1913
f 1943 1944 1962
f 2124 2126 2125
f 2150 2123 2125
f 2099 2146 2129
f 2041 1995 2098
f 1605 1641 2151
f 1847 1959 1857
f 1874 1867 1879
f 1913 1944 1943
f 1944 1963 1962
f 2077 2096 2124
f 2096 2126 2124
f 2126 2150 2125
f 941 1650 1919
f 2135 2136 209
f 1884 1886 2014
f 2049 2029 2077
f 1388 2127 1389
f 1389 2127 1566
f 1930 1926 1995
f 941 1919 1316
f 2110 503 430
f 1867 1880 1879
f 1879 1880 1896
f 1897 1907 1944
f 1963 1978 1962
f 1962 1978 2009
f 2039 2029 2049
f 2077 2078 2096
f 822 823 827
f 2166 1668 2150
f 81 941 1316
f 2204 2216 2203
f 2011 2071 2070
f 1880 1892 1896
f 1892 1907 1897
f 1896 1892 1897
f 1907 1914 1944
f 1978 2010 2009
f 2010 2039 2009
f 1688 1740 1346
f 1789 1820 1870
f 2130 1391 2094
f 1944 1945 1963
f 2029 2078 2077
f 1767 2150 2126
f 1767 2166 2150
f 803 2022 2467
f 1503 1927 2102
f 1914 1954 1944
f 1944 1954 1945
f 1963 1970 1978
f 2078 2105 2096
f 2105 2126 2096
f 1965 2011 2003
f 192 1626 1358
f 2101 1559 1594
f 1930 2041 1999
f 1698 1876 2165
f 1398 1871 891
f 2165 1338 1681
f 1970 2010 1978
f 2010 2030 2029
f 2039 2010 2029
f 2030 2055 2078
f 2029 2030 2078
f 1849 1848 2175
f 1871 1862 891
f 543 2015 2014
f 1857 1858 1864
f 1864 1858 1867
f 1963 1945 1970
f 2055 2088 2078
f 2078 2088 2105
f 2105 2131 2126
f 2126 2131 1767
f 2063 2083 2033
f 2161 2171 209
f 2032 2042 2011
f 1813 2150 1773
f 1914 1908 1954
f 1970 1979 2010
f 2088 2131 2105
f 2015 543 1876
f 1694 1692 1048
f 1395 2207 1859
f 1395 1393 2207
f 1730 1784 1736
f 2500 2466 2470
f 1709 1701 1757
f 1945 1979 1970
f 2030 2050 2055
f 2350 2317 2286
f 2154 2155 1886
f 871 860 1889
f 2161 209 2136
f 2497 2463 2493
f 2190 2204 2203
f 1800 2179 1404
f 2477 2469 1385
f 1385 1715 2477
f 2128 209 1387
f 1858 1868 1867
f 1867 1881 1880
f 1893 1892 1880
f 1881 1893 1880
f 1893 1907 1892
f 1907 1908 1914
f 1954 1979 1945
f 1979 1980 2010
f 2131 2159 1767
f 1765 93 339
f 1761 1877 1405
f 523 1347 515
f 1541 2157 1738
f 2144 2163 1367
f 1380 1389 1566
f 2317 2392 2316
f 1994 2498 1801
f 1867 1868 1881
f 1980 2050 2030
f 2010 1980 2030
f 2050 2089 2055
f 2055 2089 2088
f 2088 2114 2131
f 1538 1651 1659
f 2145 2155 2129
f 2140 29 1928
f 2370 2033 2025
f 2252 2239 2240
f 2239 2252 1862
f 2392 2391 2316
f 2469 2501 1385
f 2477 1715 1710
f 502 1614 1643
f 2438 1227 2431
f 1915 1907 1893
f 1915 1908 1907
f 1954 1908 1979
f 1908 1988 1979
f 1979 1988 1980
f 2114 2159 2131
f 2155 2154 2129
f 508 1966 2144
f 872 1756 1626
f 1710 1715 1505
f 236 1966 508
f 2272 2284 1398
f 2325 2355 2319
f 1548 2121 1779
f 1532 1528 1522
f 1980 2056 2050
f 2050 2056 2089
f 2013 2015 2012
f 1964 2003 1956
f 2006 2012 1391
f 1565 1927 1503
f 2244 2243 2226
f 5 1715 1385
f 1858 1848 1868
f 1915 1946 1908
f 1946 1988 1908
f 1980 2020 2056
f 2115 2159 2114
f 2092 2083 2063
f 1398 2284 1687
f 2162 2155 2145
f 519 2475 2488
f 2158 5 1385
f 5 1505 1715
f 1692 1694 1505
f 1988 2020 1980
f 2115 2169 2159
f 2169 2168 2159
f 2083 2082 2072
f 1316 1984 1983
f 1488 1619 1650
f 2083 2072 2033
f 2361 1210 1233
f 1933 1946 1915
f 2056 2079 2089
f 2088 2115 2114
f 2099 2091 2082
f 2162 532 2155
f 1852 2006 2005
f 2023 2061 2052
f 2176 2184 2175
f 2162 985 532
f 1909 1893 1881
f 1909 1915 1893
f 1988 2040 2020
f 2040 2056 2020
f 2089 2079 2088
f 2088 2079 2115
f 1782 1444 1882
f 1216 1215 2320
f 867 1939 1894
f 867 903 1939
f 1372 2398 1379
f 1863 504 2027
f 2158 1385 504
f 1868 1782 1881
f 1909 1933 1915
f 2040 1988 1946
f 1481 2024 1492
f 2120 2136 2119
f 1522 1528 1518
f 1871 1398 1405
f 1221 1408 1399
f 1357 5 2158
f 2179 1800 1763
f 1868 1865 1782
f 1882 1881 1782
f 1882 1909 1881
f 2040 2057 2056
f 2106 2079 2056
f 2057 2106 2056
f 2106 2132 2079
f 2132 2115 2079
f 2115 2132 2169
f 532 985 597
f 2092 2100 2082
f 1210 1221 1399
f 1399 1233 1210
f 2130 2002 1517
f 1849 1865 1868
f 1933 2040 1946
f 52 1269 30
f 1667 1813 1753
f 1997 1380 1673
f 940 1008 1088
f 1947 1994 2046
f 1882 1916 1909
f 1924 1933 1909
f 1533 2040 1933
f 1533 1534 2040
f 2058 2040 1534
f 2058 2057 2040
f 1238 191 1768
f 1997 1389 1380
f 1875 1541 1554
f 1854 504 1863
f 1854 2158 504
f 2396 1275 2406
f 2426 2443 153
f 1916 1924 1909
f 1925 1935 1934
f 1870 1723 1426
f 2058 2097 2057
f 2097 2106 2057
f 2132 2151 2169
f 2151 2160 2169
f 1106 1635 1562
f 1957 1768 1681
f 1957 2051 1768
f 526 535 33
f 1614 1594 1609
f 2233 2229 2216
f 2496 2027 2084
f 2496 1863 2027
f 2117 1854 1863
f 2016 2158 1854
f 2016 1504 1357
f 2158 2016 1357
f 1114 236 1661
f 2129 2154 2137
f 2133 2106 2097
f 2491 1999 2041
f 2051 1238 1768
f 2061 2108 2081
f 2189 2195 2186
f 2348 2349 2362
f 1701 192 482
f 505 1737 1707
f 2133 2132 2106
f 2132 2133 2151
f 2151 2170 2160
f 502 1661 2162
f 1998 1389 1997
f 2297 2352 2329
f 2352 2364 2329
f 2394 2414 2364
f 2352 2394 2364
f 2402 512 2415
f 2255 2254 2243
f 2446 1365 2456
f 2271 2282 2298
f 846 2283 2264
f 2293 2310 2318
f 2254 2295 2294
f 2283 2290 2278
f 2270 2294 2293
f 2423 2455 2400
f 2281 2287 2267
f 2190 2191 2204
f 2271 2263 2282
f 2334 2329 2364
f 2424 2432 2409
f 2282 2263 2298
f 1409 1659 1958
f 2263 2302 2298
f 2297 2329 2296
f 1256 446 2346
f 1958 2502 2478
f 2437 2399 2444
f 263 2366 2359
f 849 827 823
f 2311 2325 2290
f 2499 2379 2434
f 2446 2456 2423
f 947 2358 2379
f 2499 947 2379
f 2205 2195 2212
f 2245 2237 2227
f 2245 2256 2237
f 2256 2263 2271
f 556 571 2305
f 1528 2068 1518
f 2424 2439 2432
f 2302 2352 2297
f 1866 2237 826
f 2248 2242 2211
f 2334 2364 2363
f 2235 2244 2226
f 2255 2295 2254
f 2329 2324 2296
f 2439 2447 1973
f 2329 2334 2324
f 2409 2432 2414
f 2293 2318 2276
f 866 2425 2416
f 1487 1493 2372
f 2237 2231 2230
f 2415 512 17
f 2035 1236 26
f 921 2138 688
f 2491 2482 2462
f 6 181 197
f 2481 948 1795
f 2138 2383 2382
f 2377 2394 2352
f 2377 506 2394
f 2394 506 2402
f 2401 2402 2415
f 2394 2402 2401
f 2318 2326 2276
f 2439 2457 2432
f 2298 2302 2297
f 2244 2249 2243
f 2404 1100 2382
f 2238 2245 2227
f 2245 2257 2256
f 2257 2263 2256
f 2324 2334 2328
f 2257 2289 2263
f 2289 2302 2263
f 2236 2231 2250
f 2138 2382 688
f 2383 2404 2382
f 1100 2404 2343
f 2353 2352 2302
f 2353 2377 2352
f 2237 2230 2220
f 2335 2355 2325
f 2308 2340 2315
f 2253 2269 2276
f 2311 2335 2325
f 2439 2424 511
f 2268 2267 2248
f 2383 413 2404
f 123 971 832
f 2234 2243 2269
f 2225 2213 2234
f 2219 2213 2225
f 2195 2196 2212
f 1544 2418 1549
f 413 866 2404
f 2404 866 2416
f 2416 2417 2404
f 2404 2417 2343
f 2415 2409 2401
f 2196 2219 2212
f 2268 2248 2218
f 2206 2214 2197
f 2417 2332 2343
f 2343 2332 832
f 2330 2302 2289
f 2330 2353 2302
f 2453 2454 515
f 2218 2248 2217
f 2218 2217 2205
f 2276 2281 2268
f 2178 2197 2177
f 2197 2189 2177
f 2332 2066 832
f 832 2066 123
f 2231 2236 2230
f 669 950 1144
f 2217 2211 2199
f 1216 1209 1217
f 2066 2365 123
f 2230 2226 2214
f 2290 2325 2304
f 2325 2319 2304
f 2217 2248 2211
f 2191 2192 2199
f 510 525 2035
f 2417 1917 2332
f 2332 1917 2066
f 2408 2413 2341
f 2248 2267 2242
f 2326 2333 2281
f 1340 2365 2066
f 2440 1302 1340
f 2226 2230 2235
f 1153 1163 1116
f 2431 2455 2438
f 2416 2425 2417
f 2495 2474 2462
f 2290 2304 2277
f 825 2227 1872
f 151 239 1038
f 9 151 1038
f 545 928 2381
f 2440 2406 1384
f 928 1596 2381
f 2186 2188 2185
f 2456 26 1888
f 2287 2333 2262
f 2425 2342 2417
f 2342 1917 2417
f 1917 877 2066
f 2336 1340 2066
f 2336 2440 1340
f 2328 2351 2327
f 825 2238 2227
f 2351 2368 2327
f 1222 2388 1211
f 678 756 734
f 428 263 1343
f 2188 2191 2190
f 2341 2376 2333
f 2066 877 2336
f 2290 2277 2278
f 739 634 592
f 675 304 14
f 2384 675 14
f 2199 2211 2204
f 2191 2199 2204
f 2322 2318 2310
f 2287 2262 2233
f 2185 2188 2184
f 2386 2425 845
f 2384 572 675
f 1128 123 2365
f 832 971 2343
f 2188 2186 2191
f 2185 2184 2176
f 2345 1917 2342
f 2345 877 1917
f 2336 2406 2440
f 971 1100 2343
f 2299 2289 2257
f 2299 2303 2289
f 2249 2255 2243
f 506 513 512
f 2437 955 1219
f 1587 2398 1324
f 877 2396 2336
f 2336 2396 2406
f 2463 2479 879
f 2376 2412 2350
f 2281 2267 2268
f 2303 2330 2289
f 624 635 159
f 1996 2356 1561
f 2449 2436 1996
f 2356 2054 2451
f 928 2398 1587
f 2333 2350 2262
f 2035 26 2456
f 2346 2342 2425
f 2346 2345 2342
f 1544 2380 2418
f 2412 2392 2350
f 622 509 1151
f 2436 2054 1996
f 545 2451 928
f 2326 2341 2333
f 2346 2425 2386
f 1365 2035 2456
f 2369 2377 2353
f 2369 506 2377
f 2451 900 928
f 900 2398 928
f 1235 1888 1244
f 2337 2345 2346
f 877 772 2396
f 772 1275 2396
f 2432 2446 2414
f 2294 2295 2310
f 2369 2330 828
f 2418 2419 2436
f 2450 2429 2436
f 2436 2429 2054
f 2490 2494 1656
f 1321 155 2338
f 1256 2346 2386
f 2448 877 2345
f 877 2448 772
f 2446 2423 2414
f 2351 2334 2363
f 2243 2254 2269
f 2380 2419 2418
f 2419 2450 2436
f 2283 2278 2264
f 822 2197 823
f 1008 1759 1565
f 2448 2345 2337
f 2270 2293 2276
f 2323 2324 2328
f 2429 1012 2054
f 2226 2243 2213
f 2395 325 772
f 2370 2367 2380
f 2054 2435 2451
f 2435 2397 2451
f 2451 2397 900
f 1774 1974 1975
f 2305 2290 2283
f 846 2305 2283
f 2320 1215 2285
f 2139 2448 2337
f 2448 2395 772
f 1232 1231 1216
f 2272 2285 2284
f 2367 2371 2380
f 2371 2405 2380
f 2380 2405 2419
f 2419 2429 2450
f 2429 176 1012
f 2397 2373 900
f 2373 2398 900
f 2373 1379 2398
f 2372 1500 1508
f 1133 1303 1142
f 2252 2273 2272
f 891 2252 2272
f 2419 2405 2429
f 2405 2430 2429
f 2429 2430 176
f 2189 2186 2181
f 2212 2219 2218
f 2312 2139 2337
f 2139 2384 2448
f 2448 2384 2395
f 899 855 843
f 2272 2273 2285
f 2331 2303 2299
f 176 2435 2054
f 1012 176 2054
f 2177 2185 2176
f 2218 2219 2225
f 1216 1220 1215
f 2378 2139 2312
f 2384 14 2395
f 2324 2295 2255
f 2240 2273 2252
f 2371 2387 2405
f 2410 2430 2405
f 2430 2442 176
f 2435 2344 2397
f 2397 2344 2373
f 2456 1888 2455
f 2242 2267 2233
f 2233 2262 2229
f 2378 2384 2139
f 2323 2310 2295
f 2323 2322 2310
f 2240 2274 2273
f 974 841 990
f 2490 1447 2486
f 2387 2410 2405
f 2442 2141 176
f 2344 1778 2373
f 972 1379 2373
f 1778 972 2373
f 1379 972 428
f 1211 2437 1223
f 1228 1215 1220
f 702 2378 2312
f 17 518 2415
f 1888 26 1244
f 2324 2323 2295
f 2305 2311 2290
f 2307 2285 2273
f 2274 2307 2273
f 2307 2320 2285
f 2369 531 506
f 2435 2258 2344
f 2296 2324 2288
f 1233 1217 2361
f 2360 2371 2367
f 2410 2442 2430
f 176 2141 2258
f 176 2258 2435
f 539 2331 66
f 2350 2392 2317
f 2268 2225 2253
f 1508 1500 2371
f 2360 1508 2371
f 2371 1500 2387
f 972 2366 428
f 1626 1686 1358
f 1759 1807 1819
f 2277 2257 2245
f 2277 2299 2257
f 1784 2228 1736
f 2265 2240 1736
f 2228 2265 1736
f 2265 2274 2240
f 1209 2320 2307
f 2320 1209 1216
f 1555 1584 1560
f 2387 1500 2372
f 2410 2420 2442
f 2433 972 1778
f 2433 2366 972
f 955 522 1225
f 2339 2307 2274
f 2372 1493 2387
f 2411 2420 2410
f 2420 954 2442
f 2442 954 2141
f 2344 2433 1778
f 2205 2212 2218
f 2328 2334 2351
f 2394 2401 2414
f 2250 2256 2271
f 2339 1209 2307
f 2328 2322 2323
f 866 845 2425
f 3 316 893
f 2387 2411 2410
f 2441 2141 954
f 2141 2441 2258
f 2354 2433 2344
f 2254 2294 2270
f 2269 2254 2270
f 863 2305 846
f 2441 2354 2258
f 2258 2354 2344
f 2319 2355 51
f 2223 2228 1784
f 1493 2411 2387
f 1560 2449 1555
f 2288 2324 2255
f 825 2251 2238
f 2251 2245 2238
f 1299 84 1312
f 2246 2265 2228
f 2313 2274 2265
f 2313 2339 2274
f 2251 2277 2245
f 2319 51 2331
f 891 1862 2252
f 2443 954 2420
f 2443 2441 954
f 511 2447 2439
f 2242 2233 2211
f 188 15 814
f 2443 2426 2441
f 2426 2354 2441
f 2306 2403 2433
f 2433 2403 2366
f 539 2303 2331
f 2246 2228 2223
f 1030 1819 1807
f 2354 2306 2433
f 2413 2412 2376
f 2438 2455 1888
f 1848 1857 2176
f 2207 2208 2223
f 2208 2246 2223
f 1209 2339 1217
f 2339 2361 1217
f 1221 1210 2388
f 554 109 78
f 386 1375 95
f 2327 2326 2318
f 2179 2182 1393
f 2182 2208 1393
f 1393 2208 2207
f 2361 2399 2388
f 2388 2399 1211
f 2306 2354 2426
f 2403 2359 2366
f 2214 2226 2213
f 2268 2253 2276
f 889 2200 2179
f 2200 2182 2179
f 2200 2221 2182
f 2221 2208 2182
f 2314 2265 2246
f 2314 2313 2265
f 2339 2374 2361
f 2478 2434 2379
f 2205 2217 2199
f 2208 2259 2246
f 2259 2275 2246
f 2314 2321 2313
f 2313 2347 2339
f 2347 2374 2339
f 2374 2399 2361
f 153 154 2426
f 154 2306 2426
f 2385 2359 2403
f 2221 2259 2208
f 2306 2357 2403
f 2357 2385 2403
f 2237 2256 2231
f 2172 2180 889
f 2180 2200 889
f 2200 2201 2221
f 2246 2291 2314
f 2374 2444 2399
f 571 555 2311
f 2192 2205 2199
f 2173 2180 2172
f 2279 2246 2275
f 2279 2291 2246
f 2292 2314 2291
f 2321 2362 2313
f 2362 2347 2313
f 2347 2389 2374
f 2444 955 2437
f 2292 2291 2279
f 2452 2444 2374
f 2054 2356 1996
f 2338 2306 154
f 2186 2192 2191
f 2193 2201 2200
f 2259 2221 2201
f 2247 2259 2201
f 2452 955 2444
f 2278 2277 2251
f 2338 2357 2306
f 2181 2186 2185
f 2276 2326 2281
f 2432 2457 2446
f 2198 2201 2193
f 2198 2232 2201
f 2232 2247 2201
f 2389 2452 2374
f 2452 1630 955
f 1403 1749 1444
f 1555 1996 1561
f 2357 2427 2385
f 2385 2428 230
f 2409 2415 2424
f 2304 2331 2299
f 2193 2200 2180
f 2445 2452 2389
f 1565 1759 1927
f 2380 1544 2370
f 2338 2427 2357
f 2427 2428 2385
f 230 222 253
f 2202 2198 2193
f 2202 2209 2198
f 2209 2241 2198
f 2241 2232 2198
f 2266 2275 2259
f 2365 1340 1128
f 2415 518 2424
f 2338 170 2427
f 170 2428 2427
f 2181 2185 2177
f 2196 2195 2189
f 2183 2193 2180
f 2453 1630 2452
f 2197 2214 2189
f 2401 2409 2414
f 822 2220 2197
f 1210 2361 2388
f 2187 2193 2183
f 2187 2202 2193
f 2266 2279 2275
f 2279 2300 2292
f 2375 2347 2362
f 2375 2390 2347
f 2390 2389 2347
f 2453 2452 2445
f 1347 1630 2453
f 1630 1347 522
f 2220 2206 2197
f 2262 2350 2286
f 170 254 2428
f 2457 1973 2446
f 1973 1365 2446
f 2174 2183 2180
f 2194 2202 2187
f 2222 2241 2209
f 2222 2260 2241
f 2266 2259 2247
f 2390 2445 2389
f 2264 2251 825
f 2363 2368 2351
f 2326 2393 2341
f 1855 1850 1851
f 2210 2209 2202
f 2210 2222 2209
f 2261 2260 2222
f 2280 2279 2266
f 2280 2300 2279
f 251 263 2359
f 2277 2304 2299
f 2220 2230 2206
f 2202 2194 2210
f 2213 2243 2234
f 2328 2327 2322
f 2294 2310 2293
f 2214 2196 2189
f 2196 2213 2219
f 2224 2222 2210
f 2421 2390 2375
f 2206 2230 2214
f 2194 2203 2210
f 2224 2261 2222
f 2421 2445 2390
f 2322 2327 2318
f 2393 2408 2341
f 1365 1973 510
f 2216 2210 2203
f 2216 2224 2210
f 2266 2308 2280
f 2280 2308 2300
f 2407 2421 2375
f 2175 2183 2174
f 2194 2190 2203
f 2454 2445 2421
f 522 1347 523
f 2456 2455 2423
f 823 2197 2178
f 2281 2333 2287
f 2188 2187 2183
f 2188 2190 2194
f 2187 2188 2194
f 2308 2315 2300
f 2407 2375 2362
f 2443 2420 2503
f 2420 2411 2503
f 2411 1493 2503
f 1493 1487 2503
f 1487 1318 2503
f 1318 1320 2503
f 1320 2443 2503
f 2260 2266 2247
f 2364 2368 2363
f 2244 2288 2255
f 2300 2314 2292
f 2348 2315 2340
f 2348 2300 2315
f 2348 2362 2314
f 2348 2314 2300
f 2362 2321 2314
f 2236 2250 2235
f 2288 2250 2271
f 2271 2298 2297
f 2250 2288 2235
f 2271 2297 2296
f 2235 2288 2244
f 2271 2296 2288
f 2244 2255 2249
f 2391 2392 2400
f 2400 2412 2423
f 2400 2392 2412
f 2423 2412 2414
f 2414 2412 2413
f 2414 2413 2408
f 2414 2393 2364
f 2414 2408 2393
f 2364 2393 2368
f 2309 2301 2316
f 2301 2317 2316
f 2301 2286 2317
f 2266 2260 2261
f 2286 2266 2261
f 2286 2301 2266
f 2247 2232 2241
f 2260 2247 2241
