# This file uses centimeters as units for non-parametric coordinates.

v -9.006213 10.189809 7.665090
v -8.822327 10.021568 7.916596
v -8.663911 10.424578 7.301631
v -8.620302 10.245456 8.154002
v -9.039524 9.810764 7.343974
v -9.323500 9.807390 7.190364
v -8.605002 9.813328 7.267274
v -9.531370 9.913604 6.800870
v -8.510616 9.963187 8.020338
v -9.664974 9.619431 6.629760
v -9.016796 9.628407 6.796055
v -7.939969 9.870845 7.685718
v -8.243495 9.938577 8.245733
v -9.778492 9.780361 6.263727
v -9.070406 10.256080 6.972790
v -8.612966 10.478796 5.860303
v -9.792823 9.353601 6.025186
v -9.326973 10.126904 6.257194
v -7.944429 10.504899 7.784037
v -6.494891 11.297565 5.814213
v -7.769790 9.902741 8.468705
v -6.864198 9.757709 8.075962
v -9.738068 9.758797 5.832335
v -9.833200 8.975606 5.212480
v -8.079222 10.204742 8.553209
v -9.146380 9.366146 5.624071
v -9.992896 9.530018 5.768593
v -7.568851 10.014316 8.845413
v -10.053095 9.177043 5.642864
v -10.204073 9.001031 5.143809
v -9.883947 9.559337 5.175245
v -10.208346 9.267891 5.421377
v -7.431240 10.327607 8.330047
v -10.213288 9.153304 4.782246
v -10.421758 8.825687 4.483969
v -7.160207 9.756902 8.715767
v -7.078929 10.099855 8.796687
v -10.157736 8.767061 4.814729
v -6.375997 9.571159 8.854559
v -10.494762 8.502245 4.022443
v -7.034985 9.753106 9.031786
v -10.222049 9.015568 4.223850
v -9.725749 9.494393 4.387085
v -7.983534 9.635594 6.005549
v -10.042037 8.536222 4.324689
v -6.478233 10.041630 8.910690
v -6.284504 10.434561 8.183147
v -6.365340 9.691084 9.311674
v -9.143900 10.061358 4.973345
v -10.530493 8.335972 3.394541
v -5.313321 9.500625 7.722883
v -10.405858 8.677575 3.780751
v -5.964139 9.868074 9.191123
v -5.536110 10.260157 8.556399
v -10.250406 8.199878 3.667981
v -9.643930 9.360158 3.506318
v -10.200635 8.639507 3.016369
v -9.832198 8.172053 3.438953
v -5.715816 9.648198 9.454222
v -5.792707 9.409904 9.262354
v -5.411323 9.831045 9.231525
v -7.419114 -3.664313 6.681823
v -7.148248 -2.211608 5.766546
v -6.928302 2.583676 6.881855
v -7.006981 2.071359 7.030787
v -10.242044 7.888780 3.056518
v -10.523519 7.930582 2.826680
v -4.234800 10.276963 8.414714
v -7.389235 -4.979450 6.334642
v -11.292446 -10.039703 0.665599
v -11.405283 -9.637627 1.044647
v -10.934211 -9.696798 1.339838
v -9.842432 -8.987856 0.599323
v -10.669739 -8.560089 -0.091189
v -10.741708 -10.570255 1.543447
v -11.624591 -9.230914 0.461933
v -11.947872 -8.919682 -0.165267
v -6.847339 1.711923 6.967692
v -6.440787 3.392581 6.845468
v -6.764663 2.379433 7.371348
v -10.804932 -10.177288 1.677408
v -6.553211 1.880885 7.567512
v -10.182177 -9.761124 1.277260
v -5.136333 9.384226 9.590807
v -9.999545 8.484793 2.235748
v -5.155926 9.608347 9.527813
v -7.363649 -4.735717 5.845418
v -9.847109 7.869729 2.730354
v -10.463848 -10.131721 1.677775
v -11.755271 -9.496473 -0.189103
v -7.510187 -3.467785 5.789273
v -10.393582 -10.809279 1.976868
v -10.496260 -10.423418 1.896574
v -9.888519 -10.320761 1.753426
v -5.905090 2.032357 7.535828
v -10.216741 -10.418839 1.919853
v -9.244285 8.747220 4.392149
v -6.648147 -4.056351 6.852949
v -10.321243 -10.775177 2.156281
v -11.519886 -8.445073 -0.445126
v -6.542312 3.594134 6.295991
v -6.205276 -3.103411 7.559149
v -6.943125 2.391466 6.357391
v -9.181380 8.214790 2.781826
v -10.248753 7.715264 2.351672
v -10.026046 -10.627528 2.092354
v -5.897660 3.003070 7.184503
v -12.028394 -8.982642 -1.206396
v -10.059362 -11.130754 2.391246
v -9.718244 -11.537560 2.707671
v -12.112792 -8.365782 -0.844558
v -9.412113 -10.864891 2.212564
v -6.145942 1.623139 7.250885
v -7.646276 -3.376812 5.069119
v -9.519585 -11.755023 2.820561
v -4.615999 9.449318 9.630029
v -10.104193 -11.256100 2.181404
v -9.507505 -11.928231 2.647329
v -9.121737 8.870462 1.026010
v -9.361297 -11.668818 2.976094
v -7.849739 -2.663285 4.380282
v -6.695980 -2.619687 6.841307
v -9.270725 -11.946903 3.041830
v -6.935495 1.856253 6.469414
v -5.383650 -2.481956 7.843906
v -9.071087 -11.566107 2.869567
v -5.659058 -2.974514 7.777134
v -4.911812 9.232857 8.912178
v -10.105114 7.724169 1.521871
v -9.092155 -12.410927 2.950280
v -5.868843 -4.341760 7.402892
v -8.746609 -12.038186 3.042008
v -4.756323 9.740495 9.310027
v -6.621174 1.659029 6.103941
v -8.696555 -12.911066 3.156715
v -6.055085 -2.337777 7.183810
v -6.330928 -5.171458 6.629440
v -8.669578 -12.279719 3.347057
v -5.939340 -3.594355 7.581390
v -11.976034 -8.330125 -0.844831
v -7.357690 -3.496901 5.384574
v -4.407299 9.126588 9.566649
v -9.659317 7.691456 2.087802
v -8.592089 8.104043 1.684562
v -6.551151 3.205930 5.740622
v -7.807356 -3.776313 4.734035
v -5.482133 -3.851589 7.744145
v -8.295757 -12.948973 3.806680
v -8.532764 -12.534333 3.649203
v -12.115361 -8.628157 -1.423380
v -6.460021 0.427716 6.260597
v -7.998137 -12.512316 3.658226
v -5.824018 1.665884 7.191898
v -7.770269 -11.385368 2.405455
v -6.807566 1.670881 6.051844
v -8.311378 -12.676907 3.888160
v -4.229692 9.707850 9.237857
v -7.923557 -3.479055 4.682838
v -7.669719 -3.765465 3.444627
v -6.914072 2.039882 5.985720
v -8.136570 -13.633929 3.360520
v -7.635372 -12.226773 3.147880
v -5.273478 -4.088908 7.960592
v -6.597881 2.551799 5.443109
v -7.587952 -3.724050 4.914286
v -7.684254 -3.752314 4.850771
v -6.174957 0.748457 6.596733
v -5.351710 -4.512593 7.900667
v -6.640276 0.722346 5.601518
v -5.641336 -4.182726 7.750424
v -7.964065 -12.763550 3.999681
v -6.229710 1.512112 6.966288
v -4.174948 9.191032 9.705135
v -7.978048 -12.608528 3.834926
v -6.667075 1.613026 6.518442
v -6.770586 1.711494 5.725660
v -9.653614 7.335233 1.375119
v -7.824103 -13.192016 4.102298
v -5.892477 1.709150 7.424986
v -7.623709 -3.813695 4.870910
v -7.707872 -3.870844 4.784442
v -7.598947 -2.832700 5.315226
v -7.642927 -3.920571 4.800946
v -5.601865 0.053049 6.835361
v -5.964890 1.585818 7.022339
v -7.257009 -13.031134 4.026513
v -7.527866 -3.953482 4.845271
v -7.333387 -14.078689 4.353009
v -7.647394 -12.710359 3.803854
v -10.031783 7.247037 0.898736
v -10.521103 -7.972237 -1.425426
v -7.053880 -13.463074 4.396133
v -5.257848 -3.115030 7.892565
v -9.030641 -12.044334 0.503138
v -3.911073 8.941489 9.180556
v -6.595912 1.832526 5.308375
v -5.597849 1.601322 7.096110
v -5.772234 1.058142 6.681143
v -6.119636 1.371772 6.695936
v -6.636985 1.543661 5.886690
v -9.674645 7.042035 0.887750
v -6.305290 1.347952 6.246697
v -6.188324 1.144659 6.479141
v -12.014869 -8.748952 -1.847672
v -7.430803 -5.068549 3.592943
v -5.863357 1.621141 6.933756
v -7.806829 -4.088686 4.463529
v -9.629933 7.691462 0.590548
v -5.920924 -1.519195 6.678567
v -5.109833 -3.460675 7.857655
v -10.031248 -10.912771 -0.738953
v -7.032777 -0.500501 4.821360
v -10.225504 -11.430170 1.229040
v -6.489557 -0.253248 5.667619
v -5.550978 1.594971 7.009834
v -5.926952 1.489395 6.839623
v -3.523939 8.922585 9.592239
v -7.319288 -4.066012 5.520302
v -5.519530 -3.349112 7.685442
v -5.870455 1.338113 6.705395
v -3.916994 -4.554658 8.147689
v -6.339291 -1.264161 5.881389
v -7.362910 -2.195853 5.057828
v -9.909918 6.886535 0.562860
v -5.541049 1.604813 7.221748
v -7.298719 -4.777003 4.780856
v -7.174512 -1.141386 3.812273
v -7.272099 -3.972518 5.047093
v -4.800702 -3.500920 8.063440
v -6.749799 -0.809897 4.944799
v -7.040863 -1.331092 4.604334
v -6.899957 -1.022426 4.683323
v -6.469586 1.516844 5.986700
v -7.638484 11.062885 5.177358
v -5.109775 -3.823410 7.858272
v -9.881165 7.028304 0.395034
v -4.788054 -4.089283 8.229219
v -5.513171 1.773350 7.345801
v -4.646834 -2.406715 7.964085
v -4.398326 -2.741611 8.243124
v -5.021743 -0.340558 6.797337
v -11.579270 -8.121283 -1.332186
v -5.039732 -2.678943 7.960675
v -12.128592 -8.326312 -1.631916
v -4.584070 -2.748515 8.152889
v -3.539752 10.050792 8.542860
v -9.274981 6.877750 0.389933
v -9.264385 7.217649 -0.355605
v -6.368363 1.555289 6.216827
v -5.566275 0.772720 6.946400
v -6.462139 1.301014 5.696299
v -6.623386 1.356842 5.632181
v -8.744517 7.391191 0.759382
v -5.216150 -1.460437 7.228239
v -6.499840 1.095156 5.597195
v -4.678002 -3.045672 8.140776
v -5.720441 1.564672 6.774220
v -5.708505 4.089217 6.608741
v -5.665424 1.648316 7.028324
v -4.829079 -1.906820 7.485845
v -6.556538 1.144855 5.175252
v -5.104316 1.623100 7.092222
v -4.412160 -2.971401 8.224790
v -5.699319 -5.249990 6.731269
v -6.346064 1.027171 6.067318
v -5.354920 1.467489 7.067595
v -7.091375 -12.772095 3.572986
v -12.032184 -8.257154 -2.244089
v -9.756344 -20.428368 0.679199
v -2.362992 9.749641 8.310945
v -10.655961 -20.546638 -0.532989
v -4.024329 -2.167112 8.149044
v -10.294262 -20.816956 -0.043153
v -11.070295 -21.046938 -1.119949
v -7.674811 -20.473269 3.452573
v -8.831577 -20.912800 1.898973
v -5.116661 -5.133185 7.503045
v -10.206707 -20.416000 0.068077
v -6.130169 -20.655300 5.556850
v -5.164751 -20.231647 6.396446
v -5.805530 -21.253824 6.078325
v -7.272597 -20.899706 4.049371
v -11.180385 -7.875907 -2.114040
v -5.415985 -20.565720 6.668283
v -4.710522 -20.684738 7.519862
v -4.074157 -20.306431 8.299599
v -6.447066 -13.429480 4.092105
v -10.994014 -20.216736 -1.284039
v -4.769156 0.487785 7.255620
v -8.975508 -20.163849 0.103004
v -10.630387 -20.211195 -0.986916
v -4.018862 -20.947945 8.539197
v -9.622415 6.798653 -0.137693
v -4.765915 -20.257265 7.013175
v -9.681545 -20.175638 -0.321055
v -5.604740 -20.273731 5.981439
v -10.293024 -20.208429 -0.388044
v -6.529307 -20.322441 4.741218
v -9.291899 -12.549734 2.066186
v -5.150892 -20.125048 5.554600
v -3.517748 -20.307329 8.764394
v -6.829685 -14.280614 4.731915
v -5.185645 0.981402 6.993580
v -7.522454 -20.111061 1.755377
v -2.669265 8.951341 9.420215
v -5.519154 1.263708 6.665000
v -9.997270 -20.175941 -0.049986
v -8.487237 -20.148603 1.485731
v -8.949502 9.981841 3.657954
v -6.343693 -20.094765 3.351580
v -10.935255 -22.254461 -1.056204
v -3.139721 -20.151840 7.257681
v -3.559097 -2.817868 8.229818
v -4.207044 -20.116718 7.055843
v -4.221047 -3.191947 8.286898
v -6.739072 -5.756919 5.203167
v -11.262498 -21.060913 -1.766060
v -5.100986 1.053891 6.911524
v -5.447756 -20.088367 5.082834
v -4.235999 -21.861658 8.178715
v -10.955750 -7.805874 -3.064798
v -6.249383 -14.945379 4.926375
v -3.460073 -21.339893 8.921978
v -6.064147 4.467209 6.124972
v -3.733462 -3.793475 8.263189
v -4.307526 -20.074230 6.113162
v -6.343112 -6.399423 4.343337
v -7.705138 -20.109972 -0.007682
v -10.227892 -20.164743 -0.787459
v -5.310597 1.321549 6.834651
v -5.470059 1.076824 6.719485
v -6.490226 9.878459 6.461750
v -5.245443 1.169796 6.778297
v -6.478856 -15.421466 4.420270
v -4.936130 1.068360 6.945127
v -4.943851 1.359308 6.942583
v -11.640759 -8.632480 -2.986298
v -6.802060 1.411297 3.409505
v -2.800486 -22.047565 8.638716
v -6.200552 4.442686 5.530979
v -5.815468 -15.389590 5.004621
v -6.179522 3.786855 5.154480
v -5.780597 6.645978 4.800696
v -3.273786 -20.150181 8.154118
v -5.903405 -0.918507 5.875371
v -6.198655 5.374241 4.424654
v -10.871860 -20.183186 -1.598667
v -6.067278 -0.824593 5.353118
v -5.687450 -0.177368 6.288298
v -6.566282 5.699122 4.003555
v -6.941792 -1.550356 4.601791
v -6.324384 6.541517 4.056232
v -6.195910 -0.968627 5.401963
v -3.136074 0.575161 7.387774
v -8.548882 -23.775732 2.063887
v -9.139046 9.631443 2.586375
v -6.299939 -1.000855 5.023878
v -5.915597 -0.794879 5.580364
v -6.024721 5.606817 4.985586
v -5.346727 -0.562122 6.198958
v -6.839674 6.612508 3.150946
v -6.141943 -14.469460 4.750750
v -8.297642 10.618069 4.256203
v -5.905361 -0.566352 5.714320
v -5.217755 3.861038 6.557137
v -5.148932 5.002418 6.239174
v -5.647044 -0.743661 5.851121
v -6.920589 5.379069 3.123894
v -6.608907 -1.483782 5.176526
v -6.964971 9.844890 4.882640
v -3.021288 8.765309 9.559305
v -6.365028 -0.674506 5.212901
v -4.171913 -24.126631 7.591199
v -2.427213 8.615490 9.447440
v -9.611908 6.714201 0.319178
v -5.132855 2.468735 6.932415
v -4.218602 -1.828550 7.757227
v -6.331418 1.926292 4.603697
v -6.628771 -0.867401 4.832316
v -5.909617 4.804686 4.835859
v -4.629206 -1.043451 7.110298
v -6.738448 -1.251475 4.623899
v -4.762684 4.709829 6.151326
v -5.974564 -15.811672 4.859641
v -11.152432 -9.575863 -2.478731
v -8.279066 -13.588879 2.047503
v -5.403636 -0.847066 6.326940
v -10.820053 -21.788010 -2.293503
v -4.945910 -0.587711 6.559582
v -7.393502 5.423409 2.317216
v -2.277811 -25.480183 4.841927
v -10.424725 -23.616915 -2.632872
v -8.266055 10.490438 2.495996
v -9.801494 6.740033 0.224697
v -4.626024 6.057060 6.465406
v -5.493077 5.616625 5.929324
v -8.019181 10.737527 2.660957
v -5.687637 -5.990724 6.037599
v -7.007215 -15.050170 3.088053
v -7.640050 -14.489182 2.768760
v -5.051319 -0.948386 6.787904
v -5.980310 -14.936214 4.894720
v -11.023688 -20.206455 -1.861691
v -4.616231 -0.266957 7.222136
v -9.213018 6.633369 -0.055982
v -4.923382 -0.493767 6.635040
v -5.828825 -14.683078 4.808700
v -5.385117 -16.374439 5.089273
v -4.504554 -6.068941 6.799756
v -10.876999 -20.203243 -2.050655
v -10.569843 -20.172894 -1.541679
v -3.805312 9.031021 8.385586
v -6.876750 9.800088 -1.393620
v -5.349628 -6.432523 5.450899
v -4.476339 -1.364689 7.269875
v -5.758147 -14.982904 4.897079
v -5.456453 -14.088545 4.229005
v -10.734058 -20.220499 -2.129082
v -4.549711 5.402222 6.413075
v -3.639954 -1.049979 7.695442
v -9.562824 6.517006 -0.159624
v -3.949797 -0.800996 7.348047
v -7.503593 -14.135276 2.005774
v -8.468959 -25.461475 -2.199738
v -5.512058 -14.817868 4.768976
v -3.118191 -20.322729 8.736879
v -2.700413 -20.796616 8.655516
v -7.076379 4.915953 1.430275
v -1.732443 9.138661 8.868492
v -3.909734 6.558430 6.787840
v -4.526886 -0.820728 6.789351
v -10.934935 -8.169241 -4.072027
v -4.194977 -1.659375 7.492429
v -4.240005 5.774868 6.641368
v -10.975040 -8.976994 -3.724749
v -3.681853 -1.480619 7.843518
v -9.406125 6.535457 -0.070029
v -5.588468 -15.167210 4.916864
v -5.881206 9.186977 4.477814
v -3.738461 -1.263229 7.593787
v -4.528909 -0.705373 6.659768
v -6.404580 7.529591 3.107392
v -3.233286 -20.128674 8.462212
v -3.160909 -0.830720 7.723608
v -3.765330 -1.421776 7.519272
v -4.676958 1.686026 6.785267
v -5.761498 -15.201932 4.921371
v -4.153917 5.989410 6.937766
v -3.638193 6.130289 7.182277
v -4.950656 -15.414801 4.781880
v -5.664559 -16.514414 4.725489
v -5.327101 -15.819059 4.996926
v -4.185052 5.462302 6.431404
v -5.882889 9.918241 5.275165
v -5.946881 9.841859 4.471399
v -6.788580 11.514446 2.820694
v -4.294166 -0.523257 7.175915
v -7.152396 -2.115564 1.568686
v -5.402366 9.339545 4.986073
v -9.319992 -7.487635 -2.441353
v -5.323622 8.919322 4.874870
v -8.216325 9.284602 4.282691
v -4.598333 -0.492671 6.831063
v -5.406194 -17.701874 3.168059
v -5.011065 9.762470 6.112348
v -7.706876 10.785970 1.292670
v -1.873827 8.573857 9.358418
v -3.899957 5.762525 6.978867
v -6.072627 9.477679 4.097512
v -4.277791 -0.793575 6.805453
v -3.755702 -1.182724 7.392884
v -9.041747 6.436277 -0.436104
v -2.660489 -20.257481 8.484970
v -9.280293 6.352210 -0.469764
v -2.893402 8.650910 9.190657
v -5.696317 9.555882 4.607489
v -5.450332 8.752951 4.383537
v -3.538026 5.901505 7.330226
v -4.201499 -1.094468 7.056694
v -3.981658 -1.278737 7.215955
v -7.365458 -4.651222 2.567371
v -5.304319 9.530028 4.898971
v -4.985301 9.327023 5.242113
v -6.994891 -14.251314 1.707336
v -9.394276 6.469974 -0.556798
v -6.774609 4.417284 2.599672
v -2.626107 8.901125 7.872916
v -3.696966 5.528084 6.680582
v -7.594656 7.085656 0.390969
v -5.764011 8.898359 3.884738
v -3.879982 -0.948422 7.147241
v -6.596174 2.948129 2.974009
v -4.695833 8.982450 4.902198
v -9.145647 6.795874 -0.776833
v -2.041712 8.493666 9.251764
v -3.128673 5.583030 7.197515
v -5.956815 4.566562 3.581532
v -2.083736 -24.500507 7.620981
v -6.201286 9.745680 3.840931
v -4.853276 9.081477 5.032794
v -4.822789 -17.525845 5.125320
v -2.322155 -20.378159 8.361608
v -7.922566 8.978321 2.697710
v -2.439636 8.645680 8.672935
v -9.062027 6.201808 -1.105322
v -3.187775 -1.834037 8.110807
v -6.086351 4.140072 3.522545
v -4.675231 6.947872 5.875332
v -6.761283 9.625403 3.254604
v -5.835846 3.752875 3.787895
v -5.543979 -7.424920 3.172338
v -5.991954 3.199242 4.018946
v -10.136092 -20.189966 -1.856836
v -9.134517 6.222085 -0.824988
v -5.260268 9.704305 4.927812
v -6.510543 -6.419009 2.673975
v -3.504077 -6.995531 5.833700
v -3.317394 5.967258 7.376814
v -5.053956 9.493122 5.017942
v -4.964650 9.429660 5.135422
v -4.608925 9.571428 5.277230
v -3.347496 -5.704674 7.388176
v -6.243542 4.769238 3.444933
v -4.146109 -16.319996 4.747896
v -6.203698 3.453181 3.405637
v -9.031172 6.277449 -0.775260
v -5.693821 4.540525 3.704482
v -4.601643 -16.948013 5.123865
v -2.414853 -20.160484 7.846796
v -6.097154 9.323506 3.565956
v -5.702812 3.886758 3.762650
v -5.883571 4.135259 3.553131
v -6.134416 3.016622 4.926044
v -4.656844 -18.172146 4.720252
v -3.008746 6.260579 7.250889
v -5.576735 4.329870 3.770242
v -5.772027 4.318148 4.677984
v -5.939037 5.014247 3.795014
v -5.859554 4.708254 3.616329
v -1.509314 8.245184 8.922800
v -5.588116 3.871640 4.080194
v -2.668573 5.440193 7.372952
v -4.260548 -17.866131 5.213458
v -4.091583 -13.855266 3.264691
v -5.780972 8.974188 3.479404
v -7.443753 7.671527 1.022117
v -5.576799 4.468084 4.306639
v -5.547670 8.856403 3.716943
v -4.484865 9.311859 5.071950
v -8.968037 6.122060 -1.103146
v -5.102810 8.792337 4.672495
v -5.647460 4.654070 3.658159
v -3.891065 3.364904 6.293484
v -2.401358 -21.097015 8.423796
v -5.454249 4.279356 3.902834
v -5.521976 4.132727 3.785970
v -5.766150 4.798088 4.332728
v -4.704711 9.217241 5.078551
v -2.282295 -3.359373 7.870822
v -8.446128 6.782113 -0.092045
v -5.689840 4.879944 3.945380
v -8.813291 6.037825 -1.484272
v -5.481955 8.590893 3.647849
v -5.518152 4.529454 3.783331
v -5.501508 4.640634 3.968265
v -5.260404 8.663506 3.931383
v -5.033475 8.747494 4.334172
v -2.093705 -20.656355 8.213021
v -7.179269 -4.307057 1.801702
v -5.380049 8.764997 4.113803
v -10.545910 -8.904700 -4.787079
v -5.355218 8.255063 3.998413
v -2.173801 6.593302 7.132945
v -4.235313 -18.389492 5.088677
v -6.632812 -5.862495 1.541842
v -1.722053 8.412306 8.320007
v -5.764296 8.685966 3.215858
v -6.013201 8.546623 2.809644
v -5.820110 7.436699 4.042646
v -9.057115 -10.620071 -2.479923
v -2.374833 -2.462128 7.890729
v -5.846274 8.175706 3.457245
v -5.070824 8.470488 4.178837
v -3.757636 4.973967 6.119487
v -6.941319 -5.255327 1.283629
v -5.118515 7.695443 4.686958
v -4.745956 8.499471 4.445676
v -1.286174 9.343605 8.313299
v -4.394453 9.078529 4.912410
v -6.982708 -5.055641 1.043470
v -2.451268 -5.806844 7.216169
v -9.667582 -7.587025 -4.351524
v -3.858207 9.215014 6.762625
v -10.431701 -21.317051 -2.742933
v -3.809183 -18.848560 5.201508
v -6.078633 9.189391 2.954529
v -4.506726 8.756625 4.770930
v -3.763863 -18.310059 5.164762
v -6.872837 8.624714 1.700296
v -4.079281 8.095136 5.368371
v -2.952365 5.233200 6.774943
v -6.296068 8.931993 2.368602
v -2.013725 -21.758047 8.129688
v -8.589609 -11.307987 -0.473213
v -1.477362 8.349504 9.210075
v -6.785010 7.368206 2.203660
v -6.551881 8.151390 2.119714
v -8.492250 6.195581 -1.002480
v -7.048237 6.316522 2.294106
v -4.291275 9.372943 5.484937
v -8.480947 6.759749 -1.673475
v -6.617106 3.757737 0.467011
v -4.032706 -19.080563 4.967043
v -7.788459 -12.371046 0.564852
v -2.321584 -5.587240 7.157505
v -2.726044 -4.240634 7.869125
v -7.860845 -11.538452 -0.304445
v -6.936117 7.190705 1.419684
v -6.698671 -5.331285 0.540542
v -3.983529 8.890974 5.400717
v -2.489125 5.191909 7.121717
v -6.817808 7.940399 1.412953
v -1.612848 -4.137417 7.612573
v -2.524325 -5.239845 7.421151
v -7.661625 -11.271511 -1.761688
v -2.068284 4.785060 7.232891
v -3.382875 7.312115 6.503558
v -6.317087 -13.408163 -0.407767
v -3.988241 -17.559666 5.042551
v -2.333063 -5.806992 7.212546
v -9.392485 -20.169634 -1.801819
v -3.479982 -19.219978 5.163073
v -9.668511 -20.380825 -2.973158
v -2.267312 -5.714946 7.055530
v -3.332216 8.265989 5.962576
v -2.037123 5.619955 7.514263
v -2.002034 -1.565526 7.663927
v -1.547543 -2.490571 7.618264
v -7.130668 6.082505 1.540504
v -0.917819 6.238327 6.770284
v -9.098710 -21.636162 -3.734200
v -8.632733 7.942451 -0.529359
v -1.448370 -20.706692 7.710147
v -7.088949 6.984274 0.780739
v -0.990538 8.048069 8.810863
v -0.887870 8.189108 9.014055
v -2.275401 -5.519561 7.018056
v -1.930035 5.051964 7.482138
v -3.999029 -20.026421 5.562778
v -3.539772 -17.534485 4.878126
v -6.821139 6.002850 0.670901
v -2.422051 4.515891 6.744146
v -3.717300 -19.803608 4.819917
v -3.636642 -20.073872 6.296679
v -3.638196 -19.627007 5.070531
v -2.224597 -5.915991 7.029807
v -1.634914 8.535512 7.542126
v -1.139897 5.656743 7.207919
v -3.050858 -19.767435 5.306789
v -2.233874 -5.284041 7.087923
v -8.751404 6.273893 -1.522627
v -1.912193 -4.771024 7.218596
v -3.543391 -18.102043 4.969276
v -3.770018 -20.043352 4.835755
v -3.853612 -20.041561 4.614584
v -3.898578 -19.835350 4.352510
v -1.305081 8.663436 9.026577
v -3.285566 -18.036331 4.858646
v -4.070399 -20.058781 5.188919
v -1.161117 -0.831269 7.627499
v -2.105819 -5.723757 6.840872
v -2.948060 -16.706818 4.192169
v -8.333701 6.246399 -2.040615
v -2.017505 -5.515232 6.683818
v -4.484197 -20.072201 5.322173
v -2.172582 4.744859 6.901958
v -8.527601 5.918074 -1.769583
v -2.135319 -20.052418 6.195223
v -4.117589 -20.040689 4.573871
v -1.896672 -5.939151 6.844851
v -1.850700 4.537848 7.044378
v -6.772458 -4.746527 0.013489
v -1.830542 -5.683630 6.765411
v -6.854667 -4.711237 -0.206553
v -9.619608 -9.616890 -5.262762
v -1.259795 -4.612681 7.230336
v -4.757154 -7.359778 4.126804
v -3.188284 -18.415684 4.868396
v -4.425382 -19.044605 4.191708
v -0.523475 8.258042 8.752996
v -8.256669 5.865211 -2.080160
v -8.177448 5.931242 -1.573227
v -1.609895 -5.402923 6.688041
v -6.998587 6.573970 0.186064
v -4.647819 -20.065704 4.758673
v -3.208964 -15.324804 3.671968
v -4.059070 -19.943714 4.052535
v -1.958530 4.353644 6.811747
v -2.493077 8.885231 6.884139
v -8.895042 -9.909880 1.104235
v -1.664044 4.477777 7.132504
v -2.697135 -6.237377 6.844440
v -0.557615 7.891420 8.747525
v -4.111134 -19.931822 3.755882
v -5.384466 -20.073830 4.308425
v -0.128109 8.705292 7.958821
v -5.236642 -20.027788 2.862599
v -0.947627 8.068721 8.235888
v -1.834078 -4.962861 6.840484
v -6.304647 -4.828824 -0.735025
v -4.160844 -19.762056 3.822361
v -2.393673 7.556851 6.730833
v -4.401638 -19.967102 3.578987
v -6.584979 -4.848209 0.193181
v -1.709901 -20.295280 7.225471
v -6.773725 -4.004236 0.710770
v -6.437133 -9.456268 0.726025
v -4.296184 -19.557140 2.906193
v -2.301601 3.953322 6.618999
v -8.188174 3.178041 -2.501896
v -8.047087 2.841273 -2.250435
v -6.302236 -3.938206 -0.893665
v -3.678824 12.359634 2.592136
v -6.069842 -1.929446 -0.994536
v -8.018665 2.492687 -2.926386
v -6.521652 -5.384559 -0.101019
v -3.398908 -18.705631 5.029073
v -7.489276 -8.254484 -0.294693
v -6.543269 5.723958 -0.127955
v -2.688281 -18.095707 4.519111
v -7.879130 2.260965 -2.634712
v -8.192604 2.961327 -2.786314
v -1.767499 4.293947 6.774195
v -8.670288 4.035645 -3.335846
v -7.299719 6.265261 -0.630073
v -7.643004 5.717794 -1.756517
v -0.664045 -4.022491 7.555444
v -8.900062 4.199829 -3.513540
v -7.917022 3.141503 -3.136971
v -7.896215 3.026174 -2.129530
v -7.814153 2.750138 -3.262018
v -8.129721 3.572475 -2.671822
v -8.819528 3.732943 -3.992939
v -8.004276 3.333417 -2.541603
v -1.241294 -3.496156 7.832302
v -5.373418 -7.772153 2.151808
v -7.959803 3.085710 -2.312990
v -1.316564 -19.777344 4.158759
v -0.239204 -3.022531 7.390237
v -8.888906 4.432249 -3.635345
v -1.349252 4.630554 7.387689
v -7.630522 2.776875 -2.134260
v -7.937940 3.681561 -2.695385
v -0.113099 7.738656 8.660822
v -8.989591 4.262202 -3.686569
v -8.747717 4.371442 -3.622227
v -1.479783 4.101701 6.951189
v -1.116160 -24.998034 6.693681
v -8.138034 5.926364 -2.348328
v -8.549868 4.425007 -3.459356
v -8.904150 4.641858 -3.823717
v -7.987331 5.666880 -2.161533
v -7.805264 3.291245 -2.215225
v -8.573685 4.427063 -3.283581
v -8.343801 4.012500 -3.276638
v -8.204504 3.373692 -2.852913
v -8.849780 4.187716 -4.205963
v -0.386441 7.783470 8.327854
v -8.829996 4.650250 -3.697193
v -7.639160 3.210174 -2.089321
v -6.022387 -6.769272 1.118383
v -0.951674 -20.095247 6.425451
v -8.961482 -20.209948 -3.139534
v -0.834381 -1.821923 7.500251
v -4.696836 -11.264244 1.829466
v -1.495086 7.718029 6.686344
v -8.802346 4.524272 -3.684946
v -7.771756 3.374080 -2.382469
v -8.414918 -20.153429 -2.229954
v -6.080608 -4.174821 -1.071098
v -6.655638 5.139956 0.316866
v -8.419081 4.361027 -3.132393
v -5.504878 -7.780028 1.185201
v -8.186647 3.793404 -2.935152
v -7.697084 3.673183 -2.286230
v -8.385571 4.634834 -3.386124
v -4.593690 -8.175464 2.940721
v -2.237692 -7.401623 5.364674
v -1.432403 -5.929515 6.839213
v -8.151716 3.743221 -3.559504
v -8.720934 4.739986 -3.734421
v -7.950735 5.660212 -2.487865
v -8.679738 4.929951 -3.693356
v -7.659152 2.284788 -3.434145
v -7.897649 3.578985 -3.209509
v -7.877240 5.842714 -2.752155
v -8.554274 4.433404 -3.666719
v -6.188933 -7.516183 0.300871
v -1.479461 -4.734809 6.955293
v -8.323793 4.733123 -3.175436
v -6.560218 -4.107749 -0.232936
v -7.290961 2.211193 -2.582859
v -4.217048 -20.050110 1.374582
v -8.695182 4.539200 -3.732910
v -2.940702 -18.998163 4.830316
v -8.055334 3.858206 -3.094019
v -8.203612 4.523396 -3.070707
v -1.324736 -4.980663 6.680477
v -0.944803 -4.347886 7.492923
v -0.007562 8.084733 8.526454
v -8.562086 4.548443 -3.756069
v -7.358305 5.980745 -3.179008
v -7.476399 3.635380 -2.127573
v -5.832401 -12.806137 2.997179
v -8.624386 4.988506 -3.992390
v -8.221386 4.874228 -3.350143
v -6.950103 3.473480 -2.005959
v -0.795435 -20.115332 6.863133
v -8.046651 3.993513 -2.859983
v -8.120143 4.949370 -3.032799
v -6.289276 -6.738041 -0.860794
v -5.993798 -6.705814 0.272496
v -8.954812 -20.407434 -3.686293
v -8.559453 4.895811 -3.706383
v -6.140871 -5.938589 -0.008663
v -8.122619 4.073688 -2.966236
v -8.171649 4.992759 -3.259424
v -7.936984 4.584881 -2.952394
v -0.962485 -5.302721 6.850132
v -8.410063 5.158306 -3.616772
v -8.033940 3.979433 -3.166504
v -8.244336 4.255435 -3.177691
v -7.689411 3.711117 -2.446993
v -8.128354 4.252026 -3.050814
v 0.317954 7.666181 7.922434
v -3.807888 11.211720 6.814935
v -7.950500 5.715831 -2.676924
v -8.065222 5.223479 -3.197546
v -8.126097 4.063824 -3.183361
v -0.764582 7.896469 7.582108
v -4.715980 -8.881799 1.848046
v -8.295356 5.509997 -3.413319
v -7.934305 5.704567 -2.839735
v -8.425518 5.414804 -3.671293
v -7.946973 3.921778 -3.375032
v -0.969175 4.389372 7.029234
v -8.153337 3.934804 -3.361403
v -8.220387 5.344510 -3.464602
v 0.156674 7.613161 8.467653
v -7.854476 5.609047 -2.683588
v -7.981377 5.605776 -3.055473
v -8.095308 5.464098 -3.255775
v -1.100560 -4.746222 6.968740
v -8.636232 4.698685 -3.760218
v -7.971033 5.701495 -3.166416
v -6.032681 -3.126188 -1.140360
v 0.284337 7.721629 8.548015
v -0.872230 -5.004500 6.778595
v -7.282687 4.485597 -4.895088
v -1.782486 -6.818415 5.954225
v -8.096339 3.320813 -3.950661
v -7.847564 5.155389 -2.976233
v 0.065559 -3.857012 7.005989
v -8.188917 5.649267 -3.310650
v -2.512899 -15.248267 3.067720
v -0.524747 3.317057 6.802961
v -0.217695 -20.686037 6.793100
v 0.497507 7.532433 8.386251
v -8.342003 4.264565 -4.661039
v -8.472642 4.683757 -3.753523
v -8.349623 4.572496 -3.692430
v -8.484283 3.546950 -4.775215
v -7.323691 4.258266 -2.289661
v -3.774736 -19.316341 2.088083
v -0.098310 7.652531 8.059505
v -3.086562 -8.243894 4.119305
v -7.866795 3.438252 -2.619999
v -0.655774 -4.621777 7.004045
v -6.722105 4.657446 -1.566540
v -2.746898 -16.204815 3.877410
v -6.282176 4.518849 -1.159426
v -0.707603 -6.282578 6.272433
v -6.920054 5.588592 -1.468060
v 0.475763 7.864867 8.234293
v -8.096516 2.901235 -4.297901
v -6.318382 4.589668 -0.881955
v -6.465764 4.987965 -0.584149
v -8.349833 4.581923 -3.573994
v -0.117908 -0.921310 7.129982
v -8.073804 5.384706 -3.795818
v -0.154358 7.596694 7.310804
v -0.350286 -5.405087 6.295135
v -7.601022 3.955047 -2.699060
v -7.537190 4.290479 -2.696310
v -7.725470 3.915039 -2.782583
v -8.406599 4.950363 -3.719305
v -7.669223 3.672061 -2.585154
v -6.390640 3.927462 -1.500614
v -6.160499 3.711830 -0.520130
v 1.253056 8.699215 6.547502
v -6.410793 4.414127 -0.418294
v -7.592502 4.118318 -2.621399
v -7.136800 2.968400 -2.126375
v -7.773823 4.241075 -2.856655
v 0.393096 7.578064 8.274986
v 0.788020 7.434218 8.267744
v -5.956625 -5.193985 -0.841249
v -8.106794 5.266258 -3.458313
v -8.061220 -20.194195 -3.627165
v -7.145807 2.589393 -2.357639
v -8.129765 4.957342 -3.424597
v -7.437730 1.809628 -3.899141
v -6.746686 2.240638 -2.435610
v -8.251543 4.743138 -3.481094
v -0.510034 -20.092009 6.429954
v -2.605403 -15.747709 3.437594
v -8.222534 4.798124 -3.695633
v -2.336757 -15.576900 3.014848
v 0.705963 7.414330 8.325948
v -7.627283 5.528275 -3.673096
v -8.264482 5.142032 -3.627123
v -5.927150 3.801331 -0.844437
v 0.672765 7.479871 8.116369
v -7.581993 5.549484 -2.263577
v -6.256790 4.157601 -0.784932
v -6.234778 4.529649 -1.146788
v -5.661168 -16.167349 1.966606
v -6.193946 4.252942 -1.119347
v 0.191470 2.086934 6.521000
v -7.291109 5.176365 -2.577923
v -7.693790 3.777810 -3.552599
v -2.390468 -16.063137 3.405293
v -1.512825 -7.222492 5.197177
v -7.810954 -20.392208 -4.403708
v -7.084709 2.283051 -2.636999
v -2.098243 -17.130466 3.703250
v -7.918158 -7.114554 -4.184322
v 0.862279 7.423549 7.952373
v -6.239146 1.837111 -2.076479
v 0.856337 7.342521 8.102354
v -7.719787 1.937533 -3.286585
v 1.090047 7.564411 7.888288
v -1.482917 -6.975173 5.466724
v -7.568659 -7.125482 -2.351002
v 0.874407 7.337279 8.226793
v 0.238515 7.533606 7.248106
v -7.639409 2.421244 -4.665428
v -7.816238 2.852211 -4.289478
v -7.920141 3.765151 -3.583004
v -5.910042 3.573126 -1.247465
v -9.142541 -7.818354 -1.174002
v -1.212515 -7.193116 5.184848
v -1.853282 -16.360367 2.944256
v -7.002135 -20.128872 -2.882965
v -1.609137 -7.634216 4.855525
v -1.142348 -6.883008 5.444741
v -7.837412 3.739663 -3.297503
v -6.069173 3.163451 -0.464523
v -7.752391 2.209907 -5.317513
v -7.409989 1.798682 -3.145643
v -1.174270 1.707347 6.832446
v 1.004744 7.277557 8.131026
v -1.035105 -7.304957 5.141309
v -3.956843 -18.553192 1.627624
v -5.812028 3.303260 -0.905324
v 0.228349 1.146388 6.737840
v 1.047509 7.211339 8.019686
v -5.797636 -5.467214 -3.066082
v -7.413457 3.533803 -3.693779
v -0.857638 -7.885668 4.660862
v 1.143435 7.295223 8.012810
v -0.097886 -4.717392 6.397802
v -5.598703 2.632738 -1.181971
v -7.568946 3.426657 -3.454144
v -0.496908 7.071856 6.765352
v 1.191411 7.134518 7.977206
v -9.770933 -8.319008 -5.387608
v -0.662683 -7.322198 5.060355
v -6.487967 5.157707 -4.592953
v -0.976163 -6.814505 5.579487
v -6.678766 -20.172354 -4.549807
v -0.350274 -6.367156 5.533346
v 1.300745 7.139653 7.927568
v 1.108247 7.195662 7.841478
v -4.537062 -16.266159 -0.284261
v -5.437820 -4.021293 -1.963680
v -6.228575 1.354781 0.628973
v -7.181637 3.285569 -3.920101
v -3.810687 -18.713963 -0.159493
v -3.601629 -20.049770 0.949420
v -6.697966 1.804338 -3.123087
v 1.018829 6.848089 7.433215
v -5.775581 0.353487 -0.979823
v 0.252648 0.476974 7.055428
v -7.801675 3.478177 -3.837679
v -5.990774 2.602999 -1.557411
v 0.430835 -4.602419 6.049971
v -1.406485 -8.533077 3.937235
v 1.291133 7.008074 7.813871
v -3.808906 -19.958061 1.972518
v 0.578351 -3.860564 6.289340
v -0.167261 4.890254 6.688610
v 0.301671 6.744298 6.763921
v -7.281524 3.118659 -4.094603
v -0.727985 -23.632969 7.105484
v -5.449407 1.713227 -1.338018
v -7.225676 3.129089 -3.828205
v -1.156776 -10.527811 2.457349
v -7.344091 2.209478 -3.920492
v -9.282359 -9.067766 -6.152258
v 1.371296 7.193302 7.833444
v -3.366512 -19.783649 1.426038
v 1.457350 6.953763 7.851884
v -3.421826 -20.038261 1.227090
v -6.038899 0.971971 -2.999001
v 1.394802 6.689781 7.647558
v 1.808101 6.290876 7.909038
v -7.532225 2.967630 -3.541374
v -8.391155 -9.834921 -6.309330
v 1.988547 6.642412 7.978837
v -7.665692 3.042763 -4.181826
v 0.740767 -4.133308 6.275732
v -3.273923 -19.911148 1.028831
v -7.423788 2.575535 -3.683334
v -3.397642 -20.025677 0.788123
v -6.699961 0.649180 -4.093193
v 0.636564 1.433961 6.541105
v -5.306510 1.011449 -1.637712
v -7.488142 2.628013 -4.448088
v -7.171486 2.519935 -4.055801
v -7.205938 2.305717 -4.313675
v -7.172832 7.205875 -2.690256
v -7.244191 1.813244 -4.249197
v -7.121644 1.930156 -3.006956
v -7.092600 3.028131 -4.043869
v -7.065733 2.817886 -4.150013
v -7.198210 2.783256 -4.267996
v 1.477923 5.739432 7.488263
v 1.045546 0.593686 6.675882
v -3.462244 -19.341801 1.144099
v -7.045937 1.614934 -3.433611
v -5.334249 0.631725 -1.772791
v 0.778167 1.068650 6.772804
v -0.446922 -7.431360 4.865749
v -7.329690 1.514071 -3.741817
v -7.086454 1.964774 -4.624781
v -7.076308 1.973558 -6.227718
v 0.636486 -24.390181 6.151802
v -1.672671 -25.484941 -6.009798
v 0.915938 1.239910 6.545732
v 0.393881 3.413067 6.299471
v 1.147178 5.569595 7.001572
v -6.712839 1.227263 -3.747950
v 0.554114 -2.043535 6.840431
v -0.725939 -20.061184 5.816175
v -5.135328 0.420456 -2.155937
v 0.108972 -5.760665 5.381747
v 1.007744 2.422713 5.941432
v 0.506168 5.209484 6.517098
v -3.312016 -19.837456 0.827006
v -5.520442 1.390605 -1.908611
v -2.996963 -9.683233 2.660350
v 2.070536 5.600368 7.955132
v -7.111637 1.313214 -4.257238
v 1.404732 4.005336 6.743711
v -3.384056 -20.014154 0.497135
v -7.080494 1.622861 -5.381935
v -0.740182 -8.042257 4.312834
v -3.482201 -20.027292 0.243110
v 0.928995 1.236333 6.288255
v 0.944932 -4.440724 6.255732
v -0.576535 -8.516151 3.718868
v 2.167347 6.150955 8.145975
v -7.095345 1.897975 -4.922676
v 2.272233 7.049864 6.929806
v -5.393047 0.555542 -2.583471
v -6.790101 1.521434 -4.888910
v -0.427341 -7.805956 4.337654
v -7.690995 3.425579 -5.506498
v 0.994371 -3.471425 5.934126
v -6.529341 0.050970 -4.145863
v 0.485650 -25.368889 5.828785
v 0.077820 -20.078911 5.695436
v -8.295156 -7.798362 -5.969559
v -0.178580 -7.198825 4.648849
v 2.606373 6.313724 8.048481
v 1.949125 5.213199 7.343126
v -0.970444 10.777197 5.931564
v 2.740785 6.590789 7.344149
v 1.224227 2.948448 6.053452
v 2.900476 5.473097 8.020138
v -3.425471 -19.520542 0.415868
v 2.489956 5.127191 7.756856
v -6.682020 -0.529830 -4.891129
v -7.048508 1.391392 -5.945305
v 0.506978 -8.017785 3.580918
v 1.923872 4.853202 6.913766
v -6.693428 0.768863 -4.835539
v 1.103676 -25.244638 5.596854
v -0.241956 -7.640687 4.250314
v -6.904383 1.382175 -4.675085
v -3.731009 -20.052069 0.550725
v -2.327658 -12.074554 1.753936
v -6.406389 1.082561 -5.653173
v 1.131751 -0.655157 6.302837
v -0.267128 13.793995 -1.565792
v -6.288174 -0.496384 -4.661160
v -6.761216 -0.074931 -5.095549
v 1.008071 -5.283137 5.437183
v 1.233842 -4.003906 6.052205
v -9.303929 -9.759808 -4.651697
v -5.959870 -0.278550 -4.187794
v -6.382884 0.467125 -5.064310
v 0.670289 -5.613238 5.227180
v 1.970906 4.090568 6.813318
v -6.368941 0.980637 -4.890934
v -3.739189 -19.606607 -0.480489
v 2.001369 3.710338 6.890500
v -6.337011 -12.415649 -3.681988
v -6.502079 -0.480817 -5.233212
v -5.014059 -1.995355 -2.308039
v -7.600746 -10.522721 -5.146833
v -6.699152 0.314337 -5.072502
v -5.732827 -12.894451 -6.005875
v 1.047397 -20.121529 5.597967
v -4.127564 -20.045502 0.057265
v -4.524088 -16.549721 -1.937910
v 0.780907 -6.360552 4.585871
v -5.455550 -0.723204 -4.300789
v 0.948719 -20.386034 5.887758
v 2.190066 3.871696 6.828445
v -5.098743 -20.063366 1.158698
v 1.881254 -4.774902 4.370706
v 2.969880 6.315909 7.676991
v 1.683851 -6.397337 3.302690
v -1.310021 -18.213749 3.329540
v -5.211879 -14.759383 -2.105442
v -6.267660 -0.633400 -4.898861
v -4.308788 -19.999390 -0.820002
v 2.186097 2.963368 6.692295
v -0.028077 -25.483727 5.633782
v -5.753984 -0.651630 -4.470371
v -6.177227 1.123107 -5.188141
v -5.962197 -20.057327 -0.274585
v 2.247472 3.556102 6.884939
v -6.010406 0.079941 -5.145565
v 2.780647 3.277966 7.219233
v 2.200183 3.726380 6.858099
v -6.554831 -0.082459 -5.266176
v 2.488240 3.889626 6.883105
v -4.252786 -17.801876 -1.842751
v 1.395640 -20.146549 5.461865
v 1.206929 -21.499821 5.790645
v 2.368530 4.980056 7.052790
v 1.466634 -20.140434 5.399011
v 2.370438 3.729354 6.762768
v 1.384102 -20.107353 5.419571
v -5.265836 -3.076351 -1.972111
v -5.921613 0.394491 -5.005438
v -5.795156 -0.899895 -4.719038
v 3.135157 5.911877 7.822954
v 2.259011 3.811408 6.797793
v 1.192294 -20.091190 5.271999
v 1.642179 -3.291410 5.251036
v -5.918139 0.941767 -4.984087
v -6.328018 0.069388 -5.253626
v -5.474938 -0.485971 -4.088884
v 2.673599 5.097273 7.327891
v 2.340901 3.958758 6.734988
v 2.269282 3.908061 6.770244
v 0.668068 -20.058704 4.348808
v -4.755245 -16.020893 -2.904278
v -4.759399 -1.872494 -3.333221
v -4.273260 -17.306705 -3.646456
v 2.856266 4.984563 7.188352
v 2.478057 4.206576 6.797116
v 2.893816 5.277570 7.489257
v 2.988888 4.825142 7.157776
v -4.977915 -0.947428 -2.831526
v 2.205952 4.086499 6.772307
v 2.929993 4.680055 7.211169
v 2.024927 2.098735 5.855418
v -4.484720 -16.835499 -3.787848
v 2.848362 4.853974 7.170710
v 3.005582 2.851717 7.280667
v 3.088209 4.658936 7.148050
v 2.216233 4.308483 6.765123
v 3.138075 4.969381 6.987346
v -4.613664 -16.759766 -2.809088
v 3.177754 3.265065 7.282558
v 3.079180 4.477661 7.237865
v 2.977902 4.219092 7.229849
v -4.006734 -19.263287 -1.633421
v 2.891925 3.846972 7.189311
v 2.994184 3.672798 7.337719
v 3.223964 3.616815 7.220104
v -4.955757 -0.576845 -3.490818
v 2.964153 4.484883 7.138561
v -4.836806 -0.821246 -3.598938
v -5.103440 -0.541839 -3.858219
v 0.891232 -3.090158 6.462363
v 2.991311 3.984297 7.310958
v 1.470532 -20.369301 5.526806
v -6.251471 -0.255190 -5.283510
v 2.909310 4.653630 7.110008
v -6.138108 -0.620994 -5.155548
v 3.219412 3.927098 7.217228
v 2.664485 4.811208 7.063356
v -5.673264 7.736801 -4.971331
v 3.258286 4.486979 7.041072
v 3.236387 4.219925 7.141569
v 3.530672 3.261883 6.970702
v -4.859832 -1.271402 -3.289942
v -6.083239 -0.538489 -4.744051
v -5.931836 -0.378743 -5.150415
v 1.768446 -2.170449 5.753231
v -4.814939 -0.314534 -2.853508
v -4.843484 -0.698786 -3.842422
v -5.604827 0.867450 -5.316605
v -5.270294 -0.252993 -1.997444
v -4.825120 -0.609831 -3.431498
v -5.839796 -0.710282 -4.766991
v -2.585931 -13.941138 2.393207
v -5.628374 -1.156099 -4.662449
v 3.417244 3.957815 6.932919
v 2.654845 3.762290 7.010233
v 2.750063 4.588835 6.979202
v -5.944036 -0.608500 -5.001192
v -5.104415 -0.255139 -3.405254
v -5.394443 -14.654210 -3.989504
v -5.648945 -1.278308 -4.939743
v 3.170602 6.331032 7.085608
v 2.970134 4.532932 7.089447
v 1.816504 -24.554634 5.217026
v -6.024176 5.877494 -4.391319
v 3.177211 6.192411 7.371233
v -6.410587 -21.944315 -5.694189
v 2.941246 4.263230 7.101933
v -5.731044 -0.929820 -4.947428
v 2.767310 4.262823 6.968282
v -5.690780 -0.783995 -5.053572
v 3.099406 5.525229 7.480351
v 1.749693 0.483805 5.390141
v 3.203609 5.939018 7.497793
v 3.494067 5.695919 7.248053
v 1.022252 -25.481569 5.335616
v -1.061985 -25.495090 -2.151632
v -5.538264 -1.154189 -5.059254
v -4.412899 -2.153780 -3.436613
v -5.285805 -1.240124 -4.678864
v 3.373723 5.362674 7.146824
v 1.428866 -25.377682 5.195695
v 3.482184 6.129502 7.136147
v -6.247571 -20.163010 -5.384897
v 3.486031 5.927046 7.285107
v 3.160247 1.751184 6.479772
v -6.089643 3.903607 -5.794811
v -6.306584 -10.980229 -7.212080
v 3.623997 5.136807 7.242257
v 1.814420 -20.199635 4.908939
v 3.156324 5.247189 7.061496
v -5.565305 -0.099937 -5.056017
v 3.600852 2.586463 7.117453
v 3.298423 4.673806 6.878510
v 3.766507 5.717673 7.342941
v 3.623930 6.199396 6.685099
v 3.065497 2.251635 6.906488
v 3.557888 5.059802 6.997656
v -4.536147 -2.282432 -2.795582
v -1.805222 -14.888113 2.154753
v -5.099313 -0.564702 -4.086365
v 1.546597 -25.485678 4.966968
v -5.413475 -0.997579 -5.090300
v 3.704696 4.844397 7.218114
v 2.981181 -25.002760 4.317448
v -5.258399 -1.319125 -5.086878
v -5.349849 -0.724174 -5.206339
v 3.669704 5.954066 7.336037
v -4.766196 -0.931204 -4.004959
v 3.198608 -22.403130 4.307123
v -4.780300 -0.728161 -4.004793
v 1.913037 -25.390036 4.825299
v 3.908322 4.793724 7.449691
v -5.714636 -20.118814 -4.350439
v -4.810233 -1.309681 -3.820761
v -4.224586 -2.224322 -3.391531
v -5.171674 -0.889103 -4.484276
v 1.142931 -25.488113 4.514437
v -5.300371 -1.200478 -5.114378
v -4.443429 -2.777904 -2.872080
v -6.681213 2.764618 -6.187090
v 4.221759 4.337742 7.087791
v -4.928171 -1.253568 -4.750885
v -5.401664 4.334982 -5.564634
v 3.941912 2.656380 6.793203
v -5.321342 -0.943023 -5.303804
v 3.427146 5.196577 6.986508
v 1.845324 1.631102 5.216386
v 4.113421 5.446954 7.454791
v -4.974833 -1.029932 -4.572239
v 3.988477 6.022820 6.769662
v -4.179205 -19.506701 -4.064951
v -4.917204 4.862901 -5.446384
v -4.866865 -0.837519 -4.481571
v -4.777936 -1.077643 -4.353167
v -4.640009 -1.255041 -4.688250
v 3.938368 5.742126 7.446753
v -5.238153 -1.128485 -5.191710
v -4.468995 -1.609242 -4.249460
v 2.000240 -0.834242 5.237656
v -5.140055 -0.686296 -5.499975
v -5.096827 -1.197618 -5.180851
v 2.491924 1.441205 5.432097
v -5.312472 -0.942101 -5.611786
v 3.749539 5.373734 7.221634
v 3.597290 5.009674 6.848240
v 3.883865 5.555565 7.290256
v -5.143564 -1.208473 -5.316631
v -7.249766 -9.057310 -7.830957
v 4.248924 4.414019 7.499599
v -5.710683 0.715089 -5.705572
v 4.329792 5.214171 7.600265
v 3.441199 4.941431 6.770715
v 4.215418 5.452604 7.627945
v 4.023712 4.820373 7.449309
v 3.130754 -25.436785 3.550709
v 3.884787 1.975313 7.015332
v 3.054184 1.305090 5.684194
v -6.031082 -7.321355 -6.865452
v -5.060437 -1.334018 -5.570471
v 4.311975 4.676258 7.597548
v 4.435130 5.723541 6.472780
v -5.095537 -0.991048 -6.032721
v 3.078331 6.466857 6.421196
v 4.437834 5.172559 7.754206
v 3.774410 4.838436 6.911524
v -4.904395 -1.283319 -5.161551
v 4.667090 4.252604 7.647484
v -4.365346 -3.619440 -3.840334
v 4.446417 4.894169 7.644590
v 4.567609 4.887922 7.842992
v -5.322077 0.621615 -5.148239
v 4.698053 5.447990 6.847844
v -4.880227 -0.739551 -5.919914
v 5.083017 5.098026 6.958502
v 4.512388 4.656540 7.773602
v 3.845809 4.756203 6.525715
v -4.942985 -1.337875 -4.970638
v -5.061749 -1.274584 -5.091375
v -6.540864 1.061157 -6.581196
v -4.017990 -2.081528 -3.603622
v 4.063220 1.353405 6.423153
v 2.205949 -1.830016 4.904734
v 3.332229 0.729830 5.326012
v 4.776750 4.594406 7.906497
v 4.125945 4.918076 7.394117
v -5.455034 -20.219383 -5.915150
v 2.836849 -1.052263 4.536578
v -3.792588 -2.759804 -4.400837
v -4.312576 -1.979279 -3.756655
v -3.931435 -2.035266 -4.323544
v 4.516380 1.647913 6.711981
v 3.431690 4.331576 6.842709
v 4.374554 4.419833 6.478870
v -5.773819 -6.297918 -5.322416
v -4.860695 -1.514905 -5.926527
v 5.084449 4.767784 7.675042
v -5.044966 -0.455108 -5.346806
v 4.255178 5.268780 7.446639
v -4.537776 -1.356535 -5.041424
v -6.401624 0.752602 -6.195387
v -4.909647 -1.148364 -6.357527
v -5.740895 0.281723 -6.272575
v -4.389157 9.754124 -5.861111
v -1.032645 -13.515010 1.105267
v -4.666597 0.106810 -5.534304
v -4.157168 -2.106720 -4.928694
v 3.072356 0.674686 4.807602
v 5.408825 4.211797 7.533844
v 3.332544 0.231862 4.770655
v 4.973123 3.699547 7.152737
v 2.457738 1.040867 4.680184
v -0.707558 -16.025223 1.496240
v -4.330777 3.979802 -5.846203
v 2.720701 1.075778 4.964684
v -5.127938 0.526422 -5.700285
v -5.338499 0.210488 -7.002991
v 5.661290 4.461481 7.080837
v 2.213203 0.671566 4.717990
v 2.827825 -1.240234 4.387863
v 2.570830 -2.180940 3.788347
v 3.690073 4.476361 6.463525
v 2.516566 0.528792 4.303719
v -4.509214 -2.697191 -5.905684
v -4.328077 -20.114016 -6.468391
v -5.189996 0.294116 -6.127342
v -4.189344 5.488918 -6.612978
v 5.033553 2.168922 6.288861
v 3.884710 0.169062 5.392272
v -6.156704 1.403265 -6.877794
v -4.277458 -1.547425 -5.031134
v -0.474434 -12.635009 0.910809
v -4.109465 -2.761915 -6.765265
v -4.610804 -1.611079 -6.416567
v -4.655038 -0.436983 -5.750849
v -6.166995 -24.888659 -5.691696
v -4.520434 -3.226243 -6.484034
v 2.375314 0.102900 4.661557
v 2.954356 -1.082277 4.003407
v 3.012002 0.696558 4.516342
v 3.151477 -1.167019 4.441521
v 2.962328 0.420631 4.207734
v -4.511873 -1.654253 -5.750795
v 0.469485 -15.310134 0.548664
v 2.617593 -1.458332 3.924101
v -4.409540 -2.105869 -5.696501
v 3.717641 3.824117 6.571856
v -4.702161 -1.620372 -6.141222
v 2.923779 -0.331961 4.388013
v -4.353056 -2.031934 -6.215454
v 5.726147 3.067300 6.545368
v 3.203951 0.282397 4.487278
v 2.745514 -1.425885 3.413495
v 6.067247 3.870228 6.946496
v -3.351222 6.639450 -7.765915
v 4.205099 4.467686 5.949878
v -4.320298 -3.043293 -6.777973
v -3.945971 -1.689353 -6.799990
v 4.916239 3.854216 6.550230
v 3.250135 -1.109786 4.141004
v -4.382668 -3.590352 -6.784248
v 5.236535 1.349483 6.453859
v -4.662784 -0.830489 -6.298632
v 3.101939 -0.713741 3.263349
v -5.191533 -20.652328 -6.565588
v 3.071271 -0.915658 3.857576
v -4.213639 -3.879584 -6.303255
v 4.092716 3.684916 6.176988
v -4.183393 -3.295951 -5.853016
v 4.549264 -0.235397 5.556811
v 4.886847 0.673336 5.786000
v -4.812828 3.227322 -6.299686
v -5.194093 0.797894 -7.492924
v 4.840014 0.913896 6.101416
v -4.200589 -3.914214 -6.726860
v -3.571327 3.669621 -6.542259
v -5.403439 2.228045 -6.838913
v 0.239463 -18.355204 1.466980
v 3.728997 -0.347777 4.853317
v 4.904690 1.150028 6.513349
v -3.894462 -3.405358 -5.385147
v 3.274065 -0.607086 4.374104
v -4.347823 -3.279612 -6.883131
v 4.506843 0.151305 5.474076
v 3.371464 -0.267631 4.326242
v -4.498274 0.169992 -6.380461
v -3.990075 -3.111461 -7.237276
v 4.246927 -0.685853 5.380985
v 3.290033 -0.951348 4.437054
v 3.362921 -0.841822 3.197896
v 1.729813 -8.652395 1.863352
v -4.391529 -25.431347 -6.867481
v -4.278273 -0.150628 -6.223097
v 4.020026 -0.777177 4.714942
v -4.772236 0.141710 -6.818985
v -4.221457 -4.184692 -6.753460
v -4.032086 -4.570619 -6.690710
v 2.054257 -14.325217 -0.891162
v -4.433214 -25.476820 -6.894232
v 4.331614 -0.962624 5.082443
v 4.651772 3.205928 6.046828
v -4.503133 -0.483612 -6.185816
v 0.760239 -10.839891 1.639877
v 4.195954 0.854643 5.696528
v 3.712503 -0.609607 4.412469
v -4.464617 -25.473724 -5.476685
v -4.379647 -3.511044 -6.422878
v 5.043980 -0.869532 5.338659
v 2.973733 -1.015855 2.950754
v -4.439492 -25.476280 -6.877674
v -3.870699 -4.092903 -5.360714
v 3.986816 -0.777288 4.522362
v 4.703018 4.195857 5.765065
v 4.754931 4.171236 6.149381
v 3.342651 -0.860689 3.655986
v -4.418769 -25.476883 -6.909901
v 3.228391 -0.806285 3.020957
v -3.969679 -4.143213 -6.137074
v 3.668895 -0.751364 4.328148
v -4.269600 -4.241108 -6.629654
v 4.085726 -1.085163 4.405323
v 4.747047 3.830362 5.714317
v 3.629271 -1.048550 3.778502
v -4.152911 -4.394191 -7.049294
v -4.442883 2.120942 -6.967976
v 3.497196 7.887772 4.247903
v -4.194972 -0.577873 -6.621183
v 3.528393 -0.988782 4.283628
v 3.934454 -1.151811 4.231962
v 5.990700 2.986345 6.734063
v -2.882242 -25.454281 -7.032795
v -4.382829 -1.191976 -6.740829
v -3.688806 -4.551323 -6.232027
v 5.661184 3.560603 7.257807
v -4.226237 -4.498594 -7.009779
v 4.894327 -0.189233 5.248341
v -4.060792 2.911076 -6.372871
v 4.108072 5.954314 5.524844
v 5.158635 3.751890 6.070796
v -3.953730 -0.827744 -6.910212
v -3.125341 -19.922640 -6.193396
v 4.061311 -1.703843 3.978432
v 6.683068 3.615625 5.874506
v 5.234560 0.765913 5.937543
v 5.500879 3.321566 6.161484
v 5.091628 3.545778 5.731432
v 6.071944 4.488942 5.359201
v 2.454162 11.197346 3.132314
v 5.068517 -1.225620 5.398767
v 3.071981 -1.381112 2.683638
v -4.003860 -3.615036 -7.332314
v -4.109924 -4.213342 -6.972641
v 4.964514 3.933765 5.771749
v 5.188528 0.459876 5.584293
v -4.734032 1.400527 -7.397202
v 5.247222 0.494538 5.336594
v 5.313679 0.163630 5.270147
v -3.770966 1.550621 -6.919903
v 5.226047 2.926425 5.868315
v 5.082328 -0.564555 5.216518
v -4.325268 -24.397335 -7.098095
v 5.223284 0.726481 5.666722
v -3.788064 -4.673644 -6.582701
v -4.422685 -5.268143 -5.535290
v 5.240879 0.689366 5.467112
v 5.301352 0.742665 6.133945
v -4.110331 -4.706286 -7.368797
v 4.977413 0.169569 5.414895
v 5.239217 3.637960 5.727586
v 5.416345 3.380559 5.687419
v 5.292591 0.904583 5.263594
v -3.720324 -4.929042 -7.082979
v 2.324121 -3.749369 3.446968
v 5.416400 0.827810 5.454713
v 5.034993 -1.466456 5.054523
v 4.378516 -1.761755 4.376384
v 4.358863 -1.117051 4.702706
v -4.381618 0.700140 -7.561129
v 5.178409 0.808751 5.156438
v -5.537764 -8.479454 -8.440411
v 3.489217 -20.421122 3.099194
v 2.277057 -25.492147 1.948737
v -3.148823 0.680201 -6.876591
v 5.479335 0.890229 6.352737
v 5.239212 0.591974 4.983256
v -3.927647 -4.421698 -7.296761
v 5.185950 5.211053 5.104638
v 5.469801 3.420658 5.923985
v -4.086178 1.373497 -7.248232
v 2.925925 -3.707467 2.316199
v -3.944550 -4.905096 -7.380730
v -4.682466 -10.950788 -8.273281
v 4.901668 -1.621123 4.656569
v -2.817786 2.388894 -6.865541
v -3.948808 -4.021528 -7.171856
v 2.266968 -5.447778 2.551689
v 2.564569 -4.544107 2.497810
v -4.449817 0.229146 -7.339815
v 6.349111 2.441084 6.120197
v -3.616924 -4.888778 -7.590195
v -3.541700 -4.668118 -7.453791
v -3.800557 -5.281723 -7.738760
v 3.558254 -0.933595 3.294139
v 2.834353 -4.294359 1.955576
v 2.823794 -4.090462 2.186852
v 5.334922 0.338206 4.983538
v -3.317471 -1.280412 -7.319597
v 4.935328 -2.504589 3.737332
v 3.063512 -3.901780 2.133321
v -3.938704 -0.139608 -6.746994
v -3.808317 0.784562 -7.261343
v 2.812604 -4.616491 1.702632
v 5.072029 -1.893062 4.555786
v 5.205683 0.837008 4.813806
v 5.767396 2.558049 5.606480
v 3.438795 -3.356161 2.273538
v -3.611127 -5.060340 -7.847776
v 2.239130 -20.049761 1.976040
v 5.623247 0.764291 5.482193
v 2.835473 -4.951864 1.044092
v 3.035316 -3.045734 2.266257
v -3.439975 -3.945068 -7.640421
v -3.535551 0.258353 -7.254784
v 5.343302 1.071618 5.083580
v 3.314773 -4.034152 2.239616
v -4.038464 0.052969 -7.025551
v 3.207944 -4.769384 1.688484
v -3.754014 -5.396376 -8.051792
v 3.252903 -1.092227 2.646782
v 3.024036 -2.060681 2.627825
v -3.621024 -0.194514 -7.133467
v -3.437379 -5.111331 -6.938538
v -2.937418 -0.100843 -7.151096
v -3.384004 -24.991165 -7.676764
v 3.501931 -4.596156 2.135499
v -4.097136 -7.363693 -8.250004
v 5.458426 0.096954 4.816592
v 5.357182 -1.207700 5.194221
v 5.638433 1.299619 4.711158
v 5.630977 1.445515 6.153170
v 5.754580 0.520215 5.774849
v 5.488547 3.136085 5.666714
v -3.675832 -5.132241 -6.454027
v 5.378623 0.451764 4.649781
v 3.463151 -1.587227 2.393353
v 5.623625 -2.481347 4.125548
v 5.702291 3.098190 5.839941
v -3.885615 -16.850304 -5.313234
v -3.126662 -9.867392 -9.633184
v 5.228606 -1.607139 4.534488
v 5.869077 0.835010 5.222698
v 5.929705 0.657363 6.071738
v 3.481967 -1.005117 2.740256
v -3.614378 -5.339899 -7.572081
v -3.639866 -5.315016 -8.094725
v 3.939356 -1.435661 3.050323
v -2.931386 -17.595844 -6.196177
v 5.330273 -1.534816 4.944557
v 5.286853 -0.135372 5.052415
v 5.293715 -1.553721 4.752240
v 3.564419 -2.542548 2.352549
v 5.565765 0.599150 4.274673
v 5.819421 2.799005 5.527171
v 5.804439 0.946125 6.208152
v -3.437495 -18.316545 -5.460011
v -2.758924 -17.893024 -6.292992
v -3.586681 -5.586091 -6.860188
v 6.327748 3.256380 6.797886
v -3.532067 -5.155767 -7.958008
v 6.113185 0.616122 5.578117
v 3.816215 -3.943532 2.546188
v -3.557638 -4.427098 -7.432156
v 3.684560 -3.583166 2.437305
v -3.756476 -20.597811 -7.596926
v 5.360178 -0.526801 4.859322
v -3.214429 -16.163877 -6.441399
v -3.446624 -5.215592 -8.030325
v 5.924592 2.805346 5.895261
v -3.511427 -5.416750 -8.210224
v 5.715649 -1.544063 4.557159
v 5.520064 -0.269200 4.594365
v -2.462060 -17.618429 -6.488462
v 4.026002 -4.619926 2.293101
v 4.096490 -3.327543 2.606234
v 6.214523 0.838788 5.847294
v -3.224192 -4.562604 -7.402336
v 6.737565 3.164960 6.276863
v 6.018000 2.536960 5.549499
v -3.359225 -5.435129 -7.409883
v -3.013076 -4.190913 -7.613052
v -2.500757 -18.490910 -6.270088
v -3.245642 -5.245544 -8.120497
v 3.743139 -5.134765 2.085554
v -4.148321 -6.279161 -7.031160
v 2.211458 -10.100377 -1.215780
v 3.976186 -2.917679 2.581566
v 5.872509 1.922545 5.801323
v -3.158556 -5.609729 -7.351498
v 6.298515 1.136000 5.619242
v 4.375139 -2.258949 3.364394
v -3.181574 -4.916527 -7.503277
v 2.498437 -6.912703 0.560510
v -3.970829 -13.469236 -7.132200
v -4.015839 -21.637131 -7.454041
v 4.180165 -5.163403 2.211004
v -3.229338 -5.792819 -8.345024
v 5.689699 1.016852 5.158880
v 3.683216 -5.133823 1.413841
v 6.200302 1.447724 5.703054
v -3.233784 -5.125680 -7.940422
v 4.758666 -2.844126 2.591686
v -3.155274 -5.816854 -7.654787
v 4.471183 -5.279687 2.050415
v 5.449507 -0.812955 4.953200
v 5.525980 -1.664499 4.473347
v -3.326218 -5.739588 -7.781010
v -3.593154 -5.618528 -8.028175
v 5.710885 -1.304402 4.785333
v -3.383706 -6.331427 -7.583702
v -2.969105 -5.289639 -8.387333
v 5.919098 -2.075005 4.218775
v -3.152450 -11.667707 -8.264986
v 5.753851 -1.785096 4.287234
v 6.135293 2.131409 5.455091
v 5.425326 -1.907341 4.419291
v 6.132533 0.861301 5.190184
v 6.245493 0.941544 5.449213
v 6.810639 2.470736 6.030740
v 4.120114 -5.485240 2.056948
v -3.020735 -6.103158 -7.855587
v 6.532124 1.787753 5.393577
v 6.228540 2.376566 5.734819
v -1.595122 -19.506168 -6.173538
v -3.635044 -8.306176 -9.685289
v -4.054395 12.406096 -2.992325
v -3.171671 -5.948939 -7.844452
v 5.887743 -1.522268 4.249649
v 6.741338 1.580167 5.254741
v 6.273067 1.089705 4.972875
v 4.951772 6.004431 3.292136
v 4.436333 -4.028417 2.388416
v -2.701940 -4.734975 -7.493660
v -3.140689 -5.012132 -7.707382
v -1.830530 -20.013809 -6.659996
v 6.681527 1.881920 5.599965
v 6.365348 1.148823 5.211447
v -3.186363 -6.691902 -8.180317
v 5.743125 -0.770030 4.457855
v -2.029726 -18.946861 -6.246813
v -3.242460 -5.906431 -7.972427
v 3.608934 -4.758092 0.546806
v 6.376651 -2.707157 3.631605
v 5.934335 1.117918 4.874937
v 5.543325 0.111197 4.378962
v -3.281052 -2.459546 -7.777035
v -0.865578 1.537440 -7.488234
v 4.266614 -5.545269 1.452055
v 6.389115 1.558605 5.431834
v 6.086116 0.996074 5.023472
v 5.955218 -1.389807 4.152906
v 6.255794 1.215899 4.312879
v 6.532425 1.320615 5.360384
v 4.313076 -5.527479 2.102655
v -1.323412 -15.922400 -6.731358
v 5.994272 -1.332236 4.214943
v 6.273908 1.245474 4.691731
v 6.206272 -1.673608 3.916781
v -2.975924 -6.100259 -8.092722
v 6.669279 1.483094 5.117762
v 5.817007 -0.532497 3.999105
v -2.715854 -6.465071 -8.454412
v -3.117253 -3.284630 -8.092470
v 5.028003 -2.670075 2.881359
v 6.659624 1.377042 4.881641
v 6.899361 1.237662 4.788765
v 4.830925 -4.181459 2.148842
v 6.360221 0.452588 4.030738
v 6.034485 -1.345939 3.959663
v 4.458673 -25.215088 3.157151
v 6.449065 1.299351 4.803400
v 4.408944 -5.765248 1.801105
v -1.835862 -18.378080 -6.345572
v 6.184099 -0.107118 3.819125
v -2.815094 -3.768656 -7.956999
v 6.242868 -1.400413 3.632071
v -2.517102 -4.273018 -7.717363
v 4.505823 -4.738480 2.069979
v 5.183919 -4.143212 2.352739
v 5.094916 -3.792450 2.351638
v -2.209639 -3.773581 -7.891691
v 4.836699 -3.411316 2.312737
v 7.023084 1.319273 5.134569
v -0.938058 -19.716431 -6.192591
v 4.971255 -4.894058 2.040564
v -2.560686 -3.266693 -8.181660
v -1.104321 -13.221421 -7.219513
v 5.321354 -5.741275 1.237030
v 7.013078 1.710316 5.549151
v 5.295265 -4.311025 2.492181
v -1.887049 -3.149061 -7.919001
v -2.597785 -20.132877 -7.513176
v 5.169630 -3.436762 2.446010
v 6.108347 -1.177106 3.635952
v 5.322668 -3.923211 2.593498
v 5.336783 -3.633198 2.585397
v -2.807094 -21.082649 -8.354553
v 5.246696 -3.637932 2.517883
v 5.266791 -3.496873 2.521455
v -2.427224 -1.762072 -8.035969
v 5.389729 -3.748954 2.612619
v -2.831074 -5.104076 -7.995968
v 5.712708 -3.975037 2.378025
v 5.149179 -4.245737 2.229778
v 6.986442 1.127688 4.355402
v -2.480541 -1.590194 -7.853895
v 5.278319 -5.358172 2.130782
v 5.434591 -4.564401 2.470956
v 5.370450 -3.552166 2.541795
v 5.119347 -5.285079 2.019217
v 5.576282 -4.251148 2.667800
v -0.882500 -17.820435 -6.300383
v 4.786324 -5.210907 1.948709
v 4.584208 -5.553771 1.886247
v 6.928625 0.586963 3.735017
v -2.405057 -5.760651 -8.802397
v 5.262477 -5.125278 2.201392
v 5.426824 -3.582231 2.489174
v 5.299617 -3.371123 2.477801
v 6.635797 0.828034 4.060691
v -2.655554 -2.122772 -8.141672
v -2.554033 -4.749066 -7.667959
v -2.595083 -2.598537 -8.331257
v -2.738339 -6.091982 -8.464790
v -2.337216 -2.998983 -8.101645
v -2.047536 -1.064975 -7.624569
v 6.599719 1.311652 4.232990
v -0.985815 -18.726213 -6.104067
v -2.331234 -1.969993 -8.279236
v -2.186029 -1.557269 -8.046312
v 6.090500 -1.226988 3.846764
v 5.363142 -3.115271 2.517775
v 3.600274 -4.565251 -0.229332
v 5.561468 -5.335882 2.285658
v 3.180073 -18.525333 -0.818414
v 4.129155 -5.033530 0.582179
v 3.171031 -5.105722 -0.561901
v -1.982181 3.708970 -7.975613
v 5.936124 -4.692138 2.539141
v 5.643004 -3.364238 2.400029
v 6.928441 0.221830 3.803902
v 7.246012 2.443191 5.460085
v 5.696766 -3.526943 1.897493
v -2.224798 -2.587650 -8.135080
v 5.912908 4.235430 3.807864
v 5.537386 -3.175051 2.606459
v 4.889354 -24.652836 2.994869
v -1.653915 -2.041015 -8.089916
v 5.995809 -3.388311 2.508722
v 6.029453 -5.049747 2.344902
v 6.157073 -0.971173 3.777529
v 6.245451 -1.203180 3.369275
v 5.265516 -4.797013 2.093790
v 5.722028 -3.296953 2.279010
v 5.702944 -5.244061 2.216461
v -2.288845 -5.146646 -8.346796
v -2.116852 -4.663935 -7.924238
v 6.254754 -1.130979 3.429842
v 5.181982 -5.481684 1.921041
v 5.683674 -5.606628 2.181679
v 6.412873 -1.372458 3.342344
v -0.244628 -19.675591 -5.796680
v 5.636368 -3.241291 1.870104
v -1.816981 0.002504 -7.096733
v -0.884586 -20.106152 -6.541059
v 5.930069 -2.693527 2.120901
v 6.231514 -0.833341 3.452794
v 5.664778 -2.946386 2.001706
v -1.850435 -4.740863 -8.143963
v 5.148680 -20.055630 1.333107
v 6.759774 -0.751526 3.329951
v 6.344607 -1.151266 3.231610
v 6.048167 -2.320946 1.860955
v -0.435569 -19.353699 -5.856770
v 6.821380 0.902137 3.892881
v 6.227111 -2.853453 2.247193
v 5.609413 -4.836949 2.300400
v 5.613228 -5.071259 2.141774
v 6.458476 -4.924962 2.372369
v 0.099327 -20.058552 -5.798096
v 6.775200 1.147087 4.048403
v 5.890010 -3.251806 2.907034
v 6.378681 -1.029578 3.306319
v -1.476985 -5.225196 -8.159307
v 6.522302 -0.968534 3.043699
v 5.851636 -2.611290 1.560023
v 6.931537 0.978418 3.832355
v -1.019206 -5.189511 -7.960646
v 6.014233 -5.388304 2.262295
v 7.316540 1.661843 5.324222
v 6.953747 0.774664 3.725515
v 6.527451 -1.078060 2.923062
v 6.171318 -4.462463 2.410051
v -1.364840 -4.271852 -8.146233
v 7.468312 0.956945 4.776517
v 6.640184 -1.338912 3.003879
v 6.929146 1.104492 4.061623
v 6.893899 -0.903576 2.926039
v 0.303071 -19.410608 -5.456837
v 6.472705 -1.271490 3.200516
v 6.549940 -1.431674 3.357595
v 2.979107 -5.442843 -1.440144
v 6.116176 -5.767392 1.609287
v 7.547760 -0.052945 3.399941
v 0.850911 -20.104782 -5.800257
v -1.541297 -5.456137 -8.316357
v 6.665209 -3.074161 3.112201
v 7.111407 0.876606 3.921526
v 6.832485 -0.302241 3.841509
v 6.273535 -3.205269 2.431349
v 7.251806 0.810915 4.226284
v 5.979121 -5.218730 2.217659
v 3.413811 -4.730815 -1.246923
v 1.244022 -19.324183 -4.743561
v -0.679938 -4.997572 -7.752186
v 4.210022 -5.000853 -0.448255
v 6.337303 -2.497016 2.193805
v 4.829016 -25.473915 2.249887
v 7.175376 0.249053 3.575982
v 5.849645 -3.194808 1.324135
v 5.995288 5.940244 0.813182
v 2.715117 -6.470853 -2.478014
v 7.661936 0.671866 3.701527
v 6.750814 -1.551250 3.290908
v 6.712327 -1.013029 2.776138
v 7.077127 0.555867 3.527995
v 0.257969 -18.176674 -5.679840
v 6.343601 -25.466284 -0.114200
v 6.572890 -20.087364 1.175632
v 0.400238 -16.950058 -5.711309
v 5.406135 -21.215109 2.534504
v 6.470120 -3.391882 2.593076
v 6.158821 -2.598130 1.157499
v 4.391576 -5.362779 0.749513
v 0.853040 -17.948837 -5.319172
v -0.961401 -5.636990 -8.133755
v 3.848470 -4.837513 -1.068428
v 6.319341 -3.148138 3.150990
v 6.423683 3.201258 2.603915
v 6.796007 -1.521229 2.947691
v -1.743924 -5.394441 -8.681902
v 0.401960 -18.969608 -5.505655
v 6.784592 -1.396953 2.665361
v 1.194712 -18.399979 -4.977592
v 1.131496 -20.111441 -6.955887
v 7.131331 0.381955 3.134317
v 2.102887 -19.144312 -4.148026
v 7.208198 0.677300 3.702229
v 7.248473 0.562701 3.322321
v 7.141402 0.342661 3.357729
v 6.714415 -20.514027 1.616838
v 4.153379 -5.571754 -1.379381
v 7.699427 1.544638 4.639854
v -2.093117 -6.566711 -9.122576
v 7.412660 0.615310 3.736066
v 6.717237 -2.027539 3.607903
v 2.923720 -20.093330 -5.050842
v 3.532735 -5.536151 -2.172886
v 7.616934 -0.619021 3.589515
v 4.925160 -19.673603 -0.390594
v 4.724746 -5.364299 -0.133426
v -1.042122 -5.724353 -8.563934
v 1.886774 -17.499575 -4.812296
v 6.401659 -5.169402 2.215798
v 6.603325 -3.040271 2.393463
v -1.386759 -10.730122 -8.642078
v 6.588974 -5.462728 2.217039
v -0.762841 -25.461205 -8.435137
v -0.550236 -5.343958 -7.877192
v 3.065891 -5.448780 -2.728558
v 0.996710 -13.909504 -6.239687
v 6.835190 -24.215185 1.626131
v 2.600099 -8.146419 -4.093822
v 7.355471 0.098004 3.213997
v 7.034509 3.159147 3.456680
v 2.708911 -20.118210 -6.996984
v -0.277694 -5.228118 -8.102737
v 6.880633 -3.208922 2.820323
v -0.801335 -2.742933 -7.913589
v -1.395953 -20.307453 -7.946022
v 7.324594 0.016513 2.884332
v 6.428610 4.224798 1.152905
v -0.910649 -5.711050 -8.889772
v 6.733840 -5.758712 1.629978
v 6.217144 -3.836639 1.351428
v -1.790590 -9.836004 -9.800129
v 7.133691 -1.791405 2.926001
v 6.820793 -4.723934 2.228109
v 6.356826 2.784741 1.897629
v 7.399831 0.619503 3.298620
v 7.629443 -0.100045 2.893270
v 7.403103 -0.843936 3.197860
v 7.258715 -0.937402 2.680687
v 6.470449 -20.091427 1.583104
v 7.050241 -1.136785 2.515776
v 7.386978 -0.154675 3.651804
v 7.205867 0.353978 2.611436
v 1.779823 -15.562361 -5.113585
v 7.386739 -1.696109 2.627628
v -1.804584 -25.252125 -8.625706
v 6.223454 -2.908288 0.937297
v 6.361964 2.538122 1.532924
v -1.616705 -9.953007 -9.480499
v 6.367920 3.077580 1.223851
v -0.344815 -4.959610 -7.841721
v 7.276518 -5.606187 1.728025
v 7.381175 -2.114858 2.873448
v 2.369224 -19.994068 -4.122213
v 3.270544 -10.690144 -4.729595
v 3.535709 -16.042152 -4.673391
v 7.175752 -2.776685 2.934438
v 6.232734 2.199496 -0.176421
v -1.636575 -6.094484 -9.217489
v 6.573079 1.971807 1.356413
v 0.784498 0.374595 -7.626942
v -0.542287 -4.395500 -7.812651
v 7.675897 0.773640 3.102093
v 2.489537 -6.294338 -4.300388
v -1.282014 -5.749028 -9.058327
v -1.687371 -23.253519 -9.105171
v 2.728371 -5.755225 -3.757229
v 7.830461 1.661637 4.316905
v 4.568953 -20.062756 -4.403807
v -0.655945 -9.715048 -9.770538
v 8.004152 0.929048 3.544491
v 4.817396 -5.725647 -0.729859
v -1.326664 -24.857708 -9.328709
v 0.343318 -3.638137 -7.508444
v 3.199878 -19.454506 -3.381369
v 7.084262 -2.646408 2.378448
v -0.113455 -4.353271 -7.692789
v 6.688869 -2.552212 2.260773
v -2.364259 -7.640123 -10.695953
v -1.294931 -25.008389 -9.350241
v 0.263896 -4.467663 -8.028379
v -1.279788 -24.960979 -9.361917
v 7.279644 -0.858303 2.954138
v -2.859447 -7.196190 -9.370819
v 3.650410 -20.049751 -3.757931
v -2.260549 -8.538153 -10.766155
v 0.020261 -4.912487 -8.464924
v 7.133908 -5.115379 2.015567
v 7.782101 -0.341430 3.468397
v -0.280750 -5.554579 -8.456369
v 6.915115 1.113685 1.208233
v 3.237181 -17.626678 -4.160311
v 0.037926 -11.634892 -7.437906
v 0.492527 -10.897402 -7.614513
v 7.336538 0.479663 2.688830
v 2.322991 -18.281433 -4.196913
v -1.168303 -24.896452 -9.444248
v 7.346600 0.324104 2.322781
v -0.472036 -25.178921 -9.854383
v 7.032351 -4.033206 1.258165
v 6.820807 -2.157453 2.035030
v 7.185386 4.137666 -2.221960
v 8.097773 1.502968 3.355175
v 2.801353 -5.821745 -5.082386
v 6.927618 -4.907502 2.110159
v 1.786277 -0.209828 -7.226011
v -0.840815 -25.457176 -9.073177
v 0.622928 -11.531467 -7.184084
v 0.014647 -23.361139 -10.342672
v 7.482217 2.690955 4.168508
v 7.205613 -4.778242 1.952627
v -0.928347 -5.917835 -9.314283
v 3.642481 -6.017520 -3.110731
v 7.588877 -2.271121 2.487613
v 7.266601 -4.850757 1.849957
v 1.187559 -11.522697 -7.235582
v 0.950771 -11.295904 -7.271856
v 7.148173 -4.632813 1.999876
v 7.765121 -1.903435 2.504070
v 7.489271 0.575040 2.123199
v 7.908411 0.943007 2.983283
v 5.666118 -6.171299 -0.446636
v 4.242490 -6.542541 -1.953465
v -0.171233 -1.218906 -7.293455
v 5.537661 -5.804648 -0.060262
v 7.139195 -20.122675 0.962387
v 7.741318 2.033782 2.832911
v -1.076374 -6.770332 -10.053198
v -1.616151 -7.019025 -10.616116
v 7.568603 0.710861 2.574427
v 7.408698 1.023908 1.893646
v 6.883822 -1.930500 1.401660
v 7.767496 0.864746 2.430115
v 6.489595 -2.210846 1.176502
v -0.915980 -5.780311 -9.152359
v 7.372248 0.010734 2.197727
v 7.946702 -0.706557 3.015198
v 6.975053 2.525895 2.270041
v 0.309716 -20.171087 -9.088570
v 7.209166 0.420430 1.702016
v 7.719946 -1.086616 2.286938
v 6.859556 -1.877238 0.596851
v 5.149170 -6.871004 -1.073364
v 7.244255 -1.540111 1.090734
v -0.823932 -6.259366 -9.451088
v 7.562276 -0.188546 1.727889
v 0.201820 -4.972060 -8.811741
v 5.750291 -6.611390 -0.499400
v 7.639153 -0.816700 2.790592
v 6.657062 -4.368310 1.983164
v -1.378373 -7.262486 -11.316835
v 6.349458 -3.207288 0.798376
v 7.747639 -0.783465 2.464696
v 7.383971 -4.696981 1.748579
v 7.972851 -0.231518 3.088449
v 0.112838 -10.537708 -8.199785
v 5.131567 -7.361617 -1.851841
v 7.529306 -4.896430 1.619502
v 7.761780 1.394969 2.426126
v 7.336869 1.713330 1.992596
v 1.186702 -2.423455 -6.938200
v 6.030923 -5.848674 -0.340090
v 4.420676 -6.896614 -2.801125
v 2.738091 -6.025988 -5.991308
v 7.444899 -2.056437 2.069384
v -2.407763 -22.207087 -8.605455
v 0.195208 -4.692002 -8.703938
v 7.463322 -4.739795 1.605100
v 7.938298 -0.784585 2.154223
v 2.011528 -0.911291 -6.502083
v 1.284647 -10.900545 -7.553083
v -1.114152 -7.760035 -11.379486
v 7.472167 -1.783126 1.352718
v -0.276880 -6.578198 -10.208260
v 6.634752 -5.470777 0.101267
v 7.089159 0.121113 0.945653
v 7.221878 -4.485989 1.691826
v 0.834156 -4.349045 -7.508663
v 7.477899 -5.537385 1.270160
v 7.329173 -1.932878 1.680610
v 7.649668 -0.142138 2.366930
v 7.760759 -1.475415 2.341551
v 6.554744 -2.666001 0.729624
v 7.053605 -3.663478 0.662361
v 7.917003 -1.141004 1.966608
v 5.765651 -7.391497 -1.118969
v 7.028810 -2.437641 0.318950
v -0.343473 -5.739338 -8.900944
v 6.883740 -5.305545 0.531308
v 8.032075 -0.252312 2.590948
v 1.452416 -3.916429 -7.181381
v 6.953947 -1.096459 0.171782
v 1.142899 -4.376825 -8.100143
v 7.950997 -0.675712 1.878440
v 7.836302 -4.865351 1.347378
v 0.409527 -4.487283 -8.666502
v 6.929017 -1.755602 -0.394798
v 1.485367 -4.619475 -7.563301
v 7.512635 -4.618293 1.569571
v 8.071918 -0.382262 2.016588
v 7.390001 -1.316860 0.987094
v 6.337139 0.836268 -0.832112
v 7.906627 -0.509952 1.723110
v 8.031068 -0.602489 2.400441
v 0.211091 -5.213327 -8.641394
v 8.007517 -0.545942 2.042769
v 2.505008 -2.069803 -6.125669
v 4.996030 -6.979677 -2.847994
v 7.645203 -4.712947 1.405622
v 3.212345 -1.475175 -6.021271
v 7.564572 -5.227940 1.684973
v -0.477877 -5.796738 -9.194199
v 8.071849 -21.017136 0.771103
v 7.700324 -4.308604 1.120670
v 0.694095 -5.138985 -8.939419
v 2.229687 -6.756453 -5.557095
v 1.616839 -5.019711 -7.882931
v 5.772282 -5.754048 0.259477
v -0.732549 -6.531839 -10.587507
v 5.822370 -7.246942 -1.442854
v -0.664284 -6.267862 -10.929537
v -0.537603 -21.904545 -9.975554
v 6.307734 -6.908779 -0.562469
v -0.274367 -6.168822 -9.438946
v 6.215353 -7.345508 -1.002579
v 3.139107 -5.660965 -4.710461
v 7.439898 9.043401 -3.750254
v 7.683307 -0.637640 1.309411
v 0.330112 -5.048116 -8.853447
v 6.918621 -2.353819 -0.170490
v 2.495354 6.452415 -10.820034
v 4.178545 -6.084876 -3.883154
v 6.285110 -6.381400 -0.576517
v 8.015350 -1.723585 2.156832
v 6.153284 -6.738690 -1.428566
v 3.983234 -18.697163 -3.467093
v 1.941375 -4.710644 -7.279642
v 7.897578 -0.741769 1.622668
v 7.935676 -1.119826 1.404041
v 2.288157 -7.280431 -6.261623
v -0.240202 -6.561248 -9.844494
v -0.990439 -6.645186 -11.380342
v 1.800115 -5.491593 -7.770063
v 5.666509 -6.878709 -1.956650
v 6.627891 -20.048103 0.360664
v 6.427230 1.959053 -4.053923
v 7.509151 -5.065642 0.381638
v 7.877867 -1.219850 1.280643
v 7.665966 -1.594783 1.194474
v 0.346418 -4.915539 -9.021152
v 7.981711 -20.291920 0.655053
v 8.109947 -1.421363 1.566467
v 2.189017 -3.754985 -6.783192
v 6.721628 -5.905627 -0.518775
v 4.389291 -5.760632 -5.004251
v 7.988614 -4.949181 0.885365
v 0.400142 -4.581656 -8.941839
v 0.414646 -4.994590 -8.963852
v 7.811975 -1.808096 1.599847
v 2.169983 -5.175330 -7.317139
v 0.244926 9.717724 -9.504288
v 3.594251 -5.565048 -5.107489
v 1.389154 -4.444871 -8.165342
v 2.092331 -6.611878 -6.952864
v 7.828092 -4.658779 1.035581
v 2.287014 -6.247607 -6.699038
v 1.525957 -4.721990 -8.252123
v 7.654113 -5.439526 1.483885
v 7.308271 -4.932774 0.175350
v 3.526754 -4.462047 -5.428965
v 5.746288 0.656120 -2.400873
v 2.125292 -6.414156 -7.297354
v 2.069128 -6.747979 -7.521013
v 6.713471 -2.472115 -1.062477
v 5.343775 -0.432064 -3.307781
v 3.472809 -4.913690 -5.835894
v 0.668263 -4.908725 -9.087017
v 5.968267 -6.192774 -1.928583
v 3.812222 -5.356842 -5.248873
v 7.228079 -4.855873 -0.052709
v 3.901044 -5.006400 -5.243240
v 7.223516 -5.470377 1.013064
v 0.372240 -6.294221 -10.261986
v 4.678573 -1.390835 -4.213493
v 7.954650 -5.210966 1.312395
v 6.890439 -2.792387 -0.937897
v 7.339178 -4.772279 -0.167840
v 4.284667 -5.140755 -5.271950
v 6.986503 -5.105194 -0.286386
v 4.421803 -19.923859 -3.197308
v 6.877235 -3.469740 -1.246237
v 7.114589 -4.997269 0.024692
v 0.646368 -4.755212 -9.227379
v 1.952831 -12.180721 -6.609627
v 7.226311 -4.773776 -0.313605
v 8.041061 -4.962234 0.692981
v 6.331418 -7.162276 -1.294302
v 7.096648 -5.601195 -0.694740
v 7.259505 -5.067570 -0.481038
v 3.267901 -5.814664 -5.493631
v 6.830434 -5.412179 -0.358721
v 4.855096 -6.466262 -3.615091
v 3.098639 -0.152063 -7.150808
v 3.033464 -14.406116 -5.344440
v 7.826179 -5.416622 1.177925
v 6.453779 -19.118095 -1.367079
v 0.760394 -4.377565 -8.294571
v 7.184198 -2.680525 -0.283535
v 7.326942 -4.822912 -0.287976
v 0.781283 -4.417137 -8.974957
v 5.523830 -6.627283 -2.510761
v 5.727100 -1.271812 -2.989182
v 6.527205 -7.308243 -0.847002
v 7.400146 -4.748931 -0.055187
v 3.557117 -5.345049 -5.833403
v 2.824136 -6.087006 -6.828257
v 6.569364 -6.681654 -0.628645
v 7.075182 -5.135895 -0.535217
v 3.835427 -14.595573 -5.312305
v 6.409645 -3.403286 -1.648214
v 8.083374 -4.760622 0.699785
v 5.197921 -6.586192 -3.167816
v 7.256910 -5.357625 -0.603096
v 3.796416 -13.325421 -5.943409
v 6.998131 -3.299625 0.149725
v 4.991741 0.131459 -5.169670
v 2.267913 -5.955064 -7.379379
v 2.894835 -4.216745 -6.575676
v 4.466209 -4.829887 -5.033361
v 7.732154 -4.827453 -0.279608
v 7.601353 -3.460809 -0.046193
v 2.826966 -13.026380 -6.069580
v 7.996276 -5.062760 0.691984
v 6.825062 -6.895425 -0.819331
v 3.973403 -3.289741 -5.187441
v 3.239484 -3.652949 -5.997330
v 7.925695 -5.073557 0.442280
v 8.065823 -5.135957 0.942646
v 7.083182 -5.969520 -0.729867
v 3.373568 -4.534813 -5.831430
v 8.090060 -4.701857 0.188434
v 3.179615 -4.307856 -6.254307
v 7.380319 -4.808353 -0.178322
v 6.663548 -6.372502 -0.664211
v 7.856097 -5.325938 0.837663
v 0.297395 -5.985714 -9.224163
v 7.414138 -4.982054 -0.348147
v 7.181903 -2.882531 0.010314
v 2.034584 -6.226945 -7.721388
v 0.519833 -6.270914 -11.357828
v 6.895731 -6.262949 -0.737339
v 7.406649 -3.184958 -0.280067
v 4.344095 -17.946259 -3.901766
v 5.757752 -6.206519 -2.818523
v 6.593830 -4.867479 -1.651386
v 6.538440 -4.899740 -1.934635
v 2.754439 -5.733903 -7.148773
v 1.878470 -5.398113 -7.506687
v 7.083925 -6.374679 -0.856746
v 7.840041 -20.055038 -0.298153
v 7.064604 -6.572005 -0.952788
v 0.772330 -5.563541 -8.974670
v 7.749945 -3.542101 -0.244213
v 1.122621 -5.895879 -9.192739
v 6.461670 -5.224368 -1.774096
v 6.962415 -6.790542 -1.048079
v 6.640754 -5.502082 -1.421070
v 7.593505 -3.441676 -0.380285
v 6.547501 -4.224324 -1.692892
v 1.363196 -5.667578 -9.176662
v 1.094354 -4.351204 -8.612116
v 9.010601 -20.217516 -0.253047
v 7.211616 -6.363058 -0.984088
v 7.190843 -5.669612 -1.351221
v 3.171227 -12.510527 -6.315451
v 6.774235 -6.792665 -1.182381
v 7.422778 -5.250680 -0.478034
v 4.896256 -3.892456 -4.476952
v 6.983713 -4.511723 -1.477531
v 7.550851 -3.268435 -0.477253
v 7.326781 -6.060655 -0.775946
v 6.802264 -6.245164 -1.276691
v 2.191230 -4.682916 -7.302164
v 5.595695 -6.446917 -3.544653
v 4.909511 -20.016460 -3.646746
v 1.028941 -5.152379 -9.121006
v 7.910348 -3.787016 -0.268311
v 7.731392 -3.755925 -0.471484
v 0.656426 -6.334427 -9.428377
v 6.589313 -5.388839 -2.275806
v 0.997280 -4.698024 -9.207560
v 4.994456 -19.544918 -3.297220
v 1.709294 -5.214139 -8.388189
v 6.441980 -3.020512 -2.192427
v 1.913139 -5.959199 -8.305315
v 2.013319 -6.610386 -8.141306
v 1.520591 -4.464261 -8.419960
v 6.499508 -4.291182 -2.008142
v 1.284466 -4.588703 -9.128899
v 0.529876 -6.519825 -9.759253
v 7.675741 -4.752102 -0.037862
v 7.660555 -3.787866 0.629413
v 7.876400 -4.206803 -0.406290
v 7.914721 -4.648860 -0.472060
v 8.033985 -4.294715 -0.155893
v 0.811977 -6.067602 -10.728689
v 7.303437 -6.182839 -1.291498
v 1.329376 -4.995864 -9.134123
v 7.358719 -5.977057 -1.381500
v 6.588104 -2.871237 -1.840719
v 7.911802 -3.630928 -0.212666
v 4.744276 -6.132596 -4.340231
v 6.732806 -2.600000 -1.986336
v 6.807614 -2.274100 -1.673443
v 7.630838 -5.366077 -0.450799
v 5.799172 -4.148366 -3.749817
v -0.125313 -6.216267 -10.511391
v 6.832828 -1.927793 -1.436012
v 6.975116 -18.853310 -2.307970
v 3.356292 -4.519038 -6.258902
v 1.361303 -6.283303 -9.261021
v 2.514707 -5.248256 -7.378107
v 6.730896 -3.408095 -2.517561
v 1.596509 -5.078657 -8.992029
v 6.272629 -0.828818 -1.799486
v 5.782336 -3.809075 -3.344120
v 5.387012 -3.926103 -3.875702
v 5.712194 -19.241417 -3.723209
v 7.386201 -3.321108 -0.936440
v 6.776809 -19.479639 -2.396950
v 5.719004 -17.468288 -2.179955
v 5.395859 -6.306556 -4.051243
v 6.301224 -6.033680 -2.772488
v 1.626504 -4.824055 -8.658339
v 4.341928 13.342999 -2.570280
v 7.490275 -20.046482 -1.790836
v 1.791301 -6.456258 -8.824476
v 6.958944 -2.420536 -1.987329
v 6.963977 -4.866106 -2.507723
v 5.511130 -20.054220 -4.419613
v 6.697742 -1.779266 -2.163702
v 6.956626 -2.135914 -1.853752
v 2.605260 -4.630652 -7.201757
v 1.100409 -6.394503 -9.946674
v 8.082626 -4.132417 0.630190
v 7.526528 -6.202179 -0.945500
v 5.793201 -3.511618 -3.479933
v 7.382943 -5.699796 -0.651373
v 6.813680 -19.921873 -2.553247
v 5.382812 -2.993364 -3.874527
v 5.390496 -6.318780 -4.426600
v 6.256228 -18.678211 -3.676107
v 5.714352 10.174476 0.221442
v 6.579433 -19.612923 -2.627928
v 5.966351 -19.992241 -4.008537
v 7.887959 -20.070488 -2.385351
v 6.430691 -19.826500 -3.044731
v 6.182446 -2.210907 -2.987782
v 6.076889 -3.598940 -3.308504
v 3.587207 -4.891744 -6.356718
v 1.287290 -6.559601 -9.485155
v 6.288451 -19.837334 -3.580688
v 6.901308 -2.817326 -2.201773
v 2.233511 -7.116119 -8.633848
v 3.020621 -6.113572 -6.997650
v 5.961353 -3.154444 -3.439007
v 1.747636 -5.743670 -8.894823
v 2.883042 -5.265349 -7.400524
v 4.823996 -5.599418 -5.314440
v 6.119809 -3.776829 -3.434113
v 6.484580 -20.057999 -3.794292
v 6.529957 -2.916032 -3.211023
v 8.006520 -5.189350 -0.521711
v 7.916944 -4.742956 0.075920
v 7.267102 -2.227355 -2.106859
v 7.268778 -5.124633 -1.420439
v 8.202810 -4.156572 -0.156482
v 3.684182 -5.622149 -6.281469
v 3.132599 -6.084620 -6.046131
v 6.807177 -20.049335 -3.356831
v 7.413162 -5.728545 -1.419203
v 6.478338 -3.606300 -2.400726
v 3.092634 -5.580109 -7.133587
v 5.054653 -6.189237 -4.693180
v 4.816368 -15.844911 -3.036802
v 3.389960 -5.712961 -7.024504
v 7.797083 -3.948602 -0.719157
v 3.136524 -6.156494 -6.745419
v 0.438133 -20.729206 -10.441902
v 1.877938 -6.599581 -9.621559
v 6.285820 -3.571062 -3.395094
v 7.584177 -4.221800 -1.128120
v 3.330935 -5.941049 -7.107769
v 5.202738 -14.181243 -4.017014
v 5.642206 -6.248617 -4.288227
v 6.147235 -3.515905 -3.363632
v 5.494363 -6.337147 -4.498411
v 6.035686 -6.389112 -3.267231
v 3.476055 -6.066178 -6.842916
v 2.948905 -7.275529 -9.016993
v 6.190993 -15.479497 -3.415205
v 2.492913 -7.524262 -7.594582
v 7.630337 -6.022161 -1.243370
v 5.726873 -6.398905 -4.529869
v -0.083275 -6.973896 -11.722397
v 2.020297 -6.751786 -9.289234
v 7.299737 -2.633942 -2.159882
v 5.203839 -13.725321 -4.341171
v 6.852679 -3.993968 -2.510719
v 3.184904 -5.005357 -7.156879
v 8.001171 -4.831962 -0.878878
v 6.565156 -19.224173 -2.887110
v 7.906819 -5.043205 -1.125170
v 6.942726 -17.624910 -2.513426
v 5.846019 -14.225165 -4.161146
v 8.054205 -5.389265 -1.020166
v 5.654225 -6.310895 -4.435770
v 5.735100 -13.850237 -4.498102
v 7.263172 -2.299644 -2.559465
v 7.722492 -5.418550 -1.290350
v 1.861333 -20.264988 -10.853601
v 1.158313 12.963043 -7.408379
v 2.480433 -10.666441 -7.756454
v 5.027396 0.500970 -6.849781
v 6.461610 -4.227533 -3.801743
v 6.687206 -18.227510 -3.417795
v 4.842783 -12.468951 -4.958424
v 5.928370 -6.298480 -4.111984
v 3.023120 -8.693372 -6.489071
v 2.653465 -11.339321 -7.130569
v 5.862180 -13.450903 -4.724911
v 3.894525 -11.752134 -7.009171
v 4.639033 -13.712517 -6.145342
v 7.571737 -2.396514 -2.367113
v 3.544417 -9.444315 -6.877859
v 6.055417 -6.397859 -3.843826
v 6.831410 -5.687775 -3.124876
v 7.322074 -4.328969 -2.775040
v 7.144849 -3.706425 -2.604721
v 6.901288 -16.071857 -3.419065
v 4.858436 -5.320360 -5.437803
v 4.367868 -11.127034 -5.932352
v 3.066891 -10.116415 -8.759752
v 3.171517 -8.276601 -7.894625
v 7.589777 -3.014527 -2.445145
v 4.365914 -13.417270 -3.790260
v 5.989208 -6.310785 -4.334188
v 6.161274 -6.265486 -4.537123
v 6.333245 -6.334753 -4.066744
v 7.217278 -3.184006 -2.434282
v 6.923246 -16.604527 -3.871758
v -0.379157 -8.954704 -10.925011
v 2.486308 -6.453473 -9.804405
v 4.661311 -9.323942 -7.034594
v 5.716164 -13.278617 -5.022436
v 5.300930 -5.602725 -5.370728
v 6.666104 -6.215840 -3.511808
v 6.012419 -12.772732 -5.108339
v 7.501512 -3.594640 -2.631495
v 7.077849 -5.291059 -3.547274
v 5.848958 -4.776322 -4.412392
v 4.119379 -8.872623 -7.690750
v 4.300492 -9.658407 -7.188133
v 6.454915 -6.328844 -3.978182
v 4.769308 -8.906694 -6.871670
v 7.445236 -2.543306 -2.819613
v 6.772449 -5.444049 -4.157104
v 6.609091 -4.922768 -4.166267
v 5.114238 -16.887260 -4.730490
v 5.612526 -9.066725 -6.654743
v 6.572011 -6.185993 -4.200245
v 6.488687 -5.954021 -4.652845
v 5.399479 -5.079086 -5.097157
v 7.736515 -3.379178 -2.772175
v 6.835610 -5.813920 -4.065960
v 5.823752 -12.698605 -5.381664
v 5.194999 -12.199549 -5.733347
v 7.571239 -2.476324 -2.742205
v 0.693719 -21.796640 -10.899624
v 8.398764 -24.421484 0.425107
v 6.922733 -5.850226 -3.771465
v 5.966918 -12.210224 -5.575180
v 5.230317 -9.211618 -6.400534
v 5.170783 -8.288101 -7.645184
v 4.824316 -11.043182 -6.534504
v 6.268021 -5.365193 -4.768795
v 4.558809 -8.836160 -7.336163
v 7.319472 -4.849024 -3.037052
v 5.856347 -5.915358 -5.256876
v 5.267114 -5.936716 -5.172171
v 5.327068 -9.881464 -6.467724
v 7.789978 -2.827684 -2.669132
v 5.060098 -10.110750 -6.784752
v 6.744779 -14.276162 -4.315201
v 6.342065 -14.004386 -4.267151
v 7.726329 -2.933418 -2.981976
v 5.667609 -11.829000 -5.993975
v 6.971848 -3.589062 -3.482277
v 7.079113 -2.681325 -3.061081
v 2.393859 -6.369183 -10.960093
v 6.294538 -12.199755 -5.442276
v 0.796053 -7.892306 -11.716909
v 6.872828 -14.644870 -4.656740
v 5.784795 -9.472991 -6.293055
v 1.191871 -25.433546 -10.300753
v 7.590364 -4.038435 -2.947765
v 6.520409 -16.359871 -4.621340
v 1.396778 -24.846956 -11.209137
v 8.739861 -20.098419 -1.061855
v 6.062799 -10.160763 -6.433840
v 7.827103 -3.613748 -3.128922
v 1.618023 -6.541369 -11.734255
v 7.165959 -4.468750 -3.872568
v 2.008498 -24.554726 -11.482517
v 5.633815 -10.960295 -6.637135
v 7.574738 -4.147495 -3.474159
v 5.998771 -11.622943 -5.971340
v 10.114357 -21.552088 -0.919678
v 5.117392 -20.207256 -7.508795
v 4.211466 -20.125816 -8.096191
v 3.558887 -21.380371 -9.903399
v 2.074089 -25.404655 -11.537151
v 3.219156 -20.083153 -5.807596
v 3.641282 -20.113890 -7.760582
v 2.201514 -20.182655 -10.760773
v 6.548562 12.211506 -4.419880
v 2.072703 -25.420158 -11.408150
v 1.998908 -20.149376 -9.311293
v 2.571961 13.782600 -6.208527
v 2.101604 -25.338245 -11.494217
v 4.294662 -8.008807 -8.327587
v 2.303707 -25.316916 -11.425793
v 6.477333 -13.072267 -4.851131
v 5.650483 -10.268806 -6.561321
v 3.861496 0.561486 -8.394989
v 2.116081 -25.419060 -11.432449
v 6.115990 -9.331894 -6.802862
v 2.399628 -20.438835 -11.069344
v 3.997853 13.205549 -9.211435
v 3.327807 -20.151888 -8.824949
v 5.496351 -20.087788 -5.008471
v 2.307539 -25.401545 -11.460148
v 2.490731 -25.374092 -11.196003
v 2.910594 -25.024893 -10.770172
v 4.245790 -20.138950 -7.643154
v 1.930412 -21.439569 -11.455318
v 3.143538 13.823349 -4.932066
v 1.397830 -23.542870 -11.333132
v 3.058927 -25.495070 -5.427082
v 5.067476 -25.502182 -2.749304
v 0.969470 -25.460258 -7.867977
v 3.824886 11.837326 -10.104973
v 3.253918 -25.029617 -10.180500
v 2.941994 -25.482718 -6.985106
v 7.190212 -25.340401 -4.115122
v 6.176903 -11.129597 -6.418346
v 3.184044 -25.459393 -7.579641
v 2.879966 -20.199406 -10.391354
v 6.774852 -13.113482 -5.298832
v 9.210492 -25.356071 -1.460857
v 4.587843 -24.272783 -8.669146
v 8.659052 -25.287210 -2.828545
v 6.090180 -25.392300 -5.393894
v 9.750861 -20.307171 -0.617516
v 2.320602 -24.973585 -11.441004
v 9.418349 -20.670107 -0.208626
v 7.166202 -20.110842 -3.656460
v 2.877146 -22.874582 -10.980421
v 6.096344 -10.672596 -6.648418
v 4.548053 -20.530853 -8.629114
v 9.604382 -22.231812 -0.348280
v 5.038538 -25.127783 -7.696152
v 3.583317 -23.527750 -9.969679
v 6.524966 -20.090569 -4.604433
v 5.329012 -25.296944 -7.196606
v 5.220015 14.984470 -8.227962
v 5.473403 -25.113142 -7.468451
v 7.097710 -24.838659 -5.284899
v 6.861704 -24.979740 -5.604784
v 6.602697 -23.616152 -5.986750
v 6.911097 -25.204838 -5.522509
v 5.643723 -24.493086 -7.267784
v 6.872781 -25.346874 -5.301359
v 10.159863 -22.650597 -1.081120
v 2.935786 -21.597961 -10.917746
v 4.778694 14.923523 -8.769457
v 8.898698 -23.551294 -2.867306
v 7.290332 -23.239698 -4.945335
v 5.299611 -20.269756 -6.870924
v 10.135749 -23.558666 -0.805573
v 4.834146 -20.150528 -5.610342
v 9.737783 -20.160677 -1.125851
v 5.061750 -22.304117 -8.105879
v 6.672730 -20.834623 -5.542234
v 5.128070 -20.645414 -7.892254
v 9.617054 -24.819529 -1.799931
v 5.243167 13.526533 -5.755781
v 5.953896 -21.791254 -6.715088
v 5.724714 -14.402088 -6.010044
v 9.746614 -23.499132 -1.694876
v 6.636340 -11.913153 -6.147015
v 4.762887 13.697214 -6.666786
v 9.815714 -22.224787 -1.663248
v 9.420960 -20.236828 -1.852415
v 8.627643 -21.369141 -3.202599
v 4.712910 14.699825 -9.646564
v 10.109867 -20.838251 -1.286484
v 9.157891 -20.370914 -2.131300
v 9.980851 -20.315454 -1.368156
v 4.323730 13.735195 -7.306374
v 6.346233 -9.598005 -6.653355
v 5.992074 14.790485 -7.711582
v 6.314693 -10.354815 -6.776394
v 3.203825 -6.923224 -11.511356
v 6.940989 -12.920713 -5.938358
v 6.813227 -14.323373 -5.593410
v 5.809764 13.663090 -7.218336
v 4.024519 -7.446177 -9.074490
v 5.008971 -7.997698 -8.877489
v 4.786478 14.140598 -8.754431
v 4.068830 -7.126465 -9.643051
v 5.156364 14.364388 -8.390713
v 3.663278 -6.900457 -10.473684
v 5.582591 14.619974 -8.067427
v 5.139312 15.783257 -9.152044
v 4.296196 13.727886 -8.489452
v 5.917768 15.551973 -7.851715
v 5.879769 14.372969 -7.925966
v 4.754580 14.351425 -9.278170
v 5.487124 13.970694 -8.011063
v 4.540748 -11.374216 -7.844099
v 4.146995 -7.138961 -10.256157
v 6.168651 13.418821 -6.739342
v 5.930262 13.986231 -7.805210
v 4.607780 13.811949 -9.287796
v 4.466162 -7.354246 -10.037073
v 5.615106 -12.136139 -7.882689
v 6.510033 -11.116377 -6.824043
v 6.713217 -9.970963 -6.955320
v 6.771388 -11.794137 -6.815498
v 5.950253 1.319645 -8.541813
v 6.175959 14.130163 -7.827000
v 3.000608 -7.492655 -11.732178
v 3.920744 -8.947569 -10.913101
v 6.261719 14.436972 -7.828465
v 6.720904 -9.381504 -7.435286
v 5.513170 14.351610 -10.621773
v 6.694805 -12.708715 -6.809874
v 4.873395 13.940037 -9.785732
v 6.690866 -10.379879 -7.302094
v 2.707008 -9.230161 -10.787916
v 6.088906 1.722083 -7.337755
v 6.728062 14.779757 -7.737862
v 3.862564 -6.915734 -10.947393
v 6.870869 15.513388 -7.856724
v 4.363743 -7.170853 -10.493671
v 6.440772 13.951801 -7.783300
v 6.891520 12.615740 -6.687262
v 6.236799 13.778955 -7.552206
v 6.718304 -11.008774 -7.392342
v 5.986259 15.878193 -10.063417
v 6.706429 14.440556 -7.932690
v 5.068361 -9.661294 -10.134090
v 3.246509 2.072145 -9.188089
v 4.422277 -10.256250 -9.613598
v 6.611913 -11.187817 -7.925016
v 6.824589 -10.421161 -7.765400
v 6.897392 -9.764338 -7.556498
v 6.285568 -10.064001 -8.823599
v 5.254937 -7.863385 -9.612164
v 4.739187 -7.480601 -10.766907
v 7.378009 14.926720 -8.433649
v 7.061899 13.527281 -7.910603
v 6.033065 -10.559059 -8.893333
v 5.827085 -8.806363 -9.585306
v 4.451211 -8.069963 -11.070141
v 7.051958 14.645151 -8.026459
v 7.265388 15.740337 -8.428522
v 6.198129 -8.779577 -8.196375
v 7.042249 14.228861 -8.103832
v 6.700049 16.122835 -8.809101
v 7.163180 14.466295 -8.247177
v 6.740696 -9.443457 -8.519037
v 7.557661 13.609829 -8.469597
v 5.435903 15.373211 -10.351500
v 7.338115 14.558937 -8.370935
v 7.375076 3.803684 -7.487141
v 8.039993 12.981646 -9.306879
v 6.327373 15.224564 -10.885691
v 6.504489 2.481801 -9.673218
v 7.573681 15.816959 -9.707283
v 6.420593 13.759550 -11.429913
v 6.317826 4.555021 -11.290791
v 7.137893 15.640455 -10.398283
v 7.153520 14.457392 -11.405340
v 8.298079 15.021238 -9.755125
v 7.988935 15.082510 -10.536999
v 7.399773 4.434451 -11.259886
v 5.744694 13.179192 -10.760935
v 8.198344 7.019651 -8.044388
v 7.431098 13.236094 -12.033018
v 8.298693 14.260685 -9.648968
v 8.052963 13.415739 -11.716660
v 7.381741 7.106660 -12.349073
v 7.827210 6.238161 -12.015167
v 8.842752 13.630049 -10.711187
v 4.517767 9.521575 -11.316748
v 8.380450 6.281314 -11.092232
v 6.498563 12.007450 -11.634415
v 5.624146 7.168789 -11.758228
v 7.559344 11.850292 -12.209229
v 8.151148 11.136814 -8.591536
v 8.684336 9.446766 -10.728640
v 8.968889 11.676289 -10.939880
v 9.044432 10.225588 -11.575401
v 8.596834 8.023584 -12.194433
v 7.715425 9.532104 -12.437233
v 8.754509 11.981518 -11.805004
vt 0.000000 0.000000
vt 0.000000 0.000000
vt 0.000000 0.000000
vt 0.000000 0.000000
vt 0.000000 0.000000
vt 0.000000 0.000000
vt 0.000000 0.000000
vt 0.000000 0.000000
vt 0.000000 0.000000
vt 0.000000 0.000000
vt 0.000000 0.000000
vt 0.000000 0.000000
vt 0.000000 0.000000
vt 0.000000 0.000000
vt 0.000000 0.000000
vt 0.000000 0.000000
vt 0.000000 0.000000
vt 0.000000 0.000000
vt 0.000000 0.000000
vt 0.000000 0.000000
vt 0.000000 0.000000
vt 0.000000 0.000000
vt 0.000000 0.000000
vt 0.000000 0.000000
vt 0.000000 0.000000
vt 0.000000 0.000000
vt 0.000000 0.000000
vt 0.000000 0.000000
vt 0.000000 0.000000
vt 0.000000 0.000000
vt 0.000000 0.000000
vt 0.000000 0.000000
vt 0.000000 0.000000
vt 0.000000 0.000000
vt 0.000000 0.000000
vt 0.000000 0.000000
vt 0.000000 0.000000
vt 0.000000 0.000000
vt 0.000000 0.000000
vt 0.000000 0.000000
vt 0.000000 0.000000
vt 0.000000 0.000000
vt 0.000000 0.000000
vt 0.000000 0.000000
vt 0.000000 0.000000
vt 0.000000 0.000000
vt 0.000000 0.000000
vt 0.000000 0.000000
vt 0.000000 0.000000
vt 0.000000 0.000000
vt 0.000000 0.000000
vt 0.000000 0.000000
vt 0.000000 0.000000
vt 0.000000 0.000000
vt 0.000000 0.000000
vt 0.000000 0.000000
vt 0.000000 0.000000
vt 0.000000 0.000000
vt 0.000000 0.000000
vt 0.000000 0.000000
vt 0.000000 0.000000
vt 0.000000 0.000000
vt 0.000000 0.000000
vt 0.000000 0.000000
vt 0.000000 0.000000
vt 0.000000 0.000000
vt 0.000000 0.000000
vt 0.000000 0.000000
vt 0.000000 0.000000
vt 0.000000 0.000000
vt 0.000000 0.000000
vt 0.000000 0.000000
vt 0.000000 0.000000
vt 0.000000 0.000000
vt 0.000000 0.000000
vt 0.000000 0.000000
vt 0.000000 0.000000
vt 0.000000 0.000000
vt 0.000000 0.000000
vt 0.000000 0.000000
vt 0.000000 0.000000
vt 0.000000 0.000000
vt 0.000000 0.000000
vt 0.000000 0.000000
vt 0.000000 0.000000
vt 0.000000 0.000000
vt 0.000000 0.000000
vt 0.000000 0.000000
vt 0.000000 0.000000
vt 0.000000 0.000000
vt 0.000000 0.000000
vt 0.000000 0.000000
vt 0.000000 0.000000
vt 0.000000 0.000000
vt 0.000000 0.000000
vt 0.000000 0.000000
vt 0.000000 0.000000
vt 0.000000 0.000000
vt 0.000000 0.000000
vt 0.000000 0.000000
vt 0.000000 0.000000
vt 0.000000 0.000000
vt 0.000000 0.000000
vt 0.000000 0.000000
vt 0.000000 0.000000
vt 0.000000 0.000000
vt 0.000000 0.000000
vt 0.000000 0.000000
vt 0.000000 0.000000
vt 0.000000 0.000000
vt 0.000000 0.000000
vt 0.000000 0.000000
vt 0.000000 0.000000
vt 0.000000 0.000000
vt 0.000000 0.000000
vt 0.000000 0.000000
vt 0.000000 0.000000
vt 0.000000 0.000000
vt 0.000000 0.000000
vt 0.000000 0.000000
vt 0.000000 0.000000
vt 0.000000 0.000000
vt 0.000000 0.000000
vt 0.000000 0.000000
vt 0.000000 0.000000
vt 0.000000 0.000000
vt 0.000000 0.000000
vt 0.000000 0.000000
vt 0.000000 0.000000
vt 0.000000 0.000000
vt 0.000000 0.000000
vt 0.000000 0.000000
vt 0.000000 0.000000
vt 0.000000 0.000000
vt 0.000000 0.000000
vt 0.000000 0.000000
vt 0.000000 0.000000
vt 0.000000 0.000000
vt 0.000000 0.000000
vt 0.000000 0.000000
vt 0.000000 0.000000
vt 0.000000 0.000000
vt 0.000000 0.000000
vt 0.000000 0.000000
vt 0.000000 0.000000
vt 0.000000 0.000000
vt 0.000000 0.000000
vt 0.000000 0.000000
vt 0.000000 0.000000
vt 0.000000 0.000000
vt 0.000000 0.000000
vt 0.000000 0.000000
vt 0.000000 0.000000
vt 0.000000 0.000000
vt 0.000000 0.000000
vt 0.000000 0.000000
vt 0.000000 0.000000
vt 0.000000 0.000000
vt 0.000000 0.000000
vt 0.000000 0.000000
vt 0.000000 0.000000
vt 0.000000 0.000000
vt 0.000000 0.000000
vt 0.000000 0.000000
vt 0.000000 0.000000
vt 0.000000 0.000000
vt 0.000000 0.000000
vt 0.000000 0.000000
vt 0.000000 0.000000
vt 0.000000 0.000000
vt 0.000000 0.000000
vt 0.000000 0.000000
vt 0.000000 0.000000
vt 0.000000 0.000000
vt 0.000000 0.000000
vt 0.000000 0.000000
vt 0.000000 0.000000
vt 0.000000 0.000000
vt 0.000000 0.000000
vt 0.000000 0.000000
vt 0.000000 0.000000
vt 0.000000 0.000000
vt 0.000000 0.000000
vt 0.000000 0.000000
vt 0.000000 0.000000
vt 0.000000 0.000000
vt 0.000000 0.000000
vt 0.000000 0.000000
vt 0.000000 0.000000
vt 0.000000 0.000000
vt 0.000000 0.000000
vt 0.000000 0.000000
vt 0.000000 0.000000
vt 0.000000 0.000000
vt 0.000000 0.000000
vt 0.000000 0.000000
vt 0.000000 0.000000
vt 0.000000 0.000000
vt 0.000000 0.000000
vt 0.000000 0.000000
vt 0.000000 0.000000
vt 0.000000 0.000000
vt 0.000000 0.000000
vt 0.000000 0.000000
vt 0.000000 0.000000
vt 0.000000 0.000000
vt 0.000000 0.000000
vt 0.000000 0.000000
vt 0.000000 0.000000
vt 0.000000 0.000000
vt 0.000000 0.000000
vt 0.000000 0.000000
vt 0.000000 0.000000
vt 0.000000 0.000000
vt 0.000000 0.000000
vt 0.000000 0.000000
vt 0.000000 0.000000
vt 0.000000 0.000000
vt 0.000000 0.000000
vt 0.000000 0.000000
vt 0.000000 0.000000
vt 0.000000 0.000000
vt 0.000000 0.000000
vt 0.000000 0.000000
vt 0.000000 0.000000
vt 0.000000 0.000000
vt 0.000000 0.000000
vt 0.000000 0.000000
vt 0.000000 0.000000
vt 0.000000 0.000000
vt 0.000000 0.000000
vt 0.000000 0.000000
vt 0.000000 0.000000
vt 0.000000 0.000000
vt 0.000000 0.000000
vt 0.000000 0.000000
vt 0.000000 0.000000
vt 0.000000 0.000000
vt 0.000000 0.000000
vt 0.000000 0.000000
vt 0.000000 0.000000
vt 0.000000 0.000000
vt 0.000000 0.000000
vt 0.000000 0.000000
vt 0.000000 0.000000
vt 0.000000 0.000000
vt 0.000000 0.000000
vt 0.000000 0.000000
vt 0.000000 0.000000
vt 0.000000 0.000000
vt 0.000000 0.000000
vt 0.000000 0.000000
vt 0.000000 0.000000
vt 0.000000 0.000000
vt 0.000000 0.000000
vt 0.000000 0.000000
vt 0.000000 0.000000
vt 0.000000 0.000000
vt 0.000000 0.000000
vt 0.000000 0.000000
vt 0.000000 0.000000
vt 0.000000 0.000000
vt 0.000000 0.000000
vt 0.000000 0.000000
vt 0.000000 0.000000
vt 0.000000 0.000000
vt 0.000000 0.000000
vt 0.000000 0.000000
vt 0.000000 0.000000
vt 0.000000 0.000000
vt 0.000000 0.000000
vt 0.000000 0.000000
vt 0.000000 0.000000
vt 0.000000 0.000000
vt 0.000000 0.000000
vt 0.000000 0.000000
vt 0.000000 0.000000
vt 0.000000 0.000000
vt 0.000000 0.000000
vt 0.000000 0.000000
vt 0.000000 0.000000
vt 0.000000 0.000000
vt 0.000000 0.000000
vt 0.000000 0.000000
vt 0.000000 0.000000
vt 0.000000 0.000000
vt 0.000000 0.000000
vt 0.000000 0.000000
vt 0.000000 0.000000
vt 0.000000 0.000000
vt 0.000000 0.000000
vt 0.000000 0.000000
vt 0.000000 0.000000
vt 0.000000 0.000000
vt 0.000000 0.000000
vt 0.000000 0.000000
vt 0.000000 0.000000
vt 0.000000 0.000000
vt 0.000000 0.000000
vt 0.000000 0.000000
vt 0.000000 0.000000
vt 0.000000 0.000000
vt 0.000000 0.000000
vt 0.000000 0.000000
vt 0.000000 0.000000
vt 0.000000 0.000000
vt 0.000000 0.000000
vt 0.000000 0.000000
vt 0.000000 0.000000
vt 0.000000 0.000000
vt 0.000000 0.000000
vt 0.000000 0.000000
vt 0.000000 0.000000
vt 0.000000 0.000000
vt 0.000000 0.000000
vt 0.000000 0.000000
vt 0.000000 0.000000
vt 0.000000 0.000000
vt 0.000000 0.000000
vt 0.000000 0.000000
vt 0.000000 0.000000
vt 0.000000 0.000000
vt 0.000000 0.000000
vt 0.000000 0.000000
vt 0.000000 0.000000
vt 0.000000 0.000000
vt 0.000000 0.000000
vt 0.000000 0.000000
vt 0.000000 0.000000
vt 0.000000 0.000000
vt 0.000000 0.000000
vt 0.000000 0.000000
vt 0.000000 0.000000
vt 0.000000 0.000000
vt 0.000000 0.000000
vt 0.000000 0.000000
vt 0.000000 0.000000
vt 0.000000 0.000000
vt 0.000000 0.000000
vt 0.000000 0.000000
vt 0.000000 0.000000
vt 0.000000 0.000000
vt 0.000000 0.000000
vt 0.000000 0.000000
vt 0.000000 0.000000
vt 0.000000 0.000000
vt 0.000000 0.000000
vt 0.000000 0.000000
vt 0.000000 0.000000
vt 0.000000 0.000000
vt 0.000000 0.000000
vt 0.000000 0.000000
vt 0.000000 0.000000
vt 0.000000 0.000000
vt 0.000000 0.000000
vt 0.000000 0.000000
vt 0.000000 0.000000
vt 0.000000 0.000000
vt 0.000000 0.000000
vt 0.000000 0.000000
vt 0.000000 0.000000
vt 0.000000 0.000000
vt 0.000000 0.000000
vt 0.000000 0.000000
vt 0.000000 0.000000
vt 0.000000 0.000000
vt 0.000000 0.000000
vt 0.000000 0.000000
vt 0.000000 0.000000
vt 0.000000 0.000000
vt 0.000000 0.000000
vt 0.000000 0.000000
vt 0.000000 0.000000
vt 0.000000 0.000000
vt 0.000000 0.000000
vt 0.000000 0.000000
vt 0.000000 0.000000
vt 0.000000 0.000000
vt 0.000000 0.000000
vt 0.000000 0.000000
vt 0.000000 0.000000
vt 0.000000 0.000000
vt 0.000000 0.000000
vt 0.000000 0.000000
vt 0.000000 0.000000
vt 0.000000 0.000000
vt 0.000000 0.000000
vt 0.000000 0.000000
vt 0.000000 0.000000
vt 0.000000 0.000000
vt 0.000000 0.000000
vt 0.000000 0.000000
vt 0.000000 0.000000
vt 0.000000 0.000000
vt 0.000000 0.000000
vt 0.000000 0.000000
vt 0.000000 0.000000
vt 0.000000 0.000000
vt 0.000000 0.000000
vt 0.000000 0.000000
vt 0.000000 0.000000
vt 0.000000 0.000000
vt 0.000000 0.000000
vt 0.000000 0.000000
vt 0.000000 0.000000
vt 0.000000 0.000000
vt 0.000000 0.000000
vt 0.000000 0.000000
vt 0.000000 0.000000
vt 0.000000 0.000000
vt 0.000000 0.000000
vt 0.000000 0.000000
vt 0.000000 0.000000
vt 0.000000 0.000000
vt 0.000000 0.000000
vt 0.000000 0.000000
vt 0.000000 0.000000
vt 0.000000 0.000000
vt 0.000000 0.000000
vt 0.000000 0.000000
vt 0.000000 0.000000
vt 0.000000 0.000000
vt 0.000000 0.000000
vt 0.000000 0.000000
vt 0.000000 0.000000
vt 0.000000 0.000000
vt 0.000000 0.000000
vt 0.000000 0.000000
vt 0.000000 0.000000
vt 0.000000 0.000000
vt 0.000000 0.000000
vt 0.000000 0.000000
vt 0.000000 0.000000
vt 0.000000 0.000000
vt 0.000000 0.000000
vt 0.000000 0.000000
vt 0.000000 0.000000
vt 0.000000 0.000000
vt 0.000000 0.000000
vt 0.000000 0.000000
vt 0.000000 0.000000
vt 0.000000 0.000000
vt 0.000000 0.000000
vt 0.000000 0.000000
vt 0.000000 0.000000
vt 0.000000 0.000000
vt 0.000000 0.000000
vt 0.000000 0.000000
vt 0.000000 0.000000
vt 0.000000 0.000000
vt 0.000000 0.000000
vt 0.000000 0.000000
vt 0.000000 0.000000
vt 0.000000 0.000000
vt 0.000000 0.000000
vt 0.000000 0.000000
vt 0.000000 0.000000
vt 0.000000 0.000000
vt 0.000000 0.000000
vt 0.000000 0.000000
vt 0.000000 0.000000
vt 0.000000 0.000000
vt 0.000000 0.000000
vt 0.000000 0.000000
vt 0.000000 0.000000
vt 0.000000 0.000000
vt 0.000000 0.000000
vt 0.000000 0.000000
vt 0.000000 0.000000
vt 0.000000 0.000000
vt 0.000000 0.000000
vt 0.000000 0.000000
vt 0.000000 0.000000
vt 0.000000 0.000000
vt 0.000000 0.000000
vt 0.000000 0.000000
vt 0.000000 0.000000
vt 0.000000 0.000000
vt 0.000000 0.000000
vt 0.000000 0.000000
vt 0.000000 0.000000
vt 0.000000 0.000000
vt 0.000000 0.000000
vt 0.000000 0.000000
vt 0.000000 0.000000
vt 0.000000 0.000000
vt 0.000000 0.000000
vt 0.000000 0.000000
vt 0.000000 0.000000
vt 0.000000 0.000000
vt 0.000000 0.000000
vt 0.000000 0.000000
vt 0.000000 0.000000
vt 0.000000 0.000000
vt 0.000000 0.000000
vt 0.000000 0.000000
vt 0.000000 0.000000
vt 0.000000 0.000000
vt 0.000000 0.000000
vt 0.000000 0.000000
vt 0.000000 0.000000
vt 0.000000 0.000000
vt 0.000000 0.000000
vt 0.000000 0.000000
vt 0.000000 0.000000
vt 0.000000 0.000000
vt 0.000000 0.000000
vt 0.000000 0.000000
vt 0.000000 0.000000
vt 0.000000 0.000000
vt 0.000000 0.000000
vt 0.000000 0.000000
vt 0.000000 0.000000
vt 0.000000 0.000000
vt 0.000000 0.000000
vt 0.000000 0.000000
vt 0.000000 0.000000
vt 0.000000 0.000000
vt 0.000000 0.000000
vt 0.000000 0.000000
vt 0.000000 0.000000
vt 0.000000 0.000000
vt 0.000000 0.000000
vt 0.000000 0.000000
vt 0.000000 0.000000
vt 0.000000 0.000000
vt 0.000000 0.000000
vt 0.000000 0.000000
vt 0.000000 0.000000
vt 0.000000 0.000000
vt 0.000000 0.000000
vt 0.000000 0.000000
vt 0.000000 0.000000
vt 0.000000 0.000000
vt 0.000000 0.000000
vt 0.000000 0.000000
vt 0.000000 0.000000
vt 0.000000 0.000000
vt 0.000000 0.000000
vt 0.000000 0.000000
vt 0.000000 0.000000
vt 0.000000 0.000000
vt 0.000000 0.000000
vt 0.000000 0.000000
vt 0.000000 0.000000
vt 0.000000 0.000000
vt 0.000000 0.000000
vt 0.000000 0.000000
vt 0.000000 0.000000
vt 0.000000 0.000000
vt 0.000000 0.000000
vt 0.000000 0.000000
vt 0.000000 0.000000
vt 0.000000 0.000000
vt 0.000000 0.000000
vt 0.000000 0.000000
vt 0.000000 0.000000
vt 0.000000 0.000000
vt 0.000000 0.000000
vt 0.000000 0.000000
vt 0.000000 0.000000
vt 0.000000 0.000000
vt 0.000000 0.000000
vt 0.000000 0.000000
vt 0.000000 0.000000
vt 0.000000 0.000000
vt 0.000000 0.000000
vt 0.000000 0.000000
vt 0.000000 0.000000
vt 0.000000 0.000000
vt 0.000000 0.000000
vt 0.000000 0.000000
vt 0.000000 0.000000
vt 0.000000 0.000000
vt 0.000000 0.000000
vt 0.000000 0.000000
vt 0.000000 0.000000
vt 0.000000 0.000000
vt 0.000000 0.000000
vt 0.000000 0.000000
vt 0.000000 0.000000
vt 0.000000 0.000000
vt 0.000000 0.000000
vt 0.000000 0.000000
vt 0.000000 0.000000
vt 0.000000 0.000000
vt 0.000000 0.000000
vt 0.000000 0.000000
vt 0.000000 0.000000
vt 0.000000 0.000000
vt 0.000000 0.000000
vt 0.000000 0.000000
vt 0.000000 0.000000
vt 0.000000 0.000000
vt 0.000000 0.000000
vt 0.000000 0.000000
vt 0.000000 0.000000
vt 0.000000 0.000000
vt 0.000000 0.000000
vt 0.000000 0.000000
vt 0.000000 0.000000
vt 0.000000 0.000000
vt 0.000000 0.000000
vt 0.000000 0.000000
vt 0.000000 0.000000
vt 0.000000 0.000000
vt 0.000000 0.000000
vt 0.000000 0.000000
vt 0.000000 0.000000
vt 0.000000 0.000000
vt 0.000000 0.000000
vt 0.000000 0.000000
vt 0.000000 0.000000
vt 0.000000 0.000000
vt 0.000000 0.000000
vt 0.000000 0.000000
vt 0.000000 0.000000
vt 0.000000 0.000000
vt 0.000000 0.000000
vt 0.000000 0.000000
vt 0.000000 0.000000
vt 0.000000 0.000000
vt 0.000000 0.000000
vt 0.000000 0.000000
vt 0.000000 0.000000
vt 0.000000 0.000000
vt 0.000000 0.000000
vt 0.000000 0.000000
vt 0.000000 0.000000
vt 0.000000 0.000000
vt 0.000000 0.000000
vt 0.000000 0.000000
vt 0.000000 0.000000
vt 0.000000 0.000000
vt 0.000000 0.000000
vt 0.000000 0.000000
vt 0.000000 0.000000
vt 0.000000 0.000000
vt 0.000000 0.000000
vt 0.000000 0.000000
vt 0.000000 0.000000
vt 0.000000 0.000000
vt 0.000000 0.000000
vt 0.000000 0.000000
vt 0.000000 0.000000
vt 0.000000 0.000000
vt 0.000000 0.000000
vt 0.000000 0.000000
vt 0.000000 0.000000
vt 0.000000 0.000000
vt 0.000000 0.000000
vt 0.000000 0.000000
vt 0.000000 0.000000
vt 0.000000 0.000000
vt 0.000000 0.000000
vt 0.000000 0.000000
vt 0.000000 0.000000
vt 0.000000 0.000000
vt 0.000000 0.000000
vt 0.000000 0.000000
vt 0.000000 0.000000
vt 0.000000 0.000000
vt 0.000000 0.000000
vt 0.000000 0.000000
vt 0.000000 0.000000
vt 0.000000 0.000000
vt 0.000000 0.000000
vt 0.000000 0.000000
vt 0.000000 0.000000
vt 0.000000 0.000000
vt 0.000000 0.000000
vt 0.000000 0.000000
vt 0.000000 0.000000
vt 0.000000 0.000000
vt 0.000000 0.000000
vt 0.000000 0.000000
vt 0.000000 0.000000
vt 0.000000 0.000000
vt 0.000000 0.000000
vt 0.000000 0.000000
vt 0.000000 0.000000
vt 0.000000 0.000000
vt 0.000000 0.000000
vt 0.000000 0.000000
vt 0.000000 0.000000
vt 0.000000 0.000000
vt 0.000000 0.000000
vt 0.000000 0.000000
vt 0.000000 0.000000
vt 0.000000 0.000000
vt 0.000000 0.000000
vt 0.000000 0.000000
vt 0.000000 0.000000
vt 0.000000 0.000000
vt 0.000000 0.000000
vt 0.000000 0.000000
vt 0.000000 0.000000
vt 0.000000 0.000000
vt 0.000000 0.000000
vt 0.000000 0.000000
vt 0.000000 0.000000
vt 0.000000 0.000000
vt 0.000000 0.000000
vt 0.000000 0.000000
vt 0.000000 0.000000
vt 0.000000 0.000000
vt 0.000000 0.000000
vt 0.000000 0.000000
vt 0.000000 0.000000
vt 0.000000 0.000000
vt 0.000000 0.000000
vt 0.000000 0.000000
vt 0.000000 0.000000
vt 0.000000 0.000000
vt 0.000000 0.000000
vt 0.000000 0.000000
vt 0.000000 0.000000
vt 0.000000 0.000000
vt 0.000000 0.000000
vt 0.000000 0.000000
vt 0.000000 0.000000
vt 0.000000 0.000000
vt 0.000000 0.000000
vt 0.000000 0.000000
vt 0.000000 0.000000
vt 0.000000 0.000000
vt 0.000000 0.000000
vt 0.000000 0.000000
vt 0.000000 0.000000
vt 0.000000 0.000000
vt 0.000000 0.000000
vt 0.000000 0.000000
vt 0.000000 0.000000
vt 0.000000 0.000000
vt 0.000000 0.000000
vt 0.000000 0.000000
vt 0.000000 0.000000
vt 0.000000 0.000000
vt 0.000000 0.000000
vt 0.000000 0.000000
vt 0.000000 0.000000
vt 0.000000 0.000000
vt 0.000000 0.000000
vt 0.000000 0.000000
vt 0.000000 0.000000
vt 0.000000 0.000000
vt 0.000000 0.000000
vt 0.000000 0.000000
vt 0.000000 0.000000
vt 0.000000 0.000000
vt 0.000000 0.000000
vt 0.000000 0.000000
vt 0.000000 0.000000
vt 0.000000 0.000000
vt 0.000000 0.000000
vt 0.000000 0.000000
vt 0.000000 0.000000
vt 0.000000 0.000000
vt 0.000000 0.000000
vt 0.000000 0.000000
vt 0.000000 0.000000
vt 0.000000 0.000000
vt 0.000000 0.000000
vt 0.000000 0.000000
vt 0.000000 0.000000
vt 0.000000 0.000000
vt 0.000000 0.000000
vt 0.000000 0.000000
vt 0.000000 0.000000
vt 0.000000 0.000000
vt 0.000000 0.000000
vt 0.000000 0.000000
vt 0.000000 0.000000
vt 0.000000 0.000000
vt 0.000000 0.000000
vt 0.000000 0.000000
vt 0.000000 0.000000
vt 0.000000 0.000000
vt 0.000000 0.000000
vt 0.000000 0.000000
vt 0.000000 0.000000
vt 0.000000 0.000000
vt 0.000000 0.000000
vt 0.000000 0.000000
vt 0.000000 0.000000
vt 0.000000 0.000000
vt 0.000000 0.000000
vt 0.000000 0.000000
vt 0.000000 0.000000
vt 0.000000 0.000000
vt 0.000000 0.000000
vt 0.000000 0.000000
vt 0.000000 0.000000
vt 0.000000 0.000000
vt 0.000000 0.000000
vt 0.000000 0.000000
vt 0.000000 0.000000
vt 0.000000 0.000000
vt 0.000000 0.000000
vt 0.000000 0.000000
vt 0.000000 0.000000
vt 0.000000 0.000000
vt 0.000000 0.000000
vt 0.000000 0.000000
vt 0.000000 0.000000
vt 0.000000 0.000000
vt 0.000000 0.000000
vt 0.000000 0.000000
vt 0.000000 0.000000
vt 0.000000 0.000000
vt 0.000000 0.000000
vt 0.000000 0.000000
vt 0.000000 0.000000
vt 0.000000 0.000000
vt 0.000000 0.000000
vt 0.000000 0.000000
vt 0.000000 0.000000
vt 0.000000 0.000000
vt 0.000000 0.000000
vt 0.000000 0.000000
vt 0.000000 0.000000
vt 0.000000 0.000000
vt 0.000000 0.000000
vt 0.000000 0.000000
vt 0.000000 0.000000
vt 0.000000 0.000000
vt 0.000000 0.000000
vt 0.000000 0.000000
vt 0.000000 0.000000
vt 0.000000 0.000000
vt 0.000000 0.000000
vt 0.000000 0.000000
vt 0.000000 0.000000
vt 0.000000 0.000000
vt 0.000000 0.000000
vt 0.000000 0.000000
vt 0.000000 0.000000
vt 0.000000 0.000000
vt 0.000000 0.000000
vt 0.000000 0.000000
vt 0.000000 0.000000
vt 0.000000 0.000000
vt 0.000000 0.000000
vt 0.000000 0.000000
vt 0.000000 0.000000
vt 0.000000 0.000000
vt 0.000000 0.000000
vt 0.000000 0.000000
vt 0.000000 0.000000
vt 0.000000 0.000000
vt 0.000000 0.000000
vt 0.000000 0.000000
vt 0.000000 0.000000
vt 0.000000 0.000000
vt 0.000000 0.000000
vt 0.000000 0.000000
vt 0.000000 0.000000
vt 0.000000 0.000000
vt 0.000000 0.000000
vt 0.000000 0.000000
vt 0.000000 0.000000
vt 0.000000 0.000000
vt 0.000000 0.000000
vt 0.000000 0.000000
vt 0.000000 0.000000
vt 0.000000 0.000000
vt 0.000000 0.000000
vt 0.000000 0.000000
vt 0.000000 0.000000
vt 0.000000 0.000000
vt 0.000000 0.000000
vt 0.000000 0.000000
vt 0.000000 0.000000
vt 0.000000 0.000000
vt 0.000000 0.000000
vt 0.000000 0.000000
vt 0.000000 0.000000
vt 0.000000 0.000000
vt 0.000000 0.000000
vt 0.000000 0.000000
vt 0.000000 0.000000
vt 0.000000 0.000000
vt 0.000000 0.000000
vt 0.000000 0.000000
vt 0.000000 0.000000
vt 0.000000 0.000000
vt 0.000000 0.000000
vt 0.000000 0.000000
vt 0.000000 0.000000
vt 0.000000 0.000000
vt 0.000000 0.000000
vt 0.000000 0.000000
vt 0.000000 0.000000
vt 0.000000 0.000000
vt 0.000000 0.000000
vt 0.000000 0.000000
vt 0.000000 0.000000
vt 0.000000 0.000000
vt 0.000000 0.000000
vt 0.000000 0.000000
vt 0.000000 0.000000
vt 0.000000 0.000000
vt 0.000000 0.000000
vt 0.000000 0.000000
vt 0.000000 0.000000
vt 0.000000 0.000000
vt 0.000000 0.000000
vt 0.000000 0.000000
vt 0.000000 0.000000
vt 0.000000 0.000000
vt 0.000000 0.000000
vt 0.000000 0.000000
vt 0.000000 0.000000
vt 0.000000 0.000000
vt 0.000000 0.000000
vt 0.000000 0.000000
vt 0.000000 0.000000
vt 0.000000 0.000000
vt 0.000000 0.000000
vt 0.000000 0.000000
vt 0.000000 0.000000
vt 0.000000 0.000000
vt 0.000000 0.000000
vt 0.000000 0.000000
vt 0.000000 0.000000
vt 0.000000 0.000000
vt 0.000000 0.000000
vt 0.000000 0.000000
vt 0.000000 0.000000
vt 0.000000 0.000000
vt 0.000000 0.000000
vt 0.000000 0.000000
vt 0.000000 0.000000
vt 0.000000 0.000000
vt 0.000000 0.000000
vt 0.000000 0.000000
vt 0.000000 0.000000
vt 0.000000 0.000000
vt 0.000000 0.000000
vt 0.000000 0.000000
vt 0.000000 0.000000
vt 0.000000 0.000000
vt 0.000000 0.000000
vt 0.000000 0.000000
vt 0.000000 0.000000
vt 0.000000 0.000000
vt 0.000000 0.000000
vt 0.000000 0.000000
vt 0.000000 0.000000
vt 0.000000 0.000000
vt 0.000000 0.000000
vt 0.000000 0.000000
vt 0.000000 0.000000
vt 0.000000 0.000000
vt 0.000000 0.000000
vt 0.000000 0.000000
vt 0.000000 0.000000
vt 0.000000 0.000000
vt 0.000000 0.000000
vt 0.000000 0.000000
vt 0.000000 0.000000
vt 0.000000 0.000000
vt 0.000000 0.000000
vt 0.000000 0.000000
vt 0.000000 0.000000
vt 0.000000 0.000000
vt 0.000000 0.000000
vt 0.000000 0.000000
vt 0.000000 0.000000
vt 0.000000 0.000000
vt 0.000000 0.000000
vt 0.000000 0.000000
vt 0.000000 0.000000
vt 0.000000 0.000000
vt 0.000000 0.000000
vt 0.000000 0.000000
vt 0.000000 0.000000
vt 0.000000 0.000000
vt 0.000000 0.000000
vt 0.000000 0.000000
vt 0.000000 0.000000
vt 0.000000 0.000000
vt 0.000000 0.000000
vt 0.000000 0.000000
vt 0.000000 0.000000
vt 0.000000 0.000000
vt 0.000000 0.000000
vt 0.000000 0.000000
vt 0.000000 0.000000
vt 0.000000 0.000000
vt 0.000000 0.000000
vt 0.000000 0.000000
vt 0.000000 0.000000
vt 0.000000 0.000000
vt 0.000000 0.000000
vt 0.000000 0.000000
vt 0.000000 0.000000
vt 0.000000 0.000000
vt 0.000000 0.000000
vt 0.000000 0.000000
vt 0.000000 0.000000
vt 0.000000 0.000000
vt 0.000000 0.000000
vt 0.000000 0.000000
vt 0.000000 0.000000
vt 0.000000 0.000000
vt 0.000000 0.000000
vt 0.000000 0.000000
vt 0.000000 0.000000
vt 0.000000 0.000000
vt 0.000000 0.000000
vt 0.000000 0.000000
vt 0.000000 0.000000
vt 0.000000 0.000000
vt 0.000000 0.000000
vt 0.000000 0.000000
vt 0.000000 0.000000
vt 0.000000 0.000000
vt 0.000000 0.000000
vt 0.000000 0.000000
vt 0.000000 0.000000
vt 0.000000 0.000000
vt 0.000000 0.000000
vt 0.000000 0.000000
vt 0.000000 0.000000
vt 0.000000 0.000000
vt 0.000000 0.000000
vt 0.000000 0.000000
vt 0.000000 0.000000
vt 0.000000 0.000000
vt 0.000000 0.000000
vt 0.000000 0.000000
vt 0.000000 0.000000
vt 0.000000 0.000000
vt 0.000000 0.000000
vt 0.000000 0.000000
vt 0.000000 0.000000
vt 0.000000 0.000000
vt 0.000000 0.000000
vt 0.000000 0.000000
vt 0.000000 0.000000
vt 0.000000 0.000000
vt 0.000000 0.000000
vt 0.000000 0.000000
vt 0.000000 0.000000
vt 0.000000 0.000000
vt 0.000000 0.000000
vt 0.000000 0.000000
vt 0.000000 0.000000
vt 0.000000 0.000000
vt 0.000000 0.000000
vt 0.000000 0.000000
vt 0.000000 0.000000
vt 0.000000 0.000000
vt 0.000000 0.000000
vt 0.000000 0.000000
vt 0.000000 0.000000
vt 0.000000 0.000000
vt 0.000000 0.000000
vt 0.000000 0.000000
vt 0.000000 0.000000
vt 0.000000 0.000000
vt 0.000000 0.000000
vt 0.000000 0.000000
vt 0.000000 0.000000
vt 0.000000 0.000000
vt 0.000000 0.000000
vt 0.000000 0.000000
vt 0.000000 0.000000
vt 0.000000 0.000000
vt 0.000000 0.000000
vt 0.000000 0.000000
vt 0.000000 0.000000
vt 0.000000 0.000000
vt 0.000000 0.000000
vt 0.000000 0.000000
vt 0.000000 0.000000
vt 0.000000 0.000000
vt 0.000000 0.000000
vt 0.000000 0.000000
vt 0.000000 0.000000
vt 0.000000 0.000000
vt 0.000000 0.000000
vt 0.000000 0.000000
vt 0.000000 0.000000
vt 0.000000 0.000000
vt 0.000000 0.000000
vt 0.000000 0.000000
vt 0.000000 0.000000
vt 0.000000 0.000000
vt 0.000000 0.000000
vt 0.000000 0.000000
vt 0.000000 0.000000
vt 0.000000 0.000000
vt 0.000000 0.000000
vt 0.000000 0.000000
vt 0.000000 0.000000
vt 0.000000 0.000000
vt 0.000000 0.000000
vt 0.000000 0.000000
vt 0.000000 0.000000
vt 0.000000 0.000000
vt 0.000000 0.000000
vt 0.000000 0.000000
vt 0.000000 0.000000
vt 0.000000 0.000000
vt 0.000000 0.000000
vt 0.000000 0.000000
vt 0.000000 0.000000
vt 0.000000 0.000000
vt 0.000000 0.000000
vt 0.000000 0.000000
vt 0.000000 0.000000
vt 0.000000 0.000000
vt 0.000000 0.000000
vt 0.000000 0.000000
vt 0.000000 0.000000
vt 0.000000 0.000000
vt 0.000000 0.000000
vt 0.000000 0.000000
vt 0.000000 0.000000
vt 0.000000 0.000000
vt 0.000000 0.000000
vt 0.000000 0.000000
vt 0.000000 0.000000
vt 0.000000 0.000000
vt 0.000000 0.000000
vt 0.000000 0.000000
vt 0.000000 0.000000
vt 0.000000 0.000000
vt 0.000000 0.000000
vt 0.000000 0.000000
vt 0.000000 0.000000
vt 0.000000 0.000000
vt 0.000000 0.000000
vt 0.000000 0.000000
vt 0.000000 0.000000
vt 0.000000 0.000000
vt 0.000000 0.000000
vt 0.000000 0.000000
vt 0.000000 0.000000
vt 0.000000 0.000000
vt 0.000000 0.000000
vt 0.000000 0.000000
vt 0.000000 0.000000
vt 0.000000 0.000000
vt 0.000000 0.000000
vt 0.000000 0.000000
vt 0.000000 0.000000
vt 0.000000 0.000000
vt 0.000000 0.000000
vt 0.000000 0.000000
vt 0.000000 0.000000
vt 0.000000 0.000000
vt 0.000000 0.000000
vt 0.000000 0.000000
vt 0.000000 0.000000
vt 0.000000 0.000000
vt 0.000000 0.000000
vt 0.000000 0.000000
vt 0.000000 0.000000
vt 0.000000 0.000000
vt 0.000000 0.000000
vt 0.000000 0.000000
vt 0.000000 0.000000
vt 0.000000 0.000000
vt 0.000000 0.000000
vt 0.000000 0.000000
vt 0.000000 0.000000
vt 0.000000 0.000000
vt 0.000000 0.000000
vt 0.000000 0.000000
vt 0.000000 0.000000
vt 0.000000 0.000000
vt 0.000000 0.000000
vt 0.000000 0.000000
vt 0.000000 0.000000
vt 0.000000 0.000000
vt 0.000000 0.000000
vt 0.000000 0.000000
vt 0.000000 0.000000
vt 0.000000 0.000000
vt 0.000000 0.000000
vt 0.000000 0.000000
vt 0.000000 0.000000
vt 0.000000 0.000000
vt 0.000000 0.000000
vt 0.000000 0.000000
vt 0.000000 0.000000
vt 0.000000 0.000000
vt 0.000000 0.000000
vt 0.000000 0.000000
vt 0.000000 0.000000
vt 0.000000 0.000000
vt 0.000000 0.000000
vt 0.000000 0.000000
vt 0.000000 0.000000
vt 0.000000 0.000000
vt 0.000000 0.000000
vt 0.000000 0.000000
vt 0.000000 0.000000
vt 0.000000 0.000000
vt 0.000000 0.000000
vt 0.000000 0.000000
vt 0.000000 0.000000
vt 0.000000 0.000000
vt 0.000000 0.000000
vt 0.000000 0.000000
vt 0.000000 0.000000
vt 0.000000 0.000000
vt 0.000000 0.000000
vt 0.000000 0.000000
vt 0.000000 0.000000
vt 0.000000 0.000000
vt 0.000000 0.000000
vt 0.000000 0.000000
vt 0.000000 0.000000
vt 0.000000 0.000000
vt 0.000000 0.000000
vt 0.000000 0.000000
vt 0.000000 0.000000
vt 0.000000 0.000000
vt 0.000000 0.000000
vt 0.000000 0.000000
vt 0.000000 0.000000
vt 0.000000 0.000000
vt 0.000000 0.000000
vt 0.000000 0.000000
vt 0.000000 0.000000
vt 0.000000 0.000000
vt 0.000000 0.000000
vt 0.000000 0.000000
vt 0.000000 0.000000
vt 0.000000 0.000000
vt 0.000000 0.000000
vt 0.000000 0.000000
vt 0.000000 0.000000
vt 0.000000 0.000000
vt 0.000000 0.000000
vt 0.000000 0.000000
vt 0.000000 0.000000
vt 0.000000 0.000000
vt 0.000000 0.000000
vt 0.000000 0.000000
vt 0.000000 0.000000
vt 0.000000 0.000000
vt 0.000000 0.000000
vt 0.000000 0.000000
vt 0.000000 0.000000
vt 0.000000 0.000000
vt 0.000000 0.000000
vt 0.000000 0.000000
vt 0.000000 0.000000
vt 0.000000 0.000000
vt 0.000000 0.000000
vt 0.000000 0.000000
vt 0.000000 0.000000
vt 0.000000 0.000000
vt 0.000000 0.000000
vt 0.000000 0.000000
vt 0.000000 0.000000
vt 0.000000 0.000000
vt 0.000000 0.000000
vt 0.000000 0.000000
vt 0.000000 0.000000
vt 0.000000 0.000000
vt 0.000000 0.000000
vt 0.000000 0.000000
vt 0.000000 0.000000
vt 0.000000 0.000000
vt 0.000000 0.000000
vt 0.000000 0.000000
vt 0.000000 0.000000
vt 0.000000 0.000000
vt 0.000000 0.000000
vt 0.000000 0.000000
vt 0.000000 0.000000
vt 0.000000 0.000000
vt 0.000000 0.000000
vt 0.000000 0.000000
vt 0.000000 0.000000
vt 0.000000 0.000000
vt 0.000000 0.000000
vt 0.000000 0.000000
vt 0.000000 0.000000
vt 0.000000 0.000000
vt 0.000000 0.000000
vt 0.000000 0.000000
vt 0.000000 0.000000
vt 0.000000 0.000000
vt 0.000000 0.000000
vt 0.000000 0.000000
vt 0.000000 0.000000
vt 0.000000 0.000000
vt 0.000000 0.000000
vt 0.000000 0.000000
vt 0.000000 0.000000
vt 0.000000 0.000000
vt 0.000000 0.000000
vt 0.000000 0.000000
vt 0.000000 0.000000
vt 0.000000 0.000000
vt 0.000000 0.000000
vt 0.000000 0.000000
vt 0.000000 0.000000
vt 0.000000 0.000000
vt 0.000000 0.000000
vt 0.000000 0.000000
vt 0.000000 0.000000
vt 0.000000 0.000000
vt 0.000000 0.000000
vt 0.000000 0.000000
vt 0.000000 0.000000
vt 0.000000 0.000000
vt 0.000000 0.000000
vt 0.000000 0.000000
vt 0.000000 0.000000
vt 0.000000 0.000000
vt 0.000000 0.000000
vt 0.000000 0.000000
vt 0.000000 0.000000
vt 0.000000 0.000000
vt 0.000000 0.000000
vt 0.000000 0.000000
vt 0.000000 0.000000
vt 0.000000 0.000000
vt 0.000000 0.000000
vt 0.000000 0.000000
vt 0.000000 0.000000
vt 0.000000 0.000000
vt 0.000000 0.000000
vt 0.000000 0.000000
vt 0.000000 0.000000
vt 0.000000 0.000000
vt 0.000000 0.000000
vt 0.000000 0.000000
vt 0.000000 0.000000
vt 0.000000 0.000000
vt 0.000000 0.000000
vt 0.000000 0.000000
vt 0.000000 0.000000
vt 0.000000 0.000000
vt 0.000000 0.000000
vt 0.000000 0.000000
vt 0.000000 0.000000
vt 0.000000 0.000000
vt 0.000000 0.000000
vt 0.000000 0.000000
vt 0.000000 0.000000
vt 0.000000 0.000000
vt 0.000000 0.000000
vt 0.000000 0.000000
vt 0.000000 0.000000
vt 0.000000 0.000000
vt 0.000000 0.000000
vt 0.000000 0.000000
vt 0.000000 0.000000
vt 0.000000 0.000000
vt 0.000000 0.000000
vt 0.000000 0.000000
vt 0.000000 0.000000
vt 0.000000 0.000000
vt 0.000000 0.000000
vt 0.000000 0.000000
vt 0.000000 0.000000
vt 0.000000 0.000000
vt 0.000000 0.000000
vt 0.000000 0.000000
vt 0.000000 0.000000
vt 0.000000 0.000000
vt 0.000000 0.000000
vt 0.000000 0.000000
vt 0.000000 0.000000
vt 0.000000 0.000000
vt 0.000000 0.000000
vt 0.000000 0.000000
vt 0.000000 0.000000
vt 0.000000 0.000000
vt 0.000000 0.000000
vt 0.000000 0.000000
vt 0.000000 0.000000
vt 0.000000 0.000000
vt 0.000000 0.000000
vt 0.000000 0.000000
vt 0.000000 0.000000
vt 0.000000 0.000000
vt 0.000000 0.000000
vt 0.000000 0.000000
vt 0.000000 0.000000
vt 0.000000 0.000000
vt 0.000000 0.000000
vt 0.000000 0.000000
vt 0.000000 0.000000
vt 0.000000 0.000000
vt 0.000000 0.000000
vt 0.000000 0.000000
vt 0.000000 0.000000
vt 0.000000 0.000000
vt 0.000000 0.000000
vt 0.000000 0.000000
vt 0.000000 0.000000
vt 0.000000 0.000000
vt 0.000000 0.000000
vt 0.000000 0.000000
vt 0.000000 0.000000
vt 0.000000 0.000000
vt 0.000000 0.000000
vt 0.000000 0.000000
vt 0.000000 0.000000
vt 0.000000 0.000000
vt 0.000000 0.000000
vt 0.000000 0.000000
vt 0.000000 0.000000
vt 0.000000 0.000000
vt 0.000000 0.000000
vt 0.000000 0.000000
vt 0.000000 0.000000
vt 0.000000 0.000000
vt 0.000000 0.000000
vt 0.000000 0.000000
vt 0.000000 0.000000
vt 0.000000 0.000000
vt 0.000000 0.000000
vt 0.000000 0.000000
vt 0.000000 0.000000
vt 0.000000 0.000000
vt 0.000000 0.000000
vt 0.000000 0.000000
vt 0.000000 0.000000
vt 0.000000 0.000000
vt 0.000000 0.000000
vt 0.000000 0.000000
vt 0.000000 0.000000
vt 0.000000 0.000000
vt 0.000000 0.000000
vt 0.000000 0.000000
vt 0.000000 0.000000
vt 0.000000 0.000000
vt 0.000000 0.000000
vt 0.000000 0.000000
vt 0.000000 0.000000
vt 0.000000 0.000000
vt 0.000000 0.000000
vt 0.000000 0.000000
vt 0.000000 0.000000
vt 0.000000 0.000000
vt 0.000000 0.000000
vt 0.000000 0.000000
vt 0.000000 0.000000
vt 0.000000 0.000000
vt 0.000000 0.000000
vt 0.000000 0.000000
vt 0.000000 0.000000
vt 0.000000 0.000000
vt 0.000000 0.000000
vt 0.000000 0.000000
vt 0.000000 0.000000
vt 0.000000 0.000000
vt 0.000000 0.000000
vt 0.000000 0.000000
vt 0.000000 0.000000
vt 0.000000 0.000000
vt 0.000000 0.000000
vt 0.000000 0.000000
vt 0.000000 0.000000
vt 0.000000 0.000000
vt 0.000000 0.000000
vt 0.000000 0.000000
vt 0.000000 0.000000
vt 0.000000 0.000000
vt 0.000000 0.000000
vt 0.000000 0.000000
vt 0.000000 0.000000
vt 0.000000 0.000000
vt 0.000000 0.000000
vt 0.000000 0.000000
vt 0.000000 0.000000
vt 0.000000 0.000000
vt 0.000000 0.000000
vt 0.000000 0.000000
vt 0.000000 0.000000
vt 0.000000 0.000000
vt 0.000000 0.000000
vt 0.000000 0.000000
vt 0.000000 0.000000
vt 0.000000 0.000000
vt 0.000000 0.000000
vt 0.000000 0.000000
vt 0.000000 0.000000
vt 0.000000 0.000000
vt 0.000000 0.000000
vt 0.000000 0.000000
vt 0.000000 0.000000
vt 0.000000 0.000000
vt 0.000000 0.000000
vt 0.000000 0.000000
vt 0.000000 0.000000
vt 0.000000 0.000000
vt 0.000000 0.000000
vt 0.000000 0.000000
vt 0.000000 0.000000
vt 0.000000 0.000000
vt 0.000000 0.000000
vt 0.000000 0.000000
vt 0.000000 0.000000
vt 0.000000 0.000000
vt 0.000000 0.000000
vt 0.000000 0.000000
vt 0.000000 0.000000
vt 0.000000 0.000000
vt 0.000000 0.000000
vt 0.000000 0.000000
vt 0.000000 0.000000
vt 0.000000 0.000000
vt 0.000000 0.000000
vt 0.000000 0.000000
vt 0.000000 0.000000
vt 0.000000 0.000000
vt 0.000000 0.000000
vt 0.000000 0.000000
vt 0.000000 0.000000
vt 0.000000 0.000000
vt 0.000000 0.000000
vt 0.000000 0.000000
vt 0.000000 0.000000
vt 0.000000 0.000000
vt 0.000000 0.000000
vt 0.000000 0.000000
vt 0.000000 0.000000
vt 0.000000 0.000000
vt 0.000000 0.000000
vt 0.000000 0.000000
vt 0.000000 0.000000
vt 0.000000 0.000000
vt 0.000000 0.000000
vt 0.000000 0.000000
vt 0.000000 0.000000
vt 0.000000 0.000000
vt 0.000000 0.000000
vt 0.000000 0.000000
vt 0.000000 0.000000
vt 0.000000 0.000000
vt 0.000000 0.000000
vt 0.000000 0.000000
vt 0.000000 0.000000
vt 0.000000 0.000000
vt 0.000000 0.000000
vt 0.000000 0.000000
vt 0.000000 0.000000
vt 0.000000 0.000000
vt 0.000000 0.000000
vt 0.000000 0.000000
vt 0.000000 0.000000
vt 0.000000 0.000000
vt 0.000000 0.000000
vt 0.000000 0.000000
vt 0.000000 0.000000
vt 0.000000 0.000000
vt 0.000000 0.000000
vt 0.000000 0.000000
vt 0.000000 0.000000
vt 0.000000 0.000000
vt 0.000000 0.000000
vt 0.000000 0.000000
vt 0.000000 0.000000
vt 0.000000 0.000000
vt 0.000000 0.000000
vt 0.000000 0.000000
vt 0.000000 0.000000
vt 0.000000 0.000000
vt 0.000000 0.000000
vt 0.000000 0.000000
vt 0.000000 0.000000
vt 0.000000 0.000000
vt 0.000000 0.000000
vt 0.000000 0.000000
vt 0.000000 0.000000
vt 0.000000 0.000000
vt 0.000000 0.000000
vt 0.000000 0.000000
vt 0.000000 0.000000
vt 0.000000 0.000000
vt 0.000000 0.000000
vt 0.000000 0.000000
vt 0.000000 0.000000
vt 0.000000 0.000000
vt 0.000000 0.000000
vt 0.000000 0.000000
vt 0.000000 0.000000
vt 0.000000 0.000000
vt 0.000000 0.000000
vt 0.000000 0.000000
vt 0.000000 0.000000
vt 0.000000 0.000000
vt 0.000000 0.000000
vt 0.000000 0.000000
vt 0.000000 0.000000
vt 0.000000 0.000000
vt 0.000000 0.000000
vt 0.000000 0.000000
vt 0.000000 0.000000
vt 0.000000 0.000000
vt 0.000000 0.000000
vt 0.000000 0.000000
vt 0.000000 0.000000
vt 0.000000 0.000000
vt 0.000000 0.000000
vt 0.000000 0.000000
vt 0.000000 0.000000
vt 0.000000 0.000000
vt 0.000000 0.000000
vt 0.000000 0.000000
vt 0.000000 0.000000
vt 0.000000 0.000000
vt 0.000000 0.000000
vt 0.000000 0.000000
vt 0.000000 0.000000
vt 0.000000 0.000000
vt 0.000000 0.000000
vt 0.000000 0.000000
vt 0.000000 0.000000
vt 0.000000 0.000000
vt 0.000000 0.000000
vt 0.000000 0.000000
vt 0.000000 0.000000
vt 0.000000 0.000000
vt 0.000000 0.000000
vt 0.000000 0.000000
vt 0.000000 0.000000
vt 0.000000 0.000000
vt 0.000000 0.000000
vt 0.000000 0.000000
vt 0.000000 0.000000
vt 0.000000 0.000000
vt 0.000000 0.000000
vt 0.000000 0.000000
vt 0.000000 0.000000
vt 0.000000 0.000000
vt 0.000000 0.000000
vt 0.000000 0.000000
vt 0.000000 0.000000
vt 0.000000 0.000000
vt 0.000000 0.000000
vt 0.000000 0.000000
vt 0.000000 0.000000
vt 0.000000 0.000000
vt 0.000000 0.000000
vt 0.000000 0.000000
vt 0.000000 0.000000
vt 0.000000 0.000000
vt 0.000000 0.000000
vt 0.000000 0.000000
vt 0.000000 0.000000
vt 0.000000 0.000000
vt 0.000000 0.000000
vt 0.000000 0.000000
vt 0.000000 0.000000
vt 0.000000 0.000000
vt 0.000000 0.000000
vt 0.000000 0.000000
vt 0.000000 0.000000
vt 0.000000 0.000000
vt 0.000000 0.000000
vt 0.000000 0.000000
vt 0.000000 0.000000
vt 0.000000 0.000000
vt 0.000000 0.000000
vt 0.000000 0.000000
vt 0.000000 0.000000
vt 0.000000 0.000000
vt 0.000000 0.000000
vt 0.000000 0.000000
vt 0.000000 0.000000
vt 0.000000 0.000000
vt 0.000000 0.000000
vt 0.000000 0.000000
vt 0.000000 0.000000
vt 0.000000 0.000000
vt 0.000000 0.000000
vt 0.000000 0.000000
vt 0.000000 0.000000
vt 0.000000 0.000000
vt 0.000000 0.000000
vt 0.000000 0.000000
vt 0.000000 0.000000
vt 0.000000 0.000000
vt 0.000000 0.000000
vt 0.000000 0.000000
vt 0.000000 0.000000
vt 0.000000 0.000000
vt 0.000000 0.000000
vt 0.000000 0.000000
vt 0.000000 0.000000
vt 0.000000 0.000000
vt 0.000000 0.000000
vt 0.000000 0.000000
vt 0.000000 0.000000
vt 0.000000 0.000000
vt 0.000000 0.000000
vt 0.000000 0.000000
vt 0.000000 0.000000
vt 0.000000 0.000000
vt 0.000000 0.000000
vt 0.000000 0.000000
vt 0.000000 0.000000
vt 0.000000 0.000000
vt 0.000000 0.000000
vt 0.000000 0.000000
vt 0.000000 0.000000
vt 0.000000 0.000000
vt 0.000000 0.000000
vt 0.000000 0.000000
vt 0.000000 0.000000
vt 0.000000 0.000000
vt 0.000000 0.000000
vt 0.000000 0.000000
vt 0.000000 0.000000
vt 0.000000 0.000000
vt 0.000000 0.000000
vt 0.000000 0.000000
vt 0.000000 0.000000
vt 0.000000 0.000000
vt 0.000000 0.000000
vt 0.000000 0.000000
vt 0.000000 0.000000
vt 0.000000 0.000000
vt 0.000000 0.000000
vt 0.000000 0.000000
vt 0.000000 0.000000
vt 0.000000 0.000000
vt 0.000000 0.000000
vt 0.000000 0.000000
vt 0.000000 0.000000
vt 0.000000 0.000000
vt 0.000000 0.000000
vt 0.000000 0.000000
vt 0.000000 0.000000
vt 0.000000 0.000000
vt 0.000000 0.000000
vt 0.000000 0.000000
vt 0.000000 0.000000
vt 0.000000 0.000000
vt 0.000000 0.000000
vt 0.000000 0.000000
vt 0.000000 0.000000
vt 0.000000 0.000000
vt 0.000000 0.000000
vt 0.000000 0.000000
vt 0.000000 0.000000
vt 0.000000 0.000000
vt 0.000000 0.000000
vt 0.000000 0.000000
vt 0.000000 0.000000
vt 0.000000 0.000000
vt 0.000000 0.000000
vt 0.000000 0.000000
vt 0.000000 0.000000
vt 0.000000 0.000000
vt 0.000000 0.000000
vt 0.000000 0.000000
vt 0.000000 0.000000
vt 0.000000 0.000000
vt 0.000000 0.000000
vt 0.000000 0.000000
vt 0.000000 0.000000
vt 0.000000 0.000000
vt 0.000000 0.000000
vt 0.000000 0.000000
vt 0.000000 0.000000
vt 0.000000 0.000000
vt 0.000000 0.000000
vt 0.000000 0.000000
vt 0.000000 0.000000
vt 0.000000 0.000000
vt 0.000000 0.000000
vt 0.000000 0.000000
vt 0.000000 0.000000
vt 0.000000 0.000000
vt 0.000000 0.000000
vt 0.000000 0.000000
vt 0.000000 0.000000
vt 0.000000 0.000000
vt 0.000000 0.000000
vt 0.000000 0.000000
vt 0.000000 0.000000
vt 0.000000 0.000000
vt 0.000000 0.000000
vt 0.000000 0.000000
vt 0.000000 0.000000
vt 0.000000 0.000000
vt 0.000000 0.000000
vt 0.000000 0.000000
vt 0.000000 0.000000
vt 0.000000 0.000000
vt 0.000000 0.000000
vt 0.000000 0.000000
vt 0.000000 0.000000
vt 0.000000 0.000000
vt 0.000000 0.000000
vt 0.000000 0.000000
vt 0.000000 0.000000
vt 0.000000 0.000000
vt 0.000000 0.000000
vt 0.000000 0.000000
vt 0.000000 0.000000
vt 0.000000 0.000000
vt 0.000000 0.000000
vt 0.000000 0.000000
vt 0.000000 0.000000
vt 0.000000 0.000000
vt 0.000000 0.000000
vt 0.000000 0.000000
vt 0.000000 0.000000
vt 0.000000 0.000000
vt 0.000000 0.000000
vt 0.000000 0.000000
vt 0.000000 0.000000
vt 0.000000 0.000000
vt 0.000000 0.000000
vt 0.000000 0.000000
vt 0.000000 0.000000
vt 0.000000 0.000000
vt 0.000000 0.000000
vt 0.000000 0.000000
vt 0.000000 0.000000
vt 0.000000 0.000000
vt 0.000000 0.000000
vt 0.000000 0.000000
vt 0.000000 0.000000
vt 0.000000 0.000000
vt 0.000000 0.000000
vt 0.000000 0.000000
vt 0.000000 0.000000
vt 0.000000 0.000000
vt 0.000000 0.000000
vt 0.000000 0.000000
vt 0.000000 0.000000
vt 0.000000 0.000000
vt 0.000000 0.000000
vt 0.000000 0.000000
vt 0.000000 0.000000
vt 0.000000 0.000000
vt 0.000000 0.000000
vt 0.000000 0.000000
vt 0.000000 0.000000
vt 0.000000 0.000000
vt 0.000000 0.000000
vt 0.000000 0.000000
vt 0.000000 0.000000
vt 0.000000 0.000000
vt 0.000000 0.000000
vt 0.000000 0.000000
vt 0.000000 0.000000
vt 0.000000 0.000000
vt 0.000000 0.000000
vt 0.000000 0.000000
vt 0.000000 0.000000
vt 0.000000 0.000000
vt 0.000000 0.000000
vt 0.000000 0.000000
vt 0.000000 0.000000
vt 0.000000 0.000000
vt 0.000000 0.000000
vt 0.000000 0.000000
vt 0.000000 0.000000
vt 0.000000 0.000000
vt 0.000000 0.000000
vt 0.000000 0.000000
vt 0.000000 0.000000
vt 0.000000 0.000000
vt 0.000000 0.000000
vt 0.000000 0.000000
vt 0.000000 0.000000
vt 0.000000 0.000000
vt 0.000000 0.000000
vt 0.000000 0.000000
vt 0.000000 0.000000
vt 0.000000 0.000000
vt 0.000000 0.000000
vt 0.000000 0.000000
vt 0.000000 0.000000
vt 0.000000 0.000000
vt 0.000000 0.000000
vt 0.000000 0.000000
vt 0.000000 0.000000
vt 0.000000 0.000000
vt 0.000000 0.000000
vt 0.000000 0.000000
vt 0.000000 0.000000
vt 0.000000 0.000000
vt 0.000000 0.000000
vt 0.000000 0.000000
vt 0.000000 0.000000
vt 0.000000 0.000000
vt 0.000000 0.000000
vt 0.000000 0.000000
vt 0.000000 0.000000
vt 0.000000 0.000000
vt 0.000000 0.000000
vt 0.000000 0.000000
vt 0.000000 0.000000
vt 0.000000 0.000000
vt 0.000000 0.000000
vt 0.000000 0.000000
vt 0.000000 0.000000
vt 0.000000 0.000000
vt 0.000000 0.000000
vt 0.000000 0.000000
vt 0.000000 0.000000
vt 0.000000 0.000000
vt 0.000000 0.000000
vt 0.000000 0.000000
vt 0.000000 0.000000
vt 0.000000 0.000000
vt 0.000000 0.000000
vt 0.000000 0.000000
vt 0.000000 0.000000
vt 0.000000 0.000000
vt 0.000000 0.000000
vt 0.000000 0.000000
vt 0.000000 0.000000
vt 0.000000 0.000000
vt 0.000000 0.000000
vt 0.000000 0.000000
vt 0.000000 0.000000
vt 0.000000 0.000000
vt 0.000000 0.000000
vt 0.000000 0.000000
vt 0.000000 0.000000
vt 0.000000 0.000000
vt 0.000000 0.000000
vt 0.000000 0.000000
vt 0.000000 0.000000
vt 0.000000 0.000000
vt 0.000000 0.000000
vt 0.000000 0.000000
vt 0.000000 0.000000
vt 0.000000 0.000000
vt 0.000000 0.000000
vt 0.000000 0.000000
vt 0.000000 0.000000
vt 0.000000 0.000000
vt 0.000000 0.000000
vt 0.000000 0.000000
vt 0.000000 0.000000
vt 0.000000 0.000000
vt 0.000000 0.000000
vt 0.000000 0.000000
vt 0.000000 0.000000
vt 0.000000 0.000000
vt 0.000000 0.000000
vt 0.000000 0.000000
vt 0.000000 0.000000
vt 0.000000 0.000000
vt 0.000000 0.000000
vt 0.000000 0.000000
vt 0.000000 0.000000
vt 0.000000 0.000000
vt 0.000000 0.000000
vt 0.000000 0.000000
vt 0.000000 0.000000
vt 0.000000 0.000000
vt 0.000000 0.000000
vt 0.000000 0.000000
vt 0.000000 0.000000
vt 0.000000 0.000000
vt 0.000000 0.000000
vt 0.000000 0.000000
vt 0.000000 0.000000
vt 0.000000 0.000000
vt 0.000000 0.000000
vt 0.000000 0.000000
vt 0.000000 0.000000
vt 0.000000 0.000000
vt 0.000000 0.000000
vt 0.000000 0.000000
vt 0.000000 0.000000
vt 0.000000 0.000000
vt 0.000000 0.000000
vt 0.000000 0.000000
vt 0.000000 0.000000
vt 0.000000 0.000000
vt 0.000000 0.000000
vt 0.000000 0.000000
vt 0.000000 0.000000
vt 0.000000 0.000000
vt 0.000000 0.000000
vt 0.000000 0.000000
vt 0.000000 0.000000
vt 0.000000 0.000000
vt 0.000000 0.000000
vt 0.000000 0.000000
vt 0.000000 0.000000
vt 0.000000 0.000000
vt 0.000000 0.000000
vt 0.000000 0.000000
vt 0.000000 0.000000
vt 0.000000 0.000000
vt 0.000000 0.000000
vt 0.000000 0.000000
vt 0.000000 0.000000
vt 0.000000 0.000000
vt 0.000000 0.000000
vt 0.000000 0.000000
vt 0.000000 0.000000
vt 0.000000 0.000000
vt 0.000000 0.000000
vt 0.000000 0.000000
vt 0.000000 0.000000
vt 0.000000 0.000000
vt 0.000000 0.000000
vt 0.000000 0.000000
vt 0.000000 0.000000
vt 0.000000 0.000000
vt 0.000000 0.000000
vt 0.000000 0.000000
vt 0.000000 0.000000
vt 0.000000 0.000000
vt 0.000000 0.000000
vt 0.000000 0.000000
vt 0.000000 0.000000
vt 0.000000 0.000000
vt 0.000000 0.000000
vt 0.000000 0.000000
vt 0.000000 0.000000
vt 0.000000 0.000000
vt 0.000000 0.000000
vt 0.000000 0.000000
vt 0.000000 0.000000
vt 0.000000 0.000000
vt 0.000000 0.000000
vt 0.000000 0.000000
vt 0.000000 0.000000
vt 0.000000 0.000000
vt 0.000000 0.000000
vt 0.000000 0.000000
vt 0.000000 0.000000
vt 0.000000 0.000000
vt 0.000000 0.000000
vt 0.000000 0.000000
vt 0.000000 0.000000
vt 0.000000 0.000000
vt 0.000000 0.000000
vt 0.000000 0.000000
vt 0.000000 0.000000
vt 0.000000 0.000000
vt 0.000000 0.000000
vt 0.000000 0.000000
vt 0.000000 0.000000
vt 0.000000 0.000000
vt 0.000000 0.000000
vt 0.000000 0.000000
vt 0.000000 0.000000
vt 0.000000 0.000000
vt 0.000000 0.000000
vt 0.000000 0.000000
vt 0.000000 0.000000
vt 0.000000 0.000000
vt 0.000000 0.000000
vt 0.000000 0.000000
vt 0.000000 0.000000
vt 0.000000 0.000000
vt 0.000000 0.000000
vt 0.000000 0.000000
vt 0.000000 0.000000
vt 0.000000 0.000000
vt 0.000000 0.000000
vt 0.000000 0.000000
vt 0.000000 0.000000
vt 0.000000 0.000000
vt 0.000000 0.000000
vt 0.000000 0.000000
vt 0.000000 0.000000
vt 0.000000 0.000000
vt 0.000000 0.000000
vt 0.000000 0.000000
vt 0.000000 0.000000
vt 0.000000 0.000000
vt 0.000000 0.000000
vt 0.000000 0.000000
vt 0.000000 0.000000
vt 0.000000 0.000000
vt 0.000000 0.000000
vt 0.000000 0.000000
vt 0.000000 0.000000
vt 0.000000 0.000000
vt 0.000000 0.000000
vt 0.000000 0.000000
vt 0.000000 0.000000
vt 0.000000 0.000000
vt 0.000000 0.000000
vt 0.000000 0.000000
vt 0.000000 0.000000
vt 0.000000 0.000000
vt 0.000000 0.000000
vt 0.000000 0.000000
vt 0.000000 0.000000
vt 0.000000 0.000000
vt 0.000000 0.000000
vt 0.000000 0.000000
vt 0.000000 0.000000
vt 0.000000 0.000000
vt 0.000000 0.000000
vt 0.000000 0.000000
vt 0.000000 0.000000
vt 0.000000 0.000000
vt 0.000000 0.000000
vt 0.000000 0.000000
vt 0.000000 0.000000
vt 0.000000 0.000000
vt 0.000000 0.000000
vt 0.000000 0.000000
vt 0.000000 0.000000
vt 0.000000 0.000000
vt 0.000000 0.000000
vt 0.000000 0.000000
vt 0.000000 0.000000
vt 0.000000 0.000000
vt 0.000000 0.000000
vt 0.000000 0.000000
vt 0.000000 0.000000
vt 0.000000 0.000000
vt 0.000000 0.000000
vt 0.000000 0.000000
vt 0.000000 0.000000
vt 0.000000 0.000000
vt 0.000000 0.000000
vt 0.000000 0.000000
vt 0.000000 0.000000
vt 0.000000 0.000000
vt 0.000000 0.000000
vt 0.000000 0.000000
vt 0.000000 0.000000
vt 0.000000 0.000000
vt 0.000000 0.000000
vt 0.000000 0.000000
vt 0.000000 0.000000
vt 0.000000 0.000000
vt 0.000000 0.000000
vt 0.000000 0.000000
vt 0.000000 0.000000
vt 0.000000 0.000000
vt 0.000000 0.000000
vt 0.000000 0.000000
vt 0.000000 0.000000
vt 0.000000 0.000000
vt 0.000000 0.000000
vt 0.000000 0.000000
vt 0.000000 0.000000
vt 0.000000 0.000000
vt 0.000000 0.000000
vt 0.000000 0.000000
vt 0.000000 0.000000
vt 0.000000 0.000000
vt 0.000000 0.000000
vt 0.000000 0.000000
vt 0.000000 0.000000
vt 0.000000 0.000000
vt 0.000000 0.000000
vt 0.000000 0.000000
vt 0.000000 0.000000
vt 0.000000 0.000000
vt 0.000000 0.000000
vt 0.000000 0.000000
vt 0.000000 0.000000
vt 0.000000 0.000000
vt 0.000000 0.000000
vt 0.000000 0.000000
vt 0.000000 0.000000
vt 0.000000 0.000000
vt 0.000000 0.000000
vt 0.000000 0.000000
vt 0.000000 0.000000
vt 0.000000 0.000000
vt 0.000000 0.000000
vt 0.000000 0.000000
vt 0.000000 0.000000
vt 0.000000 0.000000
vt 0.000000 0.000000
vt 0.000000 0.000000
vt 0.000000 0.000000
vt 0.000000 0.000000
vt 0.000000 0.000000
vt 0.000000 0.000000
vt 0.000000 0.000000
vt 0.000000 0.000000
vt 0.000000 0.000000
vt 0.000000 0.000000
vt 0.000000 0.000000
vt 0.000000 0.000000
vt 0.000000 0.000000
vt 0.000000 0.000000
vt 0.000000 0.000000
vt 0.000000 0.000000
vt 0.000000 0.000000
vt 0.000000 0.000000
vt 0.000000 0.000000
vt 0.000000 0.000000
vt 0.000000 0.000000
vt 0.000000 0.000000
vt 0.000000 0.000000
vt 0.000000 0.000000
vt 0.000000 0.000000
vt 0.000000 0.000000
vt 0.000000 0.000000
vt 0.000000 0.000000
vt 0.000000 0.000000
vt 0.000000 0.000000
vt 0.000000 0.000000
vt 0.000000 0.000000
vt 0.000000 0.000000
vt 0.000000 0.000000
vt 0.000000 0.000000
vt 0.000000 0.000000
vt 0.000000 0.000000
vt 0.000000 0.000000
vt 0.000000 0.000000
vt 0.000000 0.000000
vt 0.000000 0.000000
vt 0.000000 0.000000
vt 0.000000 0.000000
vt 0.000000 0.000000
vt 0.000000 0.000000
vt 0.000000 0.000000
vt 0.000000 0.000000
vt 0.000000 0.000000
vt 0.000000 0.000000
vt 0.000000 0.000000
vt 0.000000 0.000000
vt 0.000000 0.000000
vt 0.000000 0.000000
vt 0.000000 0.000000
vt 0.000000 0.000000
vt 0.000000 0.000000
vt 0.000000 0.000000
vt 0.000000 0.000000
vt 0.000000 0.000000
vt 0.000000 0.000000
vt 0.000000 0.000000
vt 0.000000 0.000000
vt 0.000000 0.000000
vt 0.000000 0.000000
vt 0.000000 0.000000
vt 0.000000 0.000000
vt 0.000000 0.000000
vt 0.000000 0.000000
vt 0.000000 0.000000
vt 0.000000 0.000000
vt 0.000000 0.000000
vt 0.000000 0.000000
vt 0.000000 0.000000
vt 0.000000 0.000000
vt 0.000000 0.000000
vt 0.000000 0.000000
vt 0.000000 0.000000
vt 0.000000 0.000000
vt 0.000000 0.000000
vt 0.000000 0.000000
vt 0.000000 0.000000
vt 0.000000 0.000000
vt 0.000000 0.000000
vt 0.000000 0.000000
vt 0.000000 0.000000
vt 0.000000 0.000000
vt 0.000000 0.000000
vt 0.000000 0.000000
vt 0.000000 0.000000
vt 0.000000 0.000000
vt 0.000000 0.000000
vt 0.000000 0.000000
vt 0.000000 0.000000
vt 0.000000 0.000000
vt 0.000000 0.000000
vt 0.000000 0.000000
vt 0.000000 0.000000
vt 0.000000 0.000000
vt 0.000000 0.000000
vt 0.000000 0.000000
vt 0.000000 0.000000
vt 0.000000 0.000000
vt 0.000000 0.000000
vt 0.000000 0.000000
vt 0.000000 0.000000
vt 0.000000 0.000000
vt 0.000000 0.000000
vt 0.000000 0.000000
vt 0.000000 0.000000
vt 0.000000 0.000000
vt 0.000000 0.000000
vt 0.000000 0.000000
vt 0.000000 0.000000
vt 0.000000 0.000000
vt 0.000000 0.000000
vt 0.000000 0.000000
vt 0.000000 0.000000
vt 0.000000 0.000000
vt 0.000000 0.000000
vt 0.000000 0.000000
vt 0.000000 0.000000
vt 0.000000 0.000000
vt 0.000000 0.000000
vt 0.000000 0.000000
vt 0.000000 0.000000
vt 0.000000 0.000000
vt 0.000000 0.000000
vt 0.000000 0.000000
vt 0.000000 0.000000
vt 0.000000 0.000000
vt 0.000000 0.000000
vt 0.000000 0.000000
vt 0.000000 0.000000
vt 0.000000 0.000000
vt 0.000000 0.000000
vt 0.000000 0.000000
vt 0.000000 0.000000
vt 0.000000 0.000000
vt 0.000000 0.000000
vt 0.000000 0.000000
vt 0.000000 0.000000
vt 0.000000 0.000000
vt 0.000000 0.000000
vt 0.000000 0.000000
vt 0.000000 0.000000
vt 0.000000 0.000000
vt 0.000000 0.000000
vt 0.000000 0.000000
vt 0.000000 0.000000
vt 0.000000 0.000000
vt 0.000000 0.000000
vt 0.000000 0.000000
vt 0.000000 0.000000
vt 0.000000 0.000000
vt 0.000000 0.000000
vt 0.000000 0.000000
vt 0.000000 0.000000
vt 0.000000 0.000000
vt 0.000000 0.000000
vt 0.000000 0.000000
vt 0.000000 0.000000
vt 0.000000 0.000000
vt 0.000000 0.000000
vt 0.000000 0.000000
vt 0.000000 0.000000
vt 0.000000 0.000000
vt 0.000000 0.000000
vt 0.000000 0.000000
vt 0.000000 0.000000
vt 0.000000 0.000000
vt 0.000000 0.000000
vt 0.000000 0.000000
vt 0.000000 0.000000
vt 0.000000 0.000000
vt 0.000000 0.000000
vt 0.000000 0.000000
vt 0.000000 0.000000
vt 0.000000 0.000000
vt 0.000000 0.000000
vt 0.000000 0.000000
vt 0.000000 0.000000
vt 0.000000 0.000000
vt 0.000000 0.000000
vt 0.000000 0.000000
vt 0.000000 0.000000
vt 0.000000 0.000000
vt 0.000000 0.000000
vt 0.000000 0.000000
vt 0.000000 0.000000
vt 0.000000 0.000000
vt 0.000000 0.000000
vt 0.000000 0.000000
vt 0.000000 0.000000
vt 0.000000 0.000000
vt 0.000000 0.000000
vt 0.000000 0.000000
vt 0.000000 0.000000
vt 0.000000 0.000000
vt 0.000000 0.000000
vt 0.000000 0.000000
vt 0.000000 0.000000
vt 0.000000 0.000000
vt 0.000000 0.000000
vt 0.000000 0.000000
vt 0.000000 0.000000
vt 0.000000 0.000000
vt 0.000000 0.000000
vt 0.000000 0.000000
vt 0.000000 0.000000
vt 0.000000 0.000000
vt 0.000000 0.000000
vt 0.000000 0.000000
vt 0.000000 0.000000
vt 0.000000 0.000000
vt 0.000000 0.000000
vt 0.000000 0.000000
vt 0.000000 0.000000
vt 0.000000 0.000000
vt 0.000000 0.000000
vt 0.000000 0.000000
vt 0.000000 0.000000
vt 0.000000 0.000000
vt 0.000000 0.000000
vt 0.000000 0.000000
vt 0.000000 0.000000
vt 0.000000 0.000000
vt 0.000000 0.000000
vt 0.000000 0.000000
vt 0.000000 0.000000
vt 0.000000 0.000000
vt 0.000000 0.000000
vt 0.000000 0.000000
vt 0.000000 0.000000
vt 0.000000 0.000000
vt 0.000000 0.000000
vt 0.000000 0.000000
vt 0.000000 0.000000
vt 0.000000 0.000000
vt 0.000000 0.000000
vt 0.000000 0.000000
vt 0.000000 0.000000
vt 0.000000 0.000000
vt 0.000000 0.000000
vt 0.000000 0.000000
vt 0.000000 0.000000
vt 0.000000 0.000000
vt 0.000000 0.000000
vt 0.000000 0.000000
vt 0.000000 0.000000
vt 0.000000 0.000000
vt 0.000000 0.000000
vt 0.000000 0.000000
vt 0.000000 0.000000
vt 0.000000 0.000000
vt 0.000000 0.000000
vt 0.000000 0.000000
vt 0.000000 0.000000
vt 0.000000 0.000000
vt 0.000000 0.000000
vt 0.000000 0.000000
vt 0.000000 0.000000
vt 0.000000 0.000000
vt 0.000000 0.000000
vt 0.000000 0.000000
vt 0.000000 0.000000
vt 0.000000 0.000000
vt 0.000000 0.000000
vt 0.000000 0.000000
vt 0.000000 0.000000
vt 0.000000 0.000000
vt 0.000000 0.000000
vt 0.000000 0.000000
vt 0.000000 0.000000
vt 0.000000 0.000000
vt 0.000000 0.000000
vt 0.000000 0.000000
vt 0.000000 0.000000
vt 0.000000 0.000000
vt 0.000000 0.000000
vt 0.000000 0.000000
vt 0.000000 0.000000
vt 0.000000 0.000000
vt 0.000000 0.000000
vt 0.000000 0.000000
vt 0.000000 0.000000
vt 0.000000 0.000000
vt 0.000000 0.000000
vt 0.000000 0.000000
vt 0.000000 0.000000
vt 0.000000 0.000000
vt 0.000000 0.000000
vt 0.000000 0.000000
vt 0.000000 0.000000
vt 0.000000 0.000000
vt 0.000000 0.000000
vt 0.000000 0.000000
vt 0.000000 0.000000
vt 0.000000 0.000000
vt 0.000000 0.000000
vt 0.000000 0.000000
vt 0.000000 0.000000
vt 0.000000 0.000000
vt 0.000000 0.000000
vt 0.000000 0.000000
vt 0.000000 0.000000
vt 0.000000 0.000000
vt 0.000000 0.000000
vt 0.000000 0.000000
vt 0.000000 0.000000
vt 0.000000 0.000000
vt 0.000000 0.000000
vt 0.000000 0.000000
vt 0.000000 0.000000
vt 0.000000 0.000000
vt 0.000000 0.000000
vt 0.000000 0.000000
vt 0.000000 0.000000
vt 0.000000 0.000000
vt 0.000000 0.000000
vt 0.000000 0.000000
vt 0.000000 0.000000
vt 0.000000 0.000000
vt 0.000000 0.000000
vt 0.000000 0.000000
vt 0.000000 0.000000
vt 0.000000 0.000000
vt 0.000000 0.000000
vt 0.000000 0.000000
vt 0.000000 0.000000
vt 0.000000 0.000000
vt 0.000000 0.000000
vt 0.000000 0.000000
vt 0.000000 0.000000
vt 0.000000 0.000000
vt 0.000000 0.000000
vt 0.000000 0.000000
vt 0.000000 0.000000
vt 0.000000 0.000000
vt 0.000000 0.000000
vt 0.000000 0.000000
vt 0.000000 0.000000
vt 0.000000 0.000000
vt 0.000000 0.000000
vt 0.000000 0.000000
vt 0.000000 0.000000
vt 0.000000 0.000000
vt 0.000000 0.000000
vt 0.000000 0.000000
vt 0.000000 0.000000
vt 0.000000 0.000000
vt 0.000000 0.000000
vt 0.000000 0.000000
vt 0.000000 0.000000
vt 0.000000 0.000000
vt 0.000000 0.000000
vt 0.000000 0.000000
vt 0.000000 0.000000
vt 0.000000 0.000000
vt 0.000000 0.000000
vt 0.000000 0.000000
vt 0.000000 0.000000
vt 0.000000 0.000000
vt 0.000000 0.000000
vt 0.000000 0.000000
vt 0.000000 0.000000
vt 0.000000 0.000000
vt 0.000000 0.000000
vt 0.000000 0.000000
vt 0.000000 0.000000
vt 0.000000 0.000000
vt 0.000000 0.000000
vt 0.000000 0.000000
vt 0.000000 0.000000
vt 0.000000 0.000000
vt 0.000000 0.000000
vt 0.000000 0.000000
vt 0.000000 0.000000
vt 0.000000 0.000000
vt 0.000000 0.000000
vt 0.000000 0.000000
vt 0.000000 0.000000
vt 0.000000 0.000000
vt 0.000000 0.000000
vt 0.000000 0.000000
vt 0.000000 0.000000
vt 0.000000 0.000000
vt 0.000000 0.000000
vt 0.000000 0.000000
vt 0.000000 0.000000
vt 0.000000 0.000000
vt 0.000000 0.000000
vt 0.000000 0.000000
vt 0.000000 0.000000
vt 0.000000 0.000000
vt 0.000000 0.000000
vt 0.000000 0.000000
vt 0.000000 0.000000
vt 0.000000 0.000000
vt 0.000000 0.000000
vt 0.000000 0.000000
vt 0.000000 0.000000
vt 0.000000 0.000000
vt 0.000000 0.000000
vt 0.000000 0.000000
vt 0.000000 0.000000
vt 0.000000 0.000000
vt 0.000000 0.000000
vt 0.000000 0.000000
vt 0.000000 0.000000
vt 0.000000 0.000000
vt 0.000000 0.000000
vt 0.000000 0.000000
vt 0.000000 0.000000
vt 0.000000 0.000000
vt 0.000000 0.000000
vt 0.000000 0.000000
vt 0.000000 0.000000
vt 0.000000 0.000000
vt 0.000000 0.000000
vt 0.000000 0.000000
vt 0.000000 0.000000
vt 0.000000 0.000000
vt 0.000000 0.000000
vt 0.000000 0.000000
vt 0.000000 0.000000
vt 0.000000 0.000000
vt 0.000000 0.000000
vt 0.000000 0.000000
vt 0.000000 0.000000
vt 0.000000 0.000000
vt 0.000000 0.000000
vt 0.000000 0.000000
vt 0.000000 0.000000
vt 0.000000 0.000000
vt 0.000000 0.000000
vt 0.000000 0.000000
vt 0.000000 0.000000
vt 0.000000 0.000000
vt 0.000000 0.000000
vt 0.000000 0.000000
vt 0.000000 0.000000
vt 0.000000 0.000000
vt 0.000000 0.000000
vt 0.000000 0.000000
vt 0.000000 0.000000
vt 0.000000 0.000000
vt 0.000000 0.000000
vt 0.000000 0.000000
vt 0.000000 0.000000
vt 0.000000 0.000000
vt 0.000000 0.000000
vt 0.000000 0.000000
vt 0.000000 0.000000
vt 0.000000 0.000000
vt 0.000000 0.000000
vt 0.000000 0.000000
vt 0.000000 0.000000
vt 0.000000 0.000000
vt 0.000000 0.000000
vt 0.000000 0.000000
vt 0.000000 0.000000
vt 0.000000 0.000000
vt 0.000000 0.000000
vt 0.000000 0.000000
vt 0.000000 0.000000
vt 0.000000 0.000000
vt 0.000000 0.000000
vt 0.000000 0.000000
vt 0.000000 0.000000
vt 0.000000 0.000000
vt 0.000000 0.000000
vt 0.000000 0.000000
vt 0.000000 0.000000
vt 0.000000 0.000000
vt 0.000000 0.000000
vt 0.000000 0.000000
vt 0.000000 0.000000
vt 0.000000 0.000000
vt 0.000000 0.000000
vt 0.000000 0.000000
vt 0.000000 0.000000
vt 0.000000 0.000000
vt 0.000000 0.000000
vt 0.000000 0.000000
vt 0.000000 0.000000
vt 0.000000 0.000000
vt 0.000000 0.000000
vt 0.000000 0.000000
vt 0.000000 0.000000
vt 0.000000 0.000000
vt 0.000000 0.000000
vt 0.000000 0.000000
vt 0.000000 0.000000
vt 0.000000 0.000000
vt 0.000000 0.000000
vt 0.000000 0.000000
vt 0.000000 0.000000
vt 0.000000 0.000000
vt 0.000000 0.000000
vt 0.000000 0.000000
vt 0.000000 0.000000
vt 0.000000 0.000000
vt 0.000000 0.000000
vt 0.000000 0.000000
vt 0.000000 0.000000
vt 0.000000 0.000000
vt 0.000000 0.000000
vt 0.000000 0.000000
vt 0.000000 0.000000
vt 0.000000 0.000000
vt 0.000000 0.000000
vt 0.000000 0.000000
vt 0.000000 0.000000
vt 0.000000 0.000000
vt 0.000000 0.000000
vt 0.000000 0.000000
vt 0.000000 0.000000
vt 0.000000 0.000000
vt 0.000000 0.000000
vt 0.000000 0.000000
vt 0.000000 0.000000
vt 0.000000 0.000000
vt 0.000000 0.000000
vt 0.000000 0.000000
vt 0.000000 0.000000
vt 0.000000 0.000000
vt 0.000000 0.000000
vt 0.000000 0.000000
vt 0.000000 0.000000
vt 0.000000 0.000000
vt 0.000000 0.000000
vt 0.000000 0.000000
vt 0.000000 0.000000
vt 0.000000 0.000000
vt 0.000000 0.000000
vt 0.000000 0.000000
vt 0.000000 0.000000
vt 0.000000 0.000000
vt 0.000000 0.000000
vt 0.000000 0.000000
vt 0.000000 0.000000
vt 0.000000 0.000000
vt 0.000000 0.000000
vt 0.000000 0.000000
vt 0.000000 0.000000
vt 0.000000 0.000000
vt 0.000000 0.000000
vt 0.000000 0.000000
vt 0.000000 0.000000
vt 0.000000 0.000000
vt 0.000000 0.000000
vt 0.000000 0.000000
vt 0.000000 0.000000
vt 0.000000 0.000000
vt 0.000000 0.000000
vt 0.000000 0.000000
vt 0.000000 0.000000
vt 0.000000 0.000000
vt 0.000000 0.000000
vt 0.000000 0.000000
vt 0.000000 0.000000
vt 0.000000 0.000000
vt 0.000000 0.000000
vt 0.000000 0.000000
vt 0.000000 0.000000
vt 0.000000 0.000000
vt 0.000000 0.000000
vt 0.000000 0.000000
vt 0.000000 0.000000
vt 0.000000 0.000000
vt 0.000000 0.000000
vt 0.000000 0.000000
vt 0.000000 0.000000
f 987 958 973
f 973 958 965
f 2613 2611 2614
f 996 950 898
f 174 171 189
f 1719 1752 1807
f 516 746 511
f 2726 2738 2731
f 1955 1924 2556
f 1438 1471 1492
f 1398 1432 1610
f 934 909 981
f 950 973 965
f 950 996 973
f 958 987 612
f 849 857 754
f 973 1006 987
f 2443 2393 2411
f 1061 939 1076
f 2740 2164 2194
f 2303 2319 2341
f 1137 1230 1172
f 2605 2615 2610
f 188 161 399
f 1265 1307 1278
f 1052 1038 992
f 996 898 817
f 147 170 163
f 304 276 275
f 188 334 302
f 2561 2573 2591
f 75 117 92
f 1962 1998 1920
f 1833 1889 1828
f 2271 2128 2218
f 2141 2244 2177
f 2155 1999 2099
f 216 220 257
f 2219 2362 2224
f 922 965 899
f 610 589 620
f 9 7 12
f 996 1006 973
f 987 1006 993
f 2091 2128 2142
f 2366 2323 2211
f 1039 889 1105
f 2544 2531 2532
f 958 899 965
f 1914 1942 1923
f 1446 1564 1507
f 1486 1462 1501
f 950 965 922
f 2685 2259 2457
f 1430 1411 1390
f 1006 996 1061
f 1140 1090 1182
f 2159 2195 2165
f 434 453 468
f 135 161 148
f 1006 1061 1028
f 993 1006 1028
f 634 656 671
f 553 354 961
f 1877 1904 1972
f 1369 1340 1322
f 2290 2249 2260
f 117 115 110
f 2662 2682 2668
f 2064 2093 2092
f 1656 1660 1712
f 1913 2151 1727
f 1970 2123 2114
f 1532 1589 1514
f 996 817 939
f 950 922 928
f 1455 1380 1422
f 2497 2504 2490
f 1246 1252 1099
f 2592 2536 2648
f 1682 1686 1706
f 899 901 925
f 993 1028 1042
f 1692 1673 1562
f 47 33 37
f 1734 1950 1909
f 195 371 217
f 47 37 46
f 1145 1226 1150
f 950 928 898
f 2107 2333 2216
f 1375 1223 1270
f 2087 2044 2048
f 431 389 401
f 1591 1543 1560
f 1126 1102 1117
f 993 458 987
f 1193 1151 1302
f 2711 2735 2729
f 928 881 898
f 1546 1499 1512
f 109 106 99
f 1801 1836 1781
f 2393 2443 2261
f 901 781 887
f 1920 1998 1992
f 1028 1056 1042
f 2664 2456 2476
f 2212 2188 2195
f 331 250 303
f 922 899 925
f 1669 1610 1655
f 1016 999 984
f 925 928 922
f 612 899 958
f 2070 2137 2123
f 1015 1076 939
f 458 993 724
f 1133 1543 1164
f 939 1061 996
f 2055 2166 2095
f 2379 2340 2436
f 926 886 881
f 925 901 926
f 310 707 1132
f 568 554 603
f 881 928 926
f 928 925 926
f 2046 1949 2000
f 84 128 142
f 2134 2181 2182
f 2740 2744 2750
f 899 612 901
f 163 168 237
f 1384 1507 1442
f 939 817 903
f 703 768 754
f 1992 1998 2045
f 926 901 886
f 1907 1897 1552
f 2479 2441 2460
f 1907 2583 2595
f 484 399 400
f 613 632 595
f 66 50 67
f 4 9 13
f 1534 1481 1613
f 1056 1061 1076
f 1986 2047 2052
f 12 13 9
f 2496 2468 2475
f 781 901 612
f 2291 2193 2290
f 898 881 879
f 235 237 229
f 2166 2055 2081
f 1141 758 391
f 621 601 676
f 2596 2615 2613
f 1050 1027 1043
f 886 901 887
f 892 982 1057
f 1406 1462 1476
f 1749 1826 1275
f 2167 2047 2098
f 1950 1766 2227
f 1055 1083 1125
f 2202 2225 2213
f 403 347 410
f 1189 1127 1172
f 2428 2461 2365
f 1061 1056 1028
f 2249 2421 2097
f 424 391 355
f 612 338 492
f 646 540 645
f 1893 1987 1884
f 2443 2401 2376
f 2544 2507 2539
f 879 881 886
f 1042 1220 993
f 1155 1260 1163
f 898 879 873
f 2713 2706 2717
f 170 147 139
f 1278 1307 1301
f 1056 1217 1220
f 1220 1042 1056
f 14 27 17
f 1872 1790 1818
f 337 268 321
f 16 15 3
f 879 887 883
f 2677 2684 2676
f 506 581 637
f 1659 1624 1686
f 913 939 903
f 886 887 879
f 1977 1942 1909
f 355 282 276
f 2085 2258 2281
f 1748 1707 1737
f 2084 2062 2175
f 2586 2576 2577
f 913 903 910
f 305 371 374
f 909 773 779
f 963 956 952
f 647 671 674
f 1234 1826 1280
f 612 428 781
f 2334 2407 2180
f 1936 2556 1924
f 991 913 935
f 395 430 508
f 2258 2264 2285
f 518 542 535
f 2566 2527 2592
f 2171 2127 2118
f 2582 1049 2587
f 708 703 645
f 1092 1069 1066
f 991 935 1034
f 752 910 903
f 913 910 935
f 910 802 935
f 2311 2506 2262
f 898 873 817
f 2161 2181 2134
f 1284 1193 1302
f 2179 2720 2035
f 1611 1514 1589
f 724 1179 1121
f 1452 1455 1419
f 1761 1759 1772
f 903 817 813
f 1227 1233 1205
f 82 95 80
f 473 344 443
f 308 328 290
f 71 73 74
f 126 110 120
f 2339 2154 2350
f 1091 1242 1161
f 1976 1928 1925
f 913 1015 939
f 2560 2563 2569
f 1504 1424 1379
f 42 56 52
f 1598 1572 1587
f 1968 1961 1918
f 1857 1834 1891
f 1038 1017 1016
f 1846 1864 1850
f 2078 2045 2157
f 2147 2110 2132
f 991 1015 913
f 749 638 745
f 1125 1083 1130
f 1794 1820 1898
f 1957 1911 1944
f 2056 1931 1937
f 2735 2705 2721
f 2570 2537 2644
f 298 275 282
f 428 492 486
f 1180 1187 1115
f 1352 1444 1450
f 1335 1367 1345
f 2463 2104 2456
f 1436 1485 1430
f 2270 2215 2180
f 1809 1779 1785
f 115 120 110
f 339 554 427
f 802 752 731
f 884 810 857
f 2695 2686 2678
f 1818 1858 1872
f 2165 2345 2235
f 1799 1731 1747
f 1565 1642 1556
f 927 334 399
f 2118 2185 2172
f 802 910 752
f 1638 1500 1698
f 930 879 883
f 2705 2688 2686
f 954 981 909
f 384 408 341
f 2380 2399 2392
f 1573 1623 1626
f 903 813 770
f 1323 1392 1347
f 1317 1315 1369
f 1266 1232 1253
f 65 78 82
f 1020 1089 1075
f 2352 2484 2447
f 1299 1265 1317
f 927 964 464
f 1915 1941 1885
f 2614 2616 2612
f 2376 2401 2316
f 99 106 96
f 748 678 1055
f 2711 2729 2724
f 664 669 649
f 49 23 18
f 749 1201 1054
f 669 664 665
f 1298 1389 1382
f 2611 2613 2621
f 992 984 938
f 2026 2089 2027
f 516 205 575
f 1990 1886 1957
f 635 600 627
f 785 813 873
f 770 813 785
f 256 245 243
f 1572 1570 1587
f 1083 1055 915
f 2308 2227 2463
f 2227 2049 2463
f 2060 1954 2043
f 1106 723 1518
f 1078 1044 1068
f 1134 1089 1086
f 2443 2411 2419
f 873 813 817
f 752 903 770
f 1972 2074 2086
f 770 785 763
f 113 185 153
f 1782 2083 1964
f 2322 2157 2279
f 829 882 892
f 154 112 126
f 1613 1503 1602
f 935 802 1034
f 833 785 902
f 311 274 317
f 1152 1155 1157
f 157 68 133
f 1931 2056 2076
f 1671 1571 1656
f 47 20 33
f 338 227 212
f 1860 1876 1806
f 102 98 131
f 1655 1640 1697
f 2242 2228 2232
f 2589 2671 2602
f 21 28 25
f 454 515 465
f 873 879 930
f 887 729 883
f 754 810 690
f 516 575 771
f 215 257 330
f 643 818 715
f 290 269 308
f 2237 2265 2257
f 1965 1982 1692
f 2034 1896 1852
f 2720 2741 2733
f 752 770 740
f 740 770 763
f 2635 2650 2663
f 276 308 269
f 1251 1315 1245
f 441 431 470
f 444 637 354
f 98 62 69
f 1614 1555 1576
f 2529 2507 2544
f 2591 2554 2618
f 1117 1069 1092
f 833 763 785
f 902 785 873
f 1523 1484 1483
f 2554 2573 2603
f 1518 2368 1106
f 2441 2427 2451
f 891 946 835
f 390 428 486
f 1964 2083 2033
f 2262 2506 2474
f 1876 1860 1866
f 258 107 365
f 775 544 1103
f 234 19 20
f 2692 2650 2666
f 1163 1260 1171
f 1704 2017 2012
f 1746 1783 1759
f 2214 2262 2221
f 1729 1709 1696
f 2317 2469 2431
f 1850 1888 1753
f 2110 2051 2087
f 335 336 330
f 1691 1693 1695
f 2051 1967 2044
f 1164 1216 1080
f 747 763 778
f 763 833 778
f 894 873 930
f 1821 2001 1513
f 2305 2599 2597
f 2336 2407 2334
f 1547 1482 1491
f 1494 1490 1466
f 2196 2330 2304
f 2195 2248 2212
f 1990 1986 1935
f 2213 2225 2228
f 740 763 747
f 443 301 426
f 1320 1381 1338
f 1385 1313 1382
f 2662 2619 2639
f 1803 1676 1795
f 1144 1139 1193
f 603 498 1005
f 1399 1474 1354
f 221 325 237
f 2033 2147 2335
f 731 752 721
f 752 740 721
f 1635 1627 1636
f 1322 1340 1341
f 1570 1561 1537
f 2031 2028 1976
f 1566 1582 1567
f 2563 2560 2555
f 592 460 937
f 721 740 747
f 744 778 877
f 778 833 897
f 997 972 1057
f 2166 2250 2277
f 1645 1684 1718
f 2487 2516 2498
f 1365 944 968
f 747 778 744
f 1990 1722 1886
f 865 696 880
f 2488 2510 2460
f 1145 1150 1156
f 219 235 210
f 478 488 496
f 1714 1771 1511
f 2231 2234 2187
f 1492 1523 1483
f 1177 1242 1091
f 968 1534 1365
f 960 731 941
f 1034 802 960
f 2695 2678 2690
f 2452 2499 2532
f 2520 2498 2517
f 2243 2324 2226
f 488 468 453
f 2198 2378 2147
f 307 329 297
f 1076 1112 1229
f 721 747 720
f 221 616 325
f 543 528 501
f 2092 2036 2054
f 1191 1211 1210
f 2471 2372 2521
f 605 495 540
f 2421 2249 2398
f 123 115 118
f 1899 2085 1980
f 544 775 814
f 1547 1563 1545
f 778 897 877
f 897 833 893
f 883 735 736
f 436 272 506
f 110 126 112
f 1331 1320 1338
f 991 1053 1015
f 662 709 799
f 731 960 802
f 744 877 753
f 1969 1928 2028
f 902 873 894
f 924 930 883
f 1984 2014 2020
f 1316 1347 1336
f 2482 2497 2469
f 1643 1666 1586
f 671 647 634
f 1527 1576 1526
f 1897 1326 1552
f 2361 2395 2388
f 725 721 732
f 893 902 894
f 904 930 828
f 2348 2406 2263
f 729 887 781
f 1238 1233 1240
f 2213 2220 2247
f 1552 391 1247
f 1498 1489 1459
f 1452 1489 1475
f 2521 2470 2493
f 1884 1844 1859
f 2221 2188 2212
f 2736 2751 2744
f 877 895 753
f 1732 1679 1669
f 6 1 15
f 930 904 894
f 876 517 687
f 480 415 433
f 1746 1764 1832
f 511 746 787
f 1569 1698 1500
f 1815 1940 1913
f 731 725 941
f 2641 2640 2638
f 1010 571 977
f 893 833 902
f 897 895 877
f 930 924 862
f 883 736 924
f 2300 2288 2312
f 1048 1082 1099
f 2023 1948 1956
f 1819 1828 1825
f 1736 1723 1731
f 2637 2641 2389
f 1837 1831 1851
f 1039 1070 1050
f 1070 1105 1243
f 434 468 448
f 2282 2206 2329
f 897 893 895
f 924 792 850
f 2085 2116 1980
f 318 303 335
f 2668 2572 2659
f 113 78 172
f 1589 1544 1677
f 2133 2139 2136
f 1788 1780 1797
f 1317 1265 1245
f 2005 2076 2081
f 1331 1338 1346
f 960 1041 1034
f 720 747 744
f 744 742 720
f 894 904 895
f 456 20 723
f 1737 1903 1755
f 883 729 735
f 729 651 694
f 781 651 729
f 524 650 672
f 1904 1864 1871
f 2310 2280 2232
f 1179 724 1220
f 878 809 853
f 502 554 568
f 941 725 794
f 741 725 732
f 721 725 731
f 744 753 742
f 2270 2407 2274
f 2337 2444 2420
f 1489 1452 1459
f 1734 1909 1791
f 972 997 1001
f 434 448 395
f 2168 2309 2230
f 2358 2204 2135
f 2738 2741 2731
f 480 471 491
f 955 970 963
f 953 932 936
f 2679 2716 2712
f 34 35 30
f 2214 2221 2212
f 725 741 794
f 2507 2529 2525
f 893 894 895
f 2194 1374 1705
f 1141 1288 1272
f 1829 1943 1858
f 1660 1642 1592
f 1476 1462 1469
f 272 313 506
f 2061 2062 1933
f 1217 1076 1229
f 1179 1220 1217
f 1019 1319 1258
f 720 732 721
f 17 29 24
f 2495 2496 2487
f 732 766 739
f 78 113 82
f 1267 1182 1256
f 2164 2740 2743
f 1569 1421 1648
f 1203 1152 1130
f 639 651 428
f 639 428 390
f 1076 1081 1112
f 1229 1197 1221
f 825 821 822
f 1217 1056 1076
f 1873 1863 1848
f 1167 1200 1229
f 1229 1112 1167
f 1705 1106 2455
f 708 840 768
f 1722 1935 1691
f 1851 1879 1862
f 729 694 735
f 2291 2150 2131
f 2352 2369 2363
f 1811 1798 1797
f 1826 1234 1275
f 2183 2190 2226
f 2339 2533 2283
f 1692 1945 1766
f 314 654 326
f 58 97 45
f 794 1009 912
f 792 924 762
f 1865 1899 1912
f 2679 2712 2570
f 282 281 279
f 571 1010 685
f 1080 1022 1110
f 492 428 612
f 2715 2713 2717
f 2521 2493 2549
f 1986 2052 1978
f 1015 1053 1026
f 1197 1199 1221
f 1217 1229 1221
f 1179 1217 1221
f 2724 2714 2711
f 1415 1391 1423
f 2517 2503 2712
f 1735 1830 1718
f 753 895 904
f 1910 1849 1551
f 36 41 28
f 2683 2671 2693
f 444 354 404
f 1649 1625 1662
f 736 735 692
f 735 489 560
f 1875 1880 1903
f 1836 1848 1835
f 1221 1213 1179
f 1082 1141 1246
f 675 679 695
f 2290 2416 2398
f 2273 2353 2275
f 2457 2259 2143
f 742 753 819
f 1084 1329 1319
f 2448 2434 2528
f 206 257 259
f 2564 2652 2651
f 1327 1256 1352
f 84 86 59
f 1022 1001 997
f 592 977 432
f 649 654 655
f 2584 2590 1049
f 428 651 781
f 1041 1053 991
f 1041 960 1045
f 1197 1229 1200
f 1167 1271 1200
f 1271 1129 1287
f 1167 1112 1142
f 846 757 866
f 2732 2680 2725
f 1034 1041 991
f 994 670 889
f 694 644 489
f 2142 2101 2091
f 1574 1579 1575
f 2111 2240 2014
f 2130 2358 2125
f 390 609 639
f 74 73 951
f 1053 1041 1045
f 1179 1213 1121
f 1218 1281 1279
f 1199 1197 1218
f 1197 1200 1218
f 1129 1271 1167
f 941 794 912
f 766 732 720
f 807 828 820
f 904 819 753
f 1663 1699 1675
f 1948 1867 1894
f 1742 1754 1592
f 1501 2584 1049
f 2018 1987 2008
f 1709 1750 1716
f 407 402 416
f 1254 1435 1237
f 281 355 373
f 496 621 542
f 1199 1285 1213
f 1578 1743 1861
f 1129 1167 1142
f 941 912 1045
f 912 1009 1033
f 1009 794 1024
f 732 739 741
f 820 828 862
f 2039 2236 2103
f 819 904 828
f 852 862 851
f 850 862 924
f 34 42 35
f 489 735 694
f 644 694 651
f 1316 1336 1268
f 2499 2452 2511
f 1718 1688 1735
f 1782 1872 2083
f 2182 2185 2192
f 1940 2055 2058
f 2145 2045 2068
f 1213 1221 1199
f 998 955 876
f 766 720 742
f 739 766 795
f 828 807 834
f 850 792 837
f 762 924 736
f 1062 841 775
f 1907 2513 1951
f 361 606 609
f 1985 2112 2201
f 1279 1199 1218
f 1765 1804 1760
f 2189 2254 2198
f 2739 2729 2735
f 156 174 152
f 1975 1898 1820
f 2013 2030 2032
f 1100 1072 1096
f 837 792 796
f 796 792 759
f 588 270 429
f 644 639 618
f 1059 640 1002
f 2050 2041 2027
f 2026 1945 2089
f 1770 1804 1823
f 1053 1045 1064
f 2132 2087 2101
f 1422 1378 1410
f 2574 2607 2627
f 2277 2250 2267
f 1993 2093 2024
f 784 819 826
f 850 837 843
f 759 792 762
f 736 691 762
f 2207 2219 2253
f 2152 2154 2062
f 1903 1919 1875
f 29 32 30
f 108 204 385
f 1802 1823 1804
f 1558 1515 1509
f 1063 1093 1091
f 173 157 116
f 2176 2328 2326
f 2645 2660 2657
f 1140 1185 1147
f 705 713 707
f 960 941 1045
f 2579 2571 2618
f 451 334 464
f 766 742 784
f 795 766 784
f 826 806 784
f 828 826 819
f 852 848 908
f 911 838 908
f 850 843 851
f 171 174 156
f 2384 2345 2417
f 2347 2207 2343
f 52 35 42
f 1826 1897 1951
f 1175 1188 1177
f 2501 2546 2500
f 338 612 987
f 2471 2521 2539
f 2747 2721 2746
f 1081 1076 1015
f 2156 2250 2166
f 1064 1026 1053
f 1295 1212 1263
f 2269 2273 2275
f 1045 912 1064
f 449 448 468
f 2185 2167 2192
f 2716 2702 2708
f 2255 2287 2244
f 741 739 1018
f 1887 1876 1866
f 2189 2128 2271
f 831 826 834
f 826 828 834
f 834 807 832
f 862 852 838
f 838 911 827
f 851 862 850
f 673 691 677
f 2541 2547 2563
f 1062 787 841
f 191 951 460
f 1718 1684 1688
f 576 708 645
f 2055 1940 2005
f 1929 1794 1898
f 2715 2719 2710
f 1064 1033 1101
f 294 284 285
f 1285 1199 1279
f 2295 2297 2279
f 197 266 225
f 1740 1753 1724
f 344 529 312
f 742 819 784
f 806 826 831
f 831 834 839
f 957 831 845
f 806 831 957
f 852 851 864
f 843 837 796
f 614 386 194
f 691 759 762
f 691 736 692
f 628 484 614
f 2727 2714 2724
f 1187 1176 1154
f 2557 2578 2603
f 25 19 4
f 701 681 757
f 377 433 260
f 1180 1131 1170
f 381 415 479
f 1148 1145 1156
f 2695 2710 2686
f 1941 2121 1962
f 2075 2163 2130
f 795 784 806
f 1508 1710 1496
f 2437 2480 2450
f 862 828 930
f 2071 1968 1918
f 831 839 845
f 838 827 820
f 855 851 843
f 843 796 855
f 259 153 206
f 2259 2208 2217
f 639 644 651
f 2099 1531 1674
f 2494 2360 2349
f 2440 2467 2408
f 246 836 68
f 1142 1112 1214
f 1107 1214 1112
f 1140 1226 1145
f 938 835 946
f 1763 1841 1844
f 1999 2015 2006
f 2124 2170 2131
f 2134 2077 2125
f 2008 1926 2029
f 1961 1983 2035
f 2219 2207 2163
f 807 820 800
f 665 697 679
f 839 834 832
f 820 862 838
f 2082 1972 2086
f 812 796 759
f 211 604 194
f 691 692 677
f 2538 2576 2586
f 1038 1052 1087
f 712 640 776
f 1096 1473 1461
f 368 486 523
f 424 1476 1247
f 442 606 361
f 1026 1081 1015
f 2342 2340 2307
f 2409 2453 2414
f 1864 1877 1850
f 2325 2169 2286
f 2632 2670 2681
f 795 806 957
f 832 807 782
f 839 832 847
f 864 842 852
f 1174 1635 1302
f 1654 1761 1681
f 2459 2445 2385
f 1963 2215 2112
f 759 673 812
f 691 673 759
f 2742 2725 2734
f 1660 1754 1756
f 482 519 515
f 256 263 245
f 109 110 112
f 693 709 674
f 2024 2073 2109
f 2483 2478 2440
f 1618 1230 1124
f 1894 1867 1995
f 2386 1710 1900
f 2042 2030 2015
f 782 807 800
f 2375 2351 2347
f 2191 2148 2162
f 845 839 847
f 765 847 832
f 765 832 782
f 848 852 842
f 855 864 851
f 920 796 812
f 1874 1934 1902
f 489 644 546
f 1326 1897 1749
f 699 593 635
f 1835 1885 1920
f 2319 2297 2295
f 1064 912 1033
f 1812 1916 1895
f 226 187 207
f 2459 2363 2445
f 2630 2580 2368
f 333 306 331
f 184 349 241
f 782 800 764
f 2129 2190 2100
f 673 677 661
f 447 416 402
f 4 3 1
f 427 502 473
f 2309 2267 2230
f 13 12 21
f 2253 2219 2224
f 642 119 413
f 2272 2381 2231
f 1542 1659 1602
f 1081 1026 1108
f 1085 1078 1100
f 1200 1271 1218
f 2737 2726 2743
f 1287 1250 1300
f 2596 2613 2612
f 1844 1884 1959
f 800 827 816
f 796 920 855
f 2667 2675 2661
f 677 562 661
f 618 639 609
f 1657 1821 1513
f 1733 1793 1683
f 1196 1190 1212
f 1098 1064 1101
f 1285 1279 1305
f 1781 1690 1662
f 264 131 98
f 2447 2484 2473
f 2351 2374 2358
f 820 827 800
f 786 800 816
f 204 108 150
f 2095 2277 2187
f 137 98 69
f 2548 2518 2530
f 1272 1288 1282
f 2305 2625 2542
f 1533 1602 1503
f 637 444 506
f 1026 1064 1098
f 162 138 149
f 2514 2493 2470
f 2640 2636 2638
f 816 827 911
f 949 845 847
f 864 855 890
f 673 661 611
f 749 1054 774
f 775 154 814
f 580 1122 625
f 934 1254 1237
f 1807 1703 1719
f 95 376 107
f 1271 1287 1281
f 1281 1218 1271
f 1938 2022 1975
f 2273 2269 2203
f 2351 2375 2374
f 1476 424 1406
f 816 914 786
f 908 838 852
f 2059 1930 2184
f 2026 2227 1766
f 920 812 979
f 692 735 608
f 2220 2242 2276
f 269 307 278
f 1671 1801 1713
f 1755 1903 1880
f 1955 2578 2557
f 2027 2089 2104
f 2433 2477 2564
f 139 102 131
f 1103 544 1223
f 1098 1116 1113
f 1101 1077 1116
f 2056 2096 2090
f 1536 1611 1622
f 1160 1142 1222
f 1415 1436 1409
f 1475 1464 1449
f 2581 2541 2042
f 2492 2478 2483
f 2739 2751 2736
f 764 800 786
f 786 888 760
f 845 931 957
f 267 189 186
f 908 848 921
f 890 855 920
f 2512 2042 2155
f 168 163 170
f 2376 2186 2261
f 2172 2171 2118
f 1504 1381 1500
f 2545 2647 2676
f 410 347 411
f 1123 1026 1098
f 623 809 745
f 1304 1287 1300
f 2092 2054 2066
f 2638 2621 2627
f 836 270 1088
f 2200 2150 2326
f 292 320 323
f 1024 794 741
f 1540 1612 1617
f 776 840 657
f 765 782 734
f 782 764 734
f 282 355 281
f 614 625 628
f 84 59 60
f 944 460 951
f 2058 2151 1913
f 296 280 300
f 656 634 630
f 1094 1081 1108
f 1332 1508 1301
f 1116 1098 1101
f 1287 1304 1281
f 127 243 125
f 978 970 1044
f 425 450 417
f 1444 1474 1441
f 1202 1192 1194
f 627 573 712
f 764 786 760
f 931 845 949
f 830 848 842
f 2697 2164 2726
f 2252 2237 2257
f 1109 1135 1133
f 1787 1818 1790
f 733 698 719
f 2708 2702 2696
f 1081 1107 1112
f 1870 1866 1854
f 2653 2655 2619
f 1279 1281 1304
f 1224 1287 1129
f 1175 1177 1168
f 296 300 319
f 1933 1795 1992
f 2495 2468 2496
f 2381 2310 2256
f 911 908 917
f 2161 2172 2181
f 422 420 444
f 1680 1587 1713
f 441 389 431
f 2228 2225 2222
f 640 1059 975
f 518 478 496
f 524 672 696
f 1875 1871 1879
f 2626 2615 2594
f 1116 1077 1143
f 1574 1597 1595
f 2178 2059 2293
f 1528 1559 1495
f 1952 1997 1901
f 1121 1173 1269
f 1187 1169 1176
f 1220 724 993
f 1723 1736 1729
f 1844 1959 1771
f 1485 1573 1493
f 2356 2483 2396
f 2018 2318 2002
f 2514 2504 2508
f 611 661 494
f 45 40 55
f 438 450 425
f 1959 1924 2072
f 486 368 390
f 1107 1094 1138
f 1224 1129 1142
f 1160 1224 1142
f 1222 1142 1214
f 690 588 667
f 724 1121 856
f 2157 2322 2174
f 246 217 270
f 1018 739 974
f 974 795 957
f 734 764 738
f 623 686 809
f 1852 1847 1865
f 1441 1454 1538
f 1068 970 998
f 1683 1792 1757
f 2485 2535 2684
f 1569 1768 1698
f 438 447 452
f 630 591 656
f 997 1114 1109
f 2097 2421 2412
f 332 44 370
f 2716 2679 2701
f 2147 2132 2142
f 1026 1123 1108
f 1930 1973 1908
f 2549 2531 2544
f 2075 2120 2163
f 1033 1009 1031
f 1448 748 1588
f 1224 1160 1231
f 1214 1107 1138
f 2015 2030 2013
f 1926 1987 1893
f 2480 2437 2481
f 1641 1605 1653
f 404 354 289
f 1715 1701 1708
f 795 974 739
f 868 919 906
f 790 847 765
f 1211 1363 1210
f 2038 2044 1967
f 864 890 844
f 920 859 890
f 617 580 625
f 608 735 560
f 2063 1996 2028
f 2578 2552 2628
f 2260 2291 2290
f 644 618 546
f 546 618 622
f 2225 2108 2222
f 1706 1686 1720
f 2269 2143 2268
f 513 295 631
f 2322 2297 2354
f 2266 2229 2189
f 654 312 678
f 1367 1335 1341
f 1410 1378 1385
f 1094 1107 1081
f 2315 2307 2340
f 1213 1285 1173
f 1279 1304 1305
f 1305 1304 1300
f 2406 2337 2263
f 1222 1228 1239
f 2400 2354 2303
f 1213 1173 1121
f 818 915 772
f 2441 2488 2460
f 1794 1929 1905
f 75 81 72
f 2690 2691 2706
f 1024 741 1018
f 2037 2233 2159
f 2413 2404 2390
f 2038 1858 1943
f 2091 2144 2128
f 908 921 917
f 921 848 830
f 844 890 815
f 2321 2301 2320
f 2450 2430 2437
f 1772 1777 1778
f 1017 1073 1020
f 2571 2454 2558
f 135 130 299
f 699 776 657
f 1210 1363 1264
f 2194 2455 2585
f 1999 2155 2042
f 1196 1207 1195
f 1685 1707 1650
f 368 523 350
f 1253 1236 1255
f 1214 1138 1206
f 1098 1113 1123
f 2320 2344 2410
f 2587 2605 2610
f 1250 1293 1300
f 2401 2443 2416
f 2109 2125 2135
f 1231 1160 1239
f 1228 1222 1214
f 956 943 952
f 1009 1024 1030
f 2108 2234 2222
f 931 974 957
f 1419 1412 1408
f 1458 1440 1399
f 824 830 793
f 842 864 844
f 1931 1892 1937
f 2175 2283 2438
f 89 81 93
f 1195 1190 1196
f 361 609 368
f 1099 1234 1048
f 1214 1206 1228
f 1721 1590 1812
f 1077 1101 1046
f 1239 1228 1241
f 1274 1336 1292
f 172 216 185
f 2182 2077 2134
f 61 133 68
f 316 87 226
f 790 765 734
f 1546 1563 1547
f 911 917 914
f 921 830 896
f 2547 2601 2598
f 830 842 844
f 711 713 704
f 2543 2567 2646
f 2015 2013 2006
f 1086 1161 1134
f 2476 2485 2684
f 2174 2322 2333
f 593 51 465
f 1180 1169 1187
f 1637 1668 1664
f 2609 2655 2657
f 1206 1215 1228
f 1215 1206 1204
f 1138 1094 1120
f 2187 2277 2284
f 1077 1104 1143
f 443 426 473
f 1250 1287 1224
f 1300 1293 1306
f 1300 1306 1305
f 2596 2588 2583
f 1228 1215 1241
f 1708 1739 1745
f 1947 1501 1604
f 1264 1186 1210
f 2414 2307 2409
f 2723 2720 2685
f 783 822 798
f 1040 874 964
f 1075 1011 1020
f 1357 1435 1254
f 288 403 317
f 1130 915 867
f 2133 2137 2139
f 1936 2018 2002
f 2504 2514 2490
f 1644 1435 1395
f 649 326 654
f 219 139 147
f 1343 1557 1332
f 1149 1123 1166
f 1108 1123 1149
f 1159 1113 1116
f 1159 1116 1165
f 1285 1305 1309
f 2007 1995 1873
f 2468 2495 2477
f 1244 1161 1242
f 1306 1401 1309
f 1293 1370 1306
f 1309 1305 1306
f 1222 1239 1160
f 432 321 592
f 1363 1211 1225
f 1768 1715 1762
f 1030 1024 1036
f 888 786 914
f 2180 2407 2270
f 738 764 760
f 2633 2629 2595
f 830 844 793
f 562 692 608
f 1679 1732 1728
f 287 362 417
f 213 70 211
f 2643 2663 2655
f 2533 2339 2486
f 840 875 768
f 1206 1138 1120
f 1094 1108 1120
f 55 66 58
f 1792 1764 1757
f 2237 1950 2265
f 1231 1239 1248
f 1248 1239 1241
f 1282 1234 1252
f 1121 1269 1158
f 2665 2669 2689
f 1030 1031 1009
f 1018 974 1007
f 1561 1467 1505
f 1534 1637 1664
f 2103 2140 2094
f 760 797 756
f 797 760 888
f 1674 1776 2099
f 1881 1901 1949
f 1515 1617 1648
f 2036 2092 2060
f 1819 1822 1833
f 2409 2446 2453
f 771 825 822
f 1075 942 1011
f 1832 1764 1796
f 1391 1600 1423
f 1692 1562 1619
f 2745 2717 2706
f 1122 1019 1258
f 1936 1924 1884
f 987 227 338
f 183 207 187
f 2736 2728 2730
f 2146 2604 2599
f 1204 1206 1120
f 1123 1113 1166
f 1146 1113 1159
f 69 62 87
f 1104 1077 1074
f 1046 1101 1033
f 1077 1046 1074
f 713 711 718
f 243 127 193
f 1030 1036 1037
f 2294 2292 2284
f 917 921 896
f 914 816 911
f 1672 1816 1590
f 608 550 562
f 562 677 692
f 1150 1240 1176
f 606 442 607
f 1651 1740 1724
f 1470 1545 1519
f 2263 2337 2334
f 1190 1263 1212
f 2475 2518 2496
f 2721 2705 2719
f 2052 2167 2115
f 486 492 525
f 2316 2186 2376
f 1744 1716 1750
f 75 71 70
f 1462 1531 1604
f 1116 1143 1165
f 1219 1143 1321
f 1618 1627 1635
f 1074 947 1067
f 433 377 445
f 1029 1074 1046
f 1285 1309 1173
f 1173 1309 1360
f 1269 1173 1249
f 292 301 286
f 1996 1902 1969
f 1036 1024 1018
f 1036 1007 1035
f 1018 1007 1036
f 1007 988 1035
f 738 756 750
f 738 760 756
f 974 931 969
f 2051 2044 2087
f 847 790 949
f 861 790 734
f 774 889 670
f 734 738 743
f 738 755 743
f 917 871 888
f 914 917 888
f 334 927 464
f 896 830 824
f 1600 1391 1591
f 695 697 704
f 505 661 562
f 1226 1140 1147
f 712 776 699
f 377 272 436
f 728 944 951
f 952 955 963
f 693 808 709
f 11 26 44
f 2366 2211 2287
f 1146 1215 1204
f 1149 1204 1120
f 2494 2349 2458
f 1900 1710 1824
f 956 860 943
f 2382 2413 2390
f 1348 1293 1250
f 1241 1277 1273
f 2013 2032 1979
f 1173 1360 1249
f 1731 1609 1747
f 1192 1211 1191
f 87 316 69
f 610 521 549
f 1466 1522 1494
f 1036 1035 1037
f 1492 1483 1438
f 988 1007 969
f 2251 2222 2234
f 2009 2047 1990
f 2694 2727 2722
f 2450 2480 2428
f 815 890 869
f 2615 2582 2608
f 1212 1417 1225
f 2105 2485 2019
f 2289 2372 2331
f 1607 1614 1576
f 1172 1127 1137
f 1818 1856 1829
f 1871 1922 1904
f 2202 2213 2247
f 727 595 632
f 1262 1241 1215
f 2380 2359 2360
f 2607 2404 2600
f 1143 1219 1165
f 1250 1224 1231
f 1604 1979 1947
f 2711 2705 2735
f 1955 2573 2561
f 1031 1030 1037
f 1004 1037 1035
f 797 811 804
f 756 797 804
f 797 888 871
f 871 917 896
f 896 824 870
f 824 793 791
f 793 844 815
f 52 56 57
f 1535 1549 1541
f 1423 1434 1436
f 2048 2091 2101
f 542 648 636
f 2583 2588 2595
f 1805 1785 1577
f 2598 2565 2547
f 1184 1205 1181
f 368 609 390
f 2696 2698 2677
f 2573 1955 2557
f 2184 2146 2599
f 1530 1684 1645
f 84 60 128
f 1638 1698 1657
f 1277 1241 1262
f 2397 2370 2329
f 1806 1731 1860
f 1046 1031 1029
f 1046 1033 1031
f 1004 988 995
f 969 1007 974
f 2246 2156 2158
f 750 756 777
f 750 777 769
f 756 804 777
f 811 871 870
f 811 797 871
f 811 870 854
f 743 861 734
f 793 815 761
f 1783 1787 1769
f 435 337 432
f 1147 1190 1195
f 1615 1600 1631
f 849 768 875
f 505 562 550
f 967 945 940
f 975 891 840
f 1317 1369 1299
f 1792 1838 1789
f 1272 1282 1252
f 283 191 460
f 2583 1907 1552
f 2214 2203 2262
f 2203 2209 2273
f 257 306 330
f 2017 1606 1717
f 1262 1215 1146
f 746 783 841
f 1120 1108 1149
f 1166 1113 1146
f 1370 1293 1348
f 2421 2426 2432
f 1248 1273 1289
f 1389 1393 1382
f 450 524 544
f 1974 1904 1922
f 2245 2374 2391
f 1004 1035 988
f 995 988 969
f 804 811 854
f 804 791 777
f 871 896 870
f 861 743 885
f 854 824 791
f 2324 2243 2332
f 2349 2359 2403
f 131 277 168
f 1162 1170 1131
f 550 608 526
f 505 550 514
f 2120 2241 2163
f 849 754 768
f 2667 2663 2650
f 2028 1996 1969
f 616 624 662
f 46 48 53
f 658 640 573
f 507 523 486
f 2538 2560 2569
f 2462 2468 2477
f 2334 2202 2247
f 2671 2673 2693
f 1747 1888 1820
f 1241 1273 1248
f 1031 1037 1029
f 969 931 949
f 777 791 769
f 1929 1960 1925
f 949 790 995
f 2260 2176 2291
f 1088 588 706
f 2430 2417 2437
f 1585 1612 1529
f 2419 2416 2443
f 1857 1829 1856
f 245 239 243
f 608 472 526
f 2562 2659 2572
f 1338 1355 1346
f 2536 2649 2648
f 46 54 47
f 2386 1900 2559
f 138 135 149
f 2189 2271 2266
f 1362 1352 1450
f 1903 1966 1919
f 1544 1535 1541
f 1117 989 1193
f 1688 1684 1608
f 679 697 695
f 2554 2591 2573
f 106 109 112
f 96 89 93
f 1695 1693 1685
f 2479 2418 2427
f 1029 947 1074
f 947 1029 948
f 1361 1309 1377
f 2264 2296 2301
f 1231 1248 1276
f 1125 1130 1152
f 1834 1857 1796
f 1273 1277 1296
f 2000 2159 2046
f 1967 1858 2038
f 1264 1392 1323
f 854 870 824
f 601 621 496
f 791 793 769
f 767 815 869
f 1482 1475 1489
f 423 400 386
f 1380 1354 1378
f 472 608 560
f 1705 456 723
f 316 327 414
f 299 194 386
f 2188 2345 2165
f 543 629 528
f 308 304 328
f 1687 1720 1686
f 2158 2230 2246
f 2555 2541 2563
f 507 486 525
f 2604 2623 2617
f 575 825 771
f 1450 1432 1362
f 1131 1115 1118
f 2481 2482 2461
f 523 507 497
f 368 350 361
f 1748 1737 1755
f 173 142 217
f 825 619 726
f 1135 1128 1461
f 633 594 513
f 431 381 479
f 1349 1348 1276
f 1732 1744 1739
f 1276 1248 1289
f 2003 2485 2476
f 2566 2592 2534
f 1277 1368 1311
f 626 621 676
f 1037 1004 1021
f 969 949 995
f 755 750 761
f 750 769 761
f 2404 2388 2395
f 755 738 750
f 761 815 767
f 859 920 979
f 1924 1959 1884
f 1862 1830 1837
f 1528 1553 1581
f 317 388 311
f 1554 1432 1450
f 514 550 526
f 494 661 505
f 2668 2653 2662
f 606 618 609
f 622 618 606
f 1128 1057 1096
f 1171 1260 1551
f 30 35 38
f 274 288 317
f 373 498 339
f 1799 1860 1731
f 655 632 613
f 333 331 303
f 2251 2228 2222
f 772 1055 678
f 1348 1337 1370
f 1250 1231 1276
f 2433 2651 2486
f 1504 1379 1338
f 1273 1296 1308
f 1296 1277 1311
f 186 178 192
f 374 495 467
f 995 861 1021
f 2707 2698 2696
f 885 743 872
f 2338 2407 2336
f 1161 1244 1134
f 611 812 673
f 2357 2400 2303
f 1877 2016 1850
f 446 289 354
f 1130 1083 915
f 2046 2056 1937
f 471 480 445
f 2658 2660 2714
f 2582 2583 1247
f 517 860 702
f 2478 2525 2467
f 598 727 663
f 2131 2126 2111
f 1082 758 1141
f 1250 1276 1348
f 1273 1308 1289
f 1584 1632 1609
f 1791 1652 1734
f 2683 2701 2672
f 882 789 860
f 755 761 767
f 1021 861 948
f 948 861 885
f 2146 2513 2604
f 2070 2022 1938
f 1626 1631 1670
f 59 53 48
f 2748 2750 2751
f 98 102 122
f 2469 2497 2490
f 179 113 153
f 1883 1975 2022
f 1810 1730 1748
f 1072 1473 1096
f 210 193 219
f 1149 1166 1204
f 1922 1978 1974
f 737 878 863
f 2217 2268 2259
f 2535 2105 2438
f 1308 1296 1318
f 1296 1314 1318
f 2505 2481 2522
f 1933 1803 1795
f 2566 2491 2528
f 788 876 955
f 1997 2097 2037
f 854 791 804
f 2198 2142 2128
f 790 861 995
f 972 878 892
f 1722 1616 1917
f 743 755 767
f 783 746 771
f 2224 2425 2312
f 2229 2266 2274
f 1130 867 1153
f 2726 2731 2723
f 2429 2405 2424
f 2746 2745 2733
f 2057 1827 1805
f 2546 2458 2531
f 1921 1893 1878
f 1000 718 874
f 2527 2566 2528
f 681 626 676
f 2066 2064 2092
f 532 507 510
f 1070 929 1027
f 44 332 12
f 1542 1561 1624
f 1174 1189 1183
f 501 408 451
f 1588 1171 1551
f 1542 1467 1561
f 603 643 568
f 2421 2398 2426
f 2445 2390 2385
f 1814 1939 2364
f 1249 1360 1286
f 2009 1957 1944
f 2101 2142 2132
f 2247 2276 2263
f 1732 1669 1716
f 2474 2506 2489
f 1478 1519 1608
f 237 168 221
f 1515 1558 1617
f 1392 1438 1426
f 1029 1037 1021
f 2327 2356 2396
f 1004 995 1021
f 1730 1810 1735
f 769 793 761
f 1136 748 1448
f 1357 981 1284
f 522 591 624
f 7 2 5
f 981 954 1284
f 2217 2311 2268
f 2514 2470 2490
f 2121 2295 2279
f 20 456 234
f 629 598 663
f 72 71 75
f 2048 2044 2038
f 319 704 705
f 350 523 538
f 2578 1955 2552
f 1579 1574 1595
f 1146 1204 1166
f 2221 2474 2402
f 1980 1912 1899
f 1946 1839 1963
f 1312 1308 1318
f 2531 2424 2405
f 33 28 37
f 1684 1530 1478
f 1646 1734 1652
f 869 890 859
f 1429 1484 1509
f 94 96 106
f 1595 1605 1643
f 472 560 405
f 1846 1830 1862
f 505 514 485
f 514 526 474
f 2260 2249 2199
f 262 225 266
f 606 607 622
f 923 940 919
f 1392 1264 1363
f 497 507 532
f 510 512 541
f 523 539 538
f 2049 2227 2026
f 1473 1468 1665
f 2233 2411 2248
f 1002 658 846
f 192 302 287
f 2254 2274 2410
f 1104 1074 1067
f 1124 1119 1122
f 1611 1589 1621
f 1401 1306 1370
f 1349 1337 1348
f 1349 1276 1289
f 1289 1308 1312
f 53 59 61
f 1314 1296 1311
f 284 294 280
f 1269 1249 1286
f 1933 2062 2017
f 1029 1021 948
f 320 373 339
f 948 885 947
f 885 872 959
f 1740 1651 1718
f 1144 1284 954
f 1653 1711 1641
f 2251 2231 2256
f 91 141 218
f 2528 2491 2464
f 1635 1395 1302
f 247 560 253
f 1963 2112 1985
f 2214 2212 2248
f 989 1117 1092
f 1203 1130 1153
f 2687 2647 2533
f 2193 2131 2170
f 2459 2385 2540
f 1247 1476 1049
f 1598 1687 1572
f 2277 2095 2166
f 539 497 527
f 2336 2321 2338
f 2235 2317 2255
f 701 757 846
f 2489 2506 2522
f 717 154 775
f 2406 2379 2449
f 853 799 808
f 1321 1143 1104
f 1309 1401 1377
f 1766 1734 1673
f 1309 1361 1360
f 2603 2573 2553
f 2233 2037 2412
f 1289 1312 1349
f 1349 1312 1337
f 1314 1311 1344
f 2276 2247 2220
f 389 360 387
f 1672 1665 1901
f 2165 2046 2159
f 543 598 629
f 1861 1825 1828
f 71 76 70
f 2232 2280 2242
f 1242 1261 1251
f 515 521 465
f 2716 2700 2702
f 1071 1109 1133
f 808 858 853
f 1014 990 1000
f 1834 1813 1868
f 2717 2721 2719
f 2413 2600 2404
f 1882 1838 1767
f 2365 2317 2235
f 933 955 952
f 538 346 350
f 1781 1713 1801
f 805 1136 730
f 2105 2019 2012
f 1361 1451 1359
f 1337 1318 1330
f 1207 1225 1211
f 1712 1801 1671
f 2199 2249 2097
f 1833 1847 1855
f 2725 2728 2734
f 2314 2306 2379
f 1898 1975 1883
f 2650 2692 2667
f 705 704 713
f 408 501 528
f 276 282 275
f 1078 1068 1072
f 526 472 474
f 2258 2117 2264
f 2366 2470 2323
f 622 607 599
f 2396 2346 2327
f 1699 1751 1733
f 783 717 841
f 93 99 96
f 507 525 510
f 510 541 531
f 497 539 523
f 538 539 552
f 1797 1780 1782
f 1604 1501 1462
f 1468 2479 1665
f 409 264 398
f 2637 2625 2642
f 698 733 676
f 2608 2587 2610
f 347 403 288
f 2682 2662 2639
f 2524 2487 2526
f 1616 1578 1861
f 1364 1429 1292
f 436 506 444
f 2657 2663 2661
f 2712 2703 2652
f 344 312 286
f 1529 1612 1516
f 494 505 485
f 253 560 489
f 2090 2076 2056
f 1677 1544 1541
f 2284 2292 2272
f 2360 2359 2349
f 44 12 7
f 2032 2030 2042
f 1591 1586 1631
f 1696 1621 1729
f 2115 1974 1978
f 2501 2519 2494
f 2559 2630 2368
f 1146 1159 1262
f 2211 2323 2298
f 2299 2309 2294
f 2699 2681 2670
f 700 717 728
f 2131 2150 2200
f 2107 2350 2152
f 27 14 23
f 693 829 808
f 1786 1796 1789
f 1599 1623 1487
f 2335 2264 2117
f 1438 1392 1417
f 2183 2191 2080
f 1340 1369 1356
f 947 885 959
f 2394 2333 2322
f 2003 2089 1945
f 1774 1775 1777
f 1905 1929 1925
f 1599 1487 1479
f 623 616 662
f 2456 2465 2463
f 2157 2045 2145
f 594 392 388
f 122 209 222
f 2098 2011 2034
f 2498 2503 2517
f 1319 1550 1258
f 471 422 491
f 2087 2132 2110
f 604 211 580
f 441 470 463
f 2353 2209 2393
f 2405 2429 2399
f 156 149 148
f 1659 1686 1682
f 522 409 702
f 1159 1165 1342
f 2553 2557 2603
f 891 1003 946
f 234 456 363
f 1929 1898 1953
f 217 246 173
f 468 478 449
f 325 616 559
f 2159 2000 2037
f 1330 1318 1314
f 57 50 52
f 471 420 422
f 2707 2699 2670
f 1629 1527 1538
f 2594 2586 2606
f 1408 1393 1389
f 1564 1817 1726
f 1958 2057 2094
f 905 923 919
f 215 330 266
f 712 635 627
f 1247 1049 2582
f 2285 2264 2301
f 1667 1398 1610
f 531 532 510
f 2031 2063 2028
f 2343 2327 2346
f 1821 1698 1869
f 1926 2008 1987
f 1087 1154 1093
f 2053 2031 2073
f 1926 1893 1923
f 1638 1424 1504
f 2399 2391 2405
f 1311 1405 1344
f 1262 1376 1368
f 1324 1343 1332
f 1269 1290 1158
f 1798 1788 1797
f 1086 1073 1091
f 2524 2537 2516
f 1385 1382 1410
f 2454 2571 2579
f 1517 2043 1954
f 485 514 474
f 546 253 489
f 399 334 188
f 113 179 82
f 1947 2538 2586
f 2456 2089 2476
f 532 531 556
f 527 536 564
f 539 527 552
f 552 527 564
f 648 542 621
f 352 359 343
f 2294 2284 2299
f 638 581 559
f 2209 2248 2393
f 2653 2619 2662
f 1920 1992 1795
f 1879 1840 1880
f 1895 1940 1815
f 89 83 81
f 1817 1425 2164
f 1833 1842 1847
f 1798 1772 1778
f 1342 1376 1262
f 463 241 406
f 2077 2106 2065
f 1395 1771 1644
f 1464 1470 1449
f 1378 1422 1380
f 44 26 462
f 152 267 162
f 425 417 407
f 494 485 293
f 144 546 599
f 1938 1888 1971
f 2190 2183 2100
f 1843 2057 1805
f 69 316 398
f 1546 1491 1499
f 2399 2429 2392
f 525 512 510
f 512 378 533
f 497 532 556
f 442 361 352
f 1625 1649 1598
f 1262 1159 1342
f 2703 2689 2669
f 1252 1141 1272
f 1736 1731 1806
f 1337 1330 1370
f 2140 2143 2269
f 1524 1526 1535
f 1290 1351 1339
f 1269 1286 1290
f 986 1290 1339
f 1060 1012 1040
f 2412 2432 2411
f 2470 2521 2372
f 2427 2441 2479
f 1812 1892 1916
f 54 53 61
f 2532 2499 2529
f 1430 1409 1436
f 474 472 437
f 405 560 247
f 670 961 354
f 482 520 519
f 622 599 546
f 2643 2562 2580
f 860 980 882
f 2475 2468 1988
f 2699 2693 2673
f 773 633 631
f 1225 1207 1196
f 492 512 525
f 206 216 257
f 552 561 538
f 1479 1520 1599
f 798 822 821
f 2398 2416 2426
f 1104 1067 1371
f 1095 959 1047
f 285 286 314
f 1318 1337 1312
f 633 513 631
f 1262 1368 1277
f 1900 1961 2160
f 1259 1315 1251
f 322 341 402
f 1290 986 1158
f 934 981 1254
f 1520 1479 1423
f 2298 2323 2289
f 1588 1849 1939
f 153 185 206
f 2691 2690 2692
f 2289 2288 2298
f 485 474 421
f 2590 2594 2605
f 1605 1663 1653
f 1656 1712 1671
f 1292 1336 1364
f 963 978 980
f 2122 2180 2215
f 2389 2413 2382
f 2666 2691 2692
f 2390 2445 2387
f 497 536 527
f 536 497 556
f 228 187 226
f 580 385 1111
f 218 87 91
f 1219 1386 1342
f 1165 1219 1342
f 529 502 643
f 2715 2717 2719
f 1360 1361 1351
f 2449 2444 2406
f 1829 1858 1818
f 900 1088 706
f 1344 1333 1314
f 1717 1700 1741
f 107 376 365
f 1286 1351 1290
f 334 384 322
f 1459 1358 1411
f 688 730 668
f 1458 1399 1449
f 767 872 743
f 2257 2465 2466
f 474 437 421
f 2239 2352 2447
f 253 546 144
f 418 403 410
f 2674 2457 2568
f 2360 2383 2380
f 2657 2660 2609
f 536 556 555
f 2010 1995 2007
f 552 564 561
f 1067 959 1095
f 2027 2104 2050
f 959 1067 947
f 1360 1351 1286
f 2215 1963 1882
f 1512 1499 1493
f 1339 1351 1359
f 2524 2526 2567
f 1607 1651 1724
f 279 284 296
f 415 480 479
f 213 211 194
f 1178 1264 1188
f 2301 2321 2313
f 2591 2571 2558
f 1945 1692 1982
f 2005 2081 2055
f 466 1705 413
f 561 564 565
f 635 593 620
f 1549 1594 1541
f 1096 1085 1100
f 1705 723 1106
f 1245 1255 1244
f 1226 1240 1150
f 1370 1413 1401
f 1523 1492 1516
f 1314 1333 1330
f 2559 1900 2160
f 1471 1516 1492
f 2210 2324 2319
f 1744 1784 1745
f 2503 2498 2516
f 872 767 869
f 142 116 84
f 2112 2238 2201
f 955 998 970
f 2179 2204 2259
f 1556 1537 1494
f 2176 2282 2328
f 293 485 421
f 2138 1956 2020
f 2116 1912 1980
f 748 1171 1588
f 2017 1741 1933
f 1727 1699 1663
f 2006 2013 1979
f 613 534 689
f 1657 1513 1424
f 555 556 541
f 2370 2354 2400
f 346 561 557
f 2465 2456 2664
f 703 646 645
f 803 707 1000
f 1503 1613 1481
f 2368 2580 1106
f 981 1357 1254
f 1405 1311 1368
f 274 271 288
f 112 94 106
f 1005 643 603
f 1419 1422 1412
f 1556 1522 1565
f 1332 1557 1508
f 1079 959 872
f 271 273 278
f 642 1032 611
f 437 472 405
f 1310 1353 1358
f 2154 2339 2283
f 195 475 371
f 178 188 192
f 2538 2040 2032
f 541 556 531
f 536 555 564
f 565 564 555
f 557 565 547
f 561 565 557
f 346 538 561
f 361 350 352
f 1048 1234 1280
f 397 456 466
f 2517 2712 2652
f 1148 1118 1145
f 2148 2295 2138
f 1330 1333 1366
f 1207 1202 1195
f 189 171 186
f 2024 2093 2064
f 2399 2380 2383
f 1894 2010 1984
f 1069 1025 1066
f 1315 1317 1245
f 656 680 671
f 2238 2112 2278
f 1043 966 994
f 51 593 412
f 314 326 294
f 267 152 189
f 1841 1859 1844
f 1323 1347 1316
f 653 664 649
f 1549 1555 1584
f 1040 1092 1060
f 1606 1550 1329
f 2028 1928 1976
f 1745 1890 1762
f 1288 391 1552
f 1846 1740 1830
f 492 338 378
f 1629 1506 1645
f 2388 2325 2361
f 2670 2664 2698
f 2643 2580 2635
f 1920 1795 1835
f 858 878 853
f 1361 1359 1351
f 1366 1370 1330
f 1656 1571 1642
f 1628 1650 1688
f 1481 1534 1339
f 856 1158 722
f 1336 1274 1268
f 2151 2058 2095
f 2142 2198 2147
f 2627 2621 2631
f 2245 2217 2208
f 1383 1270 953
f 488 601 496
f 1678 1913 1727
f 240 245 263
f 2228 2251 2232
f 1814 1588 1939
f 1151 1174 1302
f 1951 1930 1910
f 2629 2633 2623
f 118 115 117
f 1105 1310 1243
f 2073 2024 2064
f 1564 1553 1528
f 1044 1085 982
f 2259 2685 2179
f 2335 2378 2344
f 1593 1553 1603
f 1983 1968 1981
f 36 21 22
f 161 178 148
f 1089 1020 1086
f 2253 2302 2331
f 1012 1014 1000
f 1416 1413 1420
f 1333 1433 1372
f 1344 1472 1433
f 288 291 347
f 381 431 401
f 418 410 411
f 2408 2374 2375
f 959 1079 1047
f 619 825 575
f 2653 2668 2659
f 1775 1780 1788
f 1469 1486 1480
f 1537 1556 1571
f 1849 1588 1551
f 437 405 375
f 2631 2626 2628
f 2039 2568 2236
f 607 578 602
f 1891 1868 1943
f 2398 2249 2290
f 1299 1369 1322
f 2646 2567 2602
f 2176 2260 2282
f 23 14 18
f 1432 1634 1610
f 378 512 492
f 378 196 533
f 555 541 547
f 2386 2559 2368
f 2306 2340 2379
f 1648 1658 1702
f 322 384 341
f 1900 1918 1961
f 1967 1872 1858
f 1236 1253 1232
f 2188 2417 2345
f 1907 1951 1897
f 2160 2745 2691
f 669 326 649
f 63 62 122
f 2382 2390 2387
f 936 1136 953
f 2487 2496 2526
f 1559 1528 1581
f 773 631 779
f 43 31 49
f 421 437 394
f 1383 1448 1414
f 1833 1828 1819
f 1334 1089 1232
f 1622 1655 1634
f 1724 1632 1614
f 2387 2363 2382
f 1676 1720 1687
f 1353 1164 1391
f 51 39 22
f 541 512 533
f 1783 1769 1758
f 1587 1680 1639
f 2703 2712 2708
f 547 565 555
f 1099 1252 1234
f 350 346 352
f 2168 2177 2211
f 1321 1386 1219
f 30 38 24
f 1562 1673 1258
f 940 945 919
f 1313 1298 1382
f 1413 1370 1366
f 652 601 584
f 1660 1592 1754
f 2508 2505 2500
f 260 415 254
f 2710 2713 2715
f 1932 2004 2001
f 856 1121 1158
f 2347 2371 2375
f 1779 1800 1785
f 517 414 687
f 2431 2287 2317
f 1674 1435 1644
f 611 1032 812
f 394 437 375
f 1393 1408 1412
f 79 80 107
f 248 611 494
f 1928 1969 1934
f 607 602 599
f 573 636 658
f 727 805 688
f 535 573 627
f 493 500 551
f 2386 2368 1518
f 547 537 557
f 557 537 380
f 2698 2664 2476
f 1992 2061 1933
f 2231 2251 2234
f 1634 1554 1622
f 2079 2114 2133
f 1500 1638 1504
f 1493 1499 1498
f 137 398 264
f 2488 2464 2509
f 495 605 467
f 758 1005 498
f 1333 1372 1366
f 1405 1368 1376
f 986 1339 968
f 2244 2211 2177
f 2657 2655 2663
f 2023 1941 1915
f 2621 2638 2620
f 2010 2007 2111
f 2607 2574 2373
f 859 1291 1079
f 1500 1421 1569
f 1458 1470 1519
f 1485 1434 1460
f 2462 1952 1988
f 449 535 430
f 429 305 467
f 418 388 317
f 459 520 482
f 1329 1664 1606
f 1821 1869 1932
f 2244 2141 2255
f 1755 1880 1840
f 373 355 391
f 547 541 537
f 2039 1994 2568
f 346 380 359
f 359 352 346
f 19 234 3
f 1942 2029 1923
f 638 774 637
f 578 442 582
f 2223 2008 2169
f 672 650 730
f 1965 1692 1619
f 1322 1335 1324
f 1560 1575 1579
f 1700 1706 1738
f 429 467 667
f 963 970 978
f 1678 1597 1721
f 466 119 356
f 2229 2274 2254
f 2264 2335 2344
f 2218 2128 2144
f 614 423 386
f 1390 1415 1409
f 2337 2336 2334
f 2493 2546 2549
f 391 424 1247
f 1701 1728 1739
f 2150 2176 2326
f 1759 1777 1772
f 2543 2644 2537
f 227 987 458
f 2736 2734 2728
f 1640 1655 1622
f 541 533 537
f 1517 1557 1345
f 61 59 86
f 1973 2059 1908
f 123 118 130
f 49 363 309
f 2105 2084 2438
f 1534 1664 1365
f 1188 1264 1323
f 1227 1205 1208
f 1893 1884 1878
f 1438 1417 1295
f 1861 1911 1917
f 1433 1333 1344
f 1704 2019 1619
f 1188 1261 1177
f 149 152 162
f 1862 1864 1846
f 1519 1545 1628
f 1646 1652 1627
f 1354 1385 1378
f 100 140 77
f 2396 2483 2440
f 1298 1090 1058
f 1851 1840 1879
f 2613 2614 2612
f 1097 1187 1154
f 810 706 690
f 642 611 248
f 1630 1563 1620
f 1540 1516 1612
f 194 299 213
f 24 29 30
f 1627 1652 1636
f 1099 1082 1246
f 2536 2473 2484
f 1326 1749 1275
f 2634 2589 2550
f 4 1 2
f 1808 1779 1809
f 803 1000 990
f 951 191 74
f 2256 2232 2251
f 1688 1650 1735
f 1895 2005 1940
f 1205 1184 1208
f 1401 1416 1377
f 667 605 646
f 1759 1761 1746
f 724 856 801
f 2182 2181 2185
f 1341 1340 1346
f 2415 2331 2442
f 865 1223 696
f 41 36 39
f 100 76 74
f 2383 2360 2311
f 1514 1441 1532
f 1790 1780 1774
f 2508 2493 2514
f 1743 1666 1681
f 164 342 533
f 1092 1040 989
f 1176 1208 1154
f 284 279 281
f 579 442 352
f 2347 2346 2371
f 1831 1755 1840
f 1530 1440 1478
f 1095 1371 1067
f 336 266 330
f 2083 2110 2033
f 704 319 695
f 2426 2419 2432
f 2162 2138 2080
f 749 737 863
f 1126 1139 1132
f 1372 1502 1404
f 94 112 700
f 2449 2379 2436
f 680 656 702
f 2066 2054 2063
f 433 445 480
f 2233 2195 2159
f 356 309 393
f 37 28 41
f 604 580 617
f 2329 2328 2282
f 2078 2157 2174
f 1987 2018 1936
f 2208 2259 2204
f 397 309 363
f 2361 2502 2385
f 596 578 577
f 919 868 905
f 77 140 111
f 403 418 317
f 62 98 122
f 1069 990 1025
f 1682 1706 1700
f 2346 2347 2343
f 1847 1852 1845
f 625 1119 628
f 1773 1810 1748
f 607 442 578
f 2113 2065 2106
f 352 343 579
f 2584 1947 2586
f 2388 2607 2373
f 2493 2508 2500
f 2239 2364 1939
f 1672 1901 1881
f 2364 2473 2434
f 1930 2059 1973
f 2663 2667 2661
f 2453 2446 2449
f 2391 2383 2217
f 2425 2420 2444
f 1452 1419 1358
f 1153 1280 1260
f 1260 1280 1551
f 1584 1614 1632
f 2335 2147 2378
f 1689 1664 1668
f 1044 1078 1085
f 193 127 219
f 1579 1586 1560
f 1547 1491 1546
f 2520 2564 2495
f 1630 1685 1650
f 2335 2117 2033
f 287 302 362
f 1003 1052 992
f 936 880 672
f 442 579 582
f 6 11 5
f 1670 1512 1626
f 435 432 571
f 2740 2585 2742
f 2022 2088 1883
f 77 111 108
f 1514 1536 1444
f 2458 2546 2501
f 2660 2658 2609
f 504 475 412
f 1618 1646 1627
f 2646 2671 2683
f 882 982 892
f 1787 1832 1856
f 458 724 716
f 1746 1832 1783
f 872 869 1079
f 1169 1162 1156
f 488 478 468
f 2304 2330 2332
f 484 400 423
f 1216 1310 1105
f 2152 2350 2154
f 1258 1124 1122
f 599 503 144
f 2697 1994 1726
f 2554 2601 2618
f 277 264 409
f 2606 2554 2626
f 2334 2180 2202
f 2281 2120 2116
f 184 404 289
f 1746 1711 1757
f 2308 2465 2257
f 76 90 70
f 1716 1744 1732
f 2063 2031 2053
f 2025 1989 2286
f 1339 1359 1481
f 1816 1672 1881
f 2056 2046 2096
f 934 1237 641
f 1413 1366 1418
f 1413 1418 1420
f 2472 2442 2471
f 706 884 900
f 1515 1429 1509
f 417 450 544
f 1194 1238 1226
f 54 61 68
f 2427 2418 2448
f 149 156 152
f 1666 1643 1654
f 1930 1951 2146
f 1573 1460 1623
f 2099 1999 1604
f 2505 2504 2481
f 1243 1058 1070
f 1981 2071 1993
f 652 584 719
f 602 578 596
f 140 244 111
f 675 695 300
f 212 231 232
f 212 232 230
f 2418 2364 2434
f 45 24 38
f 1025 990 1014
f 1164 1353 1216
f 937 944 1365
f 5 11 7
f 1386 1321 1396
f 2225 2202 2122
f 803 1132 707
f 1944 2011 2009
f 1404 1418 1366
f 1366 1372 1404
f 2719 2705 2710
f 617 625 614
f 2573 2557 2553
f 2261 2443 2376
f 16 18 15
f 906 884 868
f 1484 1429 1364
f 528 452 408
f 2436 2414 2453
f 1520 1600 1615
f 823 633 773
f 613 595 574
f 2466 2664 2670
f 2403 2429 2424
f 1738 1741 1700
f 342 164 145
f 2384 2428 2365
f 1434 1487 1460
f 380 346 557
f 1247 2583 1552
f 1321 1373 1396
f 2145 1962 2121
f 325 313 315
f 1532 1441 1524
f 1855 1889 1833
f 1556 1642 1571
f 2512 2579 2581
f 1420 1404 1428
f 254 209 136
f 2240 2126 2304
f 1853 1807 1921
f 724 801 716
f 2332 2341 2324
f 1714 1511 1703
f 1745 1739 1744
f 593 610 620
f 2010 1894 1995
f 812 1235 979
f 93 81 92
f 1584 1555 1614
f 1970 1953 1883
f 2232 2256 2310
f 1515 1421 1429
f 1440 1506 1454
f 1328 1256 1313
f 1803 1933 1741
f 2206 2197 2173
f 2059 2178 1908
f 591 630 615
f 2479 1988 1665
f 2176 2150 2291
f 1134 1232 1089
f 466 393 397
f 1662 1680 1781
f 2506 2519 2522
f 1498 1430 1493
f 2014 2010 2111
f 181 183 180
f 2405 2391 2532
f 81 75 92
f 2537 2524 2543
f 1467 1542 1533
f 1726 1994 1843
f 71 74 76
f 1636 1652 1661
f 2407 2338 2274
f 1376 1342 1386
f 985 628 1137
f 2749 2748 2746
f 1242 1251 1245
f 1079 869 859
f 1402 1468 1473
f 1697 1640 1696
f 1805 1827 1809
f 1953 1898 1883
f 293 421 394
f 2417 2430 2384
f 311 276 273
f 1225 1417 1363
f 1870 1905 1927
f 1760 1754 1765
f 378 338 261
f 16 363 49
f 1615 1631 1626
f 537 342 380
f 582 577 578
f 1615 1623 1599
f 1131 1148 1162
f 1452 1475 1455
f 1302 1395 1357
f 1853 1921 1878
f 2190 2129 2243
f 335 330 318
f 1695 1616 1691
f 1416 1401 1413
f 1420 1394 1416
f 1815 1721 1895
f 2317 2287 2255
f 1942 2025 2029
f 2040 2538 1947
f 1260 1155 1203
f 866 1051 1002
f 1802 1800 1808
f 1695 1685 1620
f 392 641 1406
f 1764 1746 1757
f 1722 1990 1935
f 2157 2145 2279
f 2311 2262 2268
f 2330 2196 2200
f 581 506 313
f 327 205 516
f 2709 2704 2708
f 1860 1799 1854
f 2051 2110 2083
f 1434 1479 1487
f 1713 1570 1671
f 1758 1759 1783
f 1307 1265 1299
f 1884 1859 1878
f 2075 2130 2125
f 1350 1047 1400
f 280 296 284
f 1859 1841 1878
f 2300 2168 2211
f 1881 1937 1892
f 470 491 463
f 1873 1760 1770
f 1864 1904 1877
f 655 613 653
f 92 99 93
f 1607 1576 1527
f 1186 1178 1181
f 2626 2554 2603
f 1301 1307 1332
f 799 853 686
f 2725 2742 2732
f 405 247 375
f 2636 2620 2638
f 1000 874 1012
f 112 154 700
f 2509 2515 2530
f 2699 2700 2693
f 503 599 602
f 227 121 223
f 227 231 212
f 2742 2585 2732
f 626 681 701
f 1496 2386 1518
f 1319 1329 1550
f 2034 1852 2065
f 533 342 537
f 1139 1126 1117
f 296 319 279
f 2229 2254 2189
f 1810 1837 1830
f 1373 1321 1104
f 1790 1769 1787
f 1444 1536 1450
f 470 431 479
f 2637 2542 2625
f 95 107 80
f 452 341 408
f 1570 1713 1587
f 938 984 967
f 2267 2250 2246
f 35 52 40
f 1827 2057 1958
f 686 662 799
f 670 994 961
f 961 719 553
f 414 517 409
f 2518 2526 2496
f 349 406 241
f 238 95 179
f 1868 1891 1834
f 349 151 214
f 2102 2074 2118
f 880 932 916
f 2277 2267 2299
f 1670 1631 1666
f 798 717 783
f 413 1032 642
f 2617 2623 2633
f 1047 1350 1095
f 1915 1863 1867
f 803 1126 1132
f 1128 1135 1114
f 326 280 294
f 2319 2295 2148
f 1616 1695 1583
f 2076 2005 1931
f 1657 1698 1821
f 540 495 504
f 1623 1460 1487
f 1823 1808 1827
f 1398 1471 1362
f 446 262 336
f 666 664 653
f 2548 2602 2567
f 2660 2645 2688
f 2312 2288 2302
f 1421 1381 1429
f 1162 1148 1156
f 2121 1941 2023
f 2167 2118 2115
f 2733 2035 2720
f 337 204 268
f 1723 1609 1731
f 223 351 227
f 227 351 231
f 1664 1689 1606
f 214 212 230
f 1824 1710 1557
f 1115 1187 1097
f 2600 2641 2638
f 340 380 342
f 516 511 327
f 577 582 563
f 638 559 745
f 1977 1909 1950
f 1212 1295 1417
f 1891 1829 1857
f 56 42 43
f 1778 1788 1798
f 1418 1404 1420
f 1941 1920 1885
f 1642 1660 1656
f 1910 1930 1908
f 1102 990 1069
f 780 1158 986
f 32 34 30
f 1633 1585 1658
f 1335 1345 1343
f 1670 1578 1546
f 867 643 1005
f 2043 1513 2001
f 1830 1740 1718
f 17 24 26
f 1678 1721 1815
f 1831 1837 1773
f 1363 1417 1392
f 728 821 944
f 1666 1743 1670
f 1105 1070 1039
f 4 13 25
f 300 280 675
f 1421 1500 1381
f 1332 1307 1324
f 1650 1628 1630
f 242 100 191
f 2581 2042 2512
f 2424 2531 2458
f 1679 1728 1667
f 2720 2179 2685
f 2576 2575 2565
f 1211 1192 1202
f 2529 2544 2532
f 1458 1478 1440
f 2175 2062 2154
f 1319 1019 1010
f 2627 2624 2574
f 1298 1058 1243
f 2250 2156 2246
f 1233 1198 1205
f 674 683 693
f 1712 1660 1756
f 2088 2070 2123
f 1376 1386 1456
f 2593 2513 1907
f 133 116 157
f 2747 2746 2748
f 480 491 479
f 305 429 270
f 2750 2743 2740
f 2200 2367 2330
f 1620 1583 1695
f 2727 2694 2714
f 458 569 159
f 2706 2713 2695
f 2108 1767 2151
f 2572 2732 2585
f 1689 1682 1700
f 2029 1926 1923
f 1205 1198 1181
f 1313 1385 1328
f 315 229 325
f 80 65 82
f 1057 1128 1114
f 994 889 1039
f 1635 1636 1661
f 1985 2144 2021
f 343 359 396
f 577 548 545
f 1313 1182 1298
f 2301 2313 2285
f 1080 1110 1164
f 2119 2090 2153
f 2004 1996 2054
f 1456 1386 1396
f 1864 1862 1871
f 1476 1501 1049
f 805 632 659
f 1291 859 1257
f 1550 1606 1704
f 135 148 149
f 2373 2574 2002
f 2140 2269 2261
f 375 224 394
f 394 236 293
f 2133 2123 2137
f 1553 1593 1581
f 2088 2022 2070
f 900 1518 1088
f 1051 1059 1002
f 2625 2597 2640
f 104 503 462
f 458 716 569
f 1875 1879 1880
f 905 835 923
f 38 35 40
f 1934 1927 1928
f 1458 1519 1478
f 196 378 261
f 1479 1434 1423
f 2564 2477 2495
f 191 283 242
f 2090 2141 2177
f 542 518 496
f 2491 2534 2515
f 545 596 577
f 1274 1325 1259
f 534 613 574
f 665 679 669
f 1047 1079 1291
f 2460 2475 1988
f 810 754 857
f 1502 1372 1433
f 1111 685 1019
f 2549 2544 2539
f 1463 1376 1456
f 1845 1896 1855
f 142 128 195
f 2543 2672 2644
f 209 401 387
f 1432 1398 1362
f 1259 1268 1274
f 726 907 825
f 1084 937 1329
f 1184 1168 1208
f 1125 1152 1157
f 1440 1530 1506
f 2626 2603 2628
f 1868 1839 1946
f 940 938 967
f 1830 1735 1810
f 1547 1545 1470
f 484 628 927
f 2391 2217 2245
f 302 322 362
f 2384 2365 2345
f 2739 2736 2730
f 771 822 783
f 625 1122 1119
f 389 387 401
f 1096 1461 1128
f 524 450 528
f 196 261 252
f 2125 2077 2075
f 2163 2241 2219
f 380 340 359
f 1609 1594 1584
f 1253 1255 1278
f 1971 2082 2070
f 2722 2680 2718
f 1371 1095 1350
f 1959 2072 2099
f 1586 1591 1560
f 676 601 652
f 2710 2705 2686
f 2673 2648 2681
f 1545 1563 1630
f 2216 2339 2350
f 332 465 51
f 1405 1376 1463
f 170 131 168
f 1235 812 1032
f 2331 2372 2442
f 2087 2048 2101
f 1097 1087 1052
f 789 680 702
f 2114 1960 1970
f 286 301 344
f 1776 1771 1959
f 257 215 259
f 1055 1125 1171
f 2100 2183 2080
f 1672 1135 1461
f 545 530 596
f 2484 2352 2459
f 2016 1877 1972
f 1516 1539 1523
f 593 699 487
f 1786 1838 1839
f 2418 1468 1814
f 1586 1579 1595
f 430 395 448
f 2215 2278 2112
f 1546 1578 1583
f 1841 1763 1853
f 1658 1585 1694
f 2680 2732 2682
f 1585 1633 1612
f 1754 1760 1756
f 409 522 277
f 466 356 393
f 545 490 530
f 1396 1465 1456
f 1471 1438 1295
f 2402 2489 2523
f 2003 1945 1982
f 1504 1338 1381
f 1371 1373 1104
f 2221 2402 2188
f 1371 1350 1387
f 83 73 72
f 1185 1140 1267
f 1323 1261 1188
f 239 125 243
f 1404 1502 1428
f 2236 2143 2103
f 1991 2179 2035
f 1755 1773 1748
f 1519 1628 1608
f 2510 2488 2509
f 1676 1649 1690
f 236 394 224
f 1669 1679 1610
f 689 534 464
f 1708 1745 1762
f 1884 1987 1936
f 1647 1625 1639
f 1513 1517 1388
f 1174 1183 1618
f 2315 2300 2307
f 1624 1659 1542
f 1838 1786 1789
f 2148 2138 2162
f 666 711 697
f 72 81 83
f 77 108 90
f 2120 2075 2067
f 2465 2664 2466
f 2296 2264 2344
f 1400 1047 1291
f 952 943 933
f 2406 2444 2337
f 549 521 558
f 1267 1327 1263
f 984 992 1016
f 1708 1762 1715
f 2506 2311 2494
f 2369 2542 2389
f 279 319 298
f 1415 1353 1391
f 213 117 75
f 269 290 295
f 1617 1633 1648
f 1020 1013 1017
f 1367 1341 1355
f 1908 2178 1849
f 2195 2233 2248
f 270 217 305
f 2608 2582 2587
f 504 495 475
f 509 596 530
f 218 228 226
f 314 286 312
f 212 169 338
f 933 788 955
f 100 242 140
f 2035 2733 2160
f 2324 2210 2226
f 396 359 324
f 2262 2474 2221
f 1119 1137 628
f 548 577 563
f 582 579 572
f 563 582 572
f 283 460 321
f 1373 1371 1387
f 225 262 238
f 147 235 219
f 2317 2365 2469
f 1779 1808 1800
f 466 456 1705
f 1738 1720 1803
f 2192 2106 2182
f 63 91 62
f 1058 1090 1051
f 1670 1743 1578
f 1953 1960 1929
f 1080 1216 1201
f 1364 1426 1484
f 2354 2297 2303
f 279 298 282
f 311 392 355
f 1072 1100 1078
f 1793 1733 1751
f 217 371 305
f 2745 2721 2717
f 2071 1981 1968
f 803 990 1102
f 1757 1653 1675
f 2377 2333 2394
f 602 509 503
f 115 123 120
f 1201 749 863
f 1746 1761 1711
f 2737 2750 2749
f 2053 2066 2063
f 2615 2608 2610
f 2673 2681 2699
f 2464 2491 2509
f 164 533 196
f 2483 2356 2472
f 1374 413 1705
f 649 655 653
f 2564 2651 2433
f 679 675 669
f 324 359 340
f 1082 1048 758
f 530 490 439
f 1175 1178 1188
f 571 685 435
f 2620 2633 2595
f 617 194 604
f 323 301 292
f 2562 2643 2659
f 1495 1447 1442
f 1767 1838 1793
f 1472 1344 1405
f 310 298 705
f 1934 1890 1927
f 1397 1817 1446
f 2546 2493 2500
f 1922 1871 1875
f 1537 1505 1494
f 1584 1594 1549
f 224 375 247
f 1962 2068 1998
f 2503 2516 2537
f 1582 1590 1597
f 1897 1826 1749
f 1628 1688 1608
f 2173 2197 2149
f 1602 1668 1637
f 2078 2174 2061
f 1836 1835 1781
f 2067 1865 1912
f 985 989 964
f 2600 2638 2607
f 623 559 616
f 2164 2743 2726
f 1057 1085 1096
f 1194 1192 1238
f 1169 1170 1162
f 2726 2737 2738
f 261 169 255
f 252 261 255
f 14 10 8
f 1255 1236 1244
f 1813 1796 1786
f 196 252 176
f 772 915 1055
f 2071 1954 2060
f 548 563 566
f 1198 1238 1192
f 2302 2288 2289
f 490 545 548
f 572 586 583
f 563 572 566
f 1258 1673 1124
f 1465 1373 1387
f 1354 1380 1399
f 1701 1715 1702
f 240 272 239
f 1414 1468 1402
f 1334 1508 1496
f 1322 1324 1299
f 1843 1553 1726
f 1978 1922 1966
f 976 984 999
f 1905 1925 1928
f 2036 2001 2004
f 1875 1919 1922
f 1646 1618 1124
f 534 501 451
f 2646 2683 2672
f 168 277 221
f 1539 1540 1558
f 2425 2224 2362
f 2243 2226 2190
f 1668 1659 1682
f 2239 2369 2352
f 252 255 251
f 1345 1557 1343
f 2136 2079 2133
f 196 176 164
f 1465 1396 1373
f 2605 2594 2615
f 2504 2482 2481
f 1400 1291 1447
f 2682 2572 2668
f 1555 1549 1526
f 504 487 576
f 1377 1416 1394
f 315 240 263
f 475 495 374
f 204 337 385
f 414 398 316
f 360 406 349
f 2590 2584 2594
f 2105 2012 2084
f 1540 1617 1558
f 2005 1916 1931
f 1782 1790 1872
f 1295 1362 1471
f 2513 2623 2604
f 2709 2677 2676
f 2196 2131 2200
f 1573 1485 1460
f 866 719 961
f 294 285 314
f 1873 1770 1958
f 240 315 313
f 875 891 835
f 2186 2094 2140
f 814 287 417
f 530 499 509
f 962 971 906
f 1869 1874 1932
f 1616 1583 1578
f 338 169 261
f 1626 1512 1493
f 1800 1742 1725
f 918 932 953
f 1302 1357 1284
f 1474 1454 1441
f 2529 2499 2511
f 566 567 570
f 2463 2049 2104
f 445 436 440
f 92 117 109
f 34 31 43
f 1856 1818 1787
f 2438 2084 2175
f 1820 1888 1975
f 1303 1446 1384
f 1185 1263 1190
f 2284 2277 2299
f 40 45 38
f 722 801 856
f 937 1084 592
f 2286 2169 2025
f 1414 1375 1383
f 1726 1553 1564
f 1118 1148 1131
f 2011 1855 1896
f 2114 2069 1960
f 313 325 559
f 2709 2647 2704
f 2526 2548 2567
f 596 509 602
f 823 773 909
f 256 193 229
f 379 230 232
f 945 962 906
f 1491 1498 1499
f 316 226 327
f 102 125 136
f 255 169 251
f 2306 2294 2309
f 2707 2696 2702
f 2520 2517 2564
f 880 936 932
f 2448 2418 2434
f 287 186 192
f 515 519 521
f 2748 2751 2747
f 2750 2737 2743
f 2422 2072 2561
f 548 570 490
f 1380 1455 1449
f 586 572 579
f 1822 1782 1964
f 1400 1387 1350
f 2110 2147 2033
f 528 450 452
f 520 459 483
f 2353 2261 2275
f 264 277 131
f 1394 1420 1403
f 2681 2648 2649
f 1888 1850 1971
f 2649 2484 2540
f 1502 1497 1510
f 1951 1910 1826
f 780 986 710
f 2531 2549 2546
f 2043 1517 1513
f 722 1158 780
f 2292 2306 2314
f 2523 2417 2188
f 2588 2621 2620
f 703 754 690
f 2623 2593 2629
f 2595 2593 1907
f 84 116 86
f 1270 865 918
f 2069 2114 2079
f 248 293 236
f 39 48 41
f 2185 2118 2167
f 1917 1911 1957
f 663 668 650
f 262 446 376
f 698 652 719
f 409 398 414
f 1964 2117 2258
f 2348 2379 2406
f 1848 1760 1873
f 1906 1791 1909
f 1080 1201 1001
f 232 231 382
f 2482 2504 2497
f 1137 1127 985
f 860 789 702
f 252 251 200
f 1240 1226 1238
f 2536 2592 2527
f 586 579 343
f 490 570 477
f 2481 2437 2523
f 1916 2005 1895
f 570 548 566
f 1331 1340 1356
f 1979 1999 2006
f 2137 2086 2102
f 1769 1790 1774
f 1390 1358 1353
f 723 20 836
f 462 370 44
f 1793 1792 1683
f 1255 1245 1265
f 1257 979 1294
f 542 636 535
f 1767 1727 2151
f 197 259 215
f 1058 1051 929
f 1257 1442 1447
f 312 654 314
f 1597 1590 1721
f 2343 2415 2327
f 884 906 942
f 236 224 190
f 224 247 201
f 247 253 201
f 2304 2126 2196
f 440 420 471
f 337 321 432
f 1712 1756 1801
f 445 440 471
f 1838 1882 1839
f 1738 1706 1720
f 2595 2629 2593
f 2069 2079 2073
f 2198 2128 2189
f 1988 2479 2460
f 379 232 382
f 2565 2575 2563
f 1770 1823 1827
f 2287 2211 2244
f 200 251 233
f 2672 2679 2644
f 302 192 188
f 1523 1539 1509
f 1065 1051 1090
f 2171 2172 2161
f 977 592 1084
f 2258 2085 1964
f 2509 2530 2510
f 1511 1719 1703
f 436 445 377
f 2151 2234 2108
f 836 47 54
f 2276 2242 2280
f 2561 2591 2558
f 413 119 466
f 48 39 60
f 999 1013 983
f 2117 1964 2033
f 2113 2192 2098
f 329 513 411
f 2551 2617 2636
f 1687 1649 1676
f 1615 1626 1623
f 1335 1322 1341
f 979 1303 1294
f 2060 2093 2071
f 153 259 197
f 874 1040 1012
f 2716 2701 2700
f 248 236 208
f 224 201 190
f 633 823 641
f 2541 2032 2042
f 1093 1168 1177
f 509 499 370
f 718 689 464
f 2371 2346 2396
f 672 880 696
f 159 569 481
f 2388 2404 2607
f 2675 2690 2678
f 351 223 369
f 214 230 372
f 251 169 265
f 1133 1110 1071
f 376 95 238
f 1093 1154 1168
f 2164 2697 1817
f 164 176 160
f 200 233 134
f 155 200 134
f 252 200 176
f 1571 1671 1570
f 583 566 572
f 470 479 491
f 2187 2272 2231
f 478 518 449
f 934 823 909
f 2674 2723 2685
f 2367 2357 2332
f 840 776 975
f 1394 1403 1407
f 475 195 412
f 1433 1472 1497
f 2391 2452 2532
f 2053 2073 2064
f 336 262 266
f 976 999 983
f 1970 1960 1953
f 1863 1915 1885
f 285 292 286
f 1629 1645 1651
f 874 718 464
f 2169 2008 2029
f 2698 2476 2684
f 406 360 389
f 465 521 610
f 2601 2554 2606
f 1701 1739 1708
f 1851 1862 1837
f 509 462 503
f 509 370 462
f 2366 2490 2470
f 307 295 329
f 2331 2302 2289
f 230 379 372
f 369 382 351
f 382 231 351
f 64 80 79
f 1911 1828 1889
f 272 240 313
f 953 1270 918
f 1531 1237 1674
f 2718 2639 2658
f 1943 1946 2021
f 176 200 155
f 160 176 155
f 593 465 610
f 1151 1193 989
f 586 508 600
f 1632 1724 1753
f 2640 2642 2625
f 2137 2070 2082
f 1538 1506 1629
f 1861 1917 1616
f 1377 1394 1439
f 2581 2579 2601
f 1377 1451 1361
f 2401 2416 2355
f 256 315 263
f 1472 1463 1497
f 1463 1472 1405
f 2122 1882 1767
f 2584 2586 2594
f 416 447 438
f 197 225 153
f 2537 2570 2503
f 1674 1644 1776
f 2502 2286 1989
f 201 253 177
f 880 916 865
f 293 248 494
f 1943 1829 1891
f 2003 2476 2089
f 1944 1889 1855
f 31 23 49
f 2728 2725 2722
f 867 1005 1153
f 420 436 444
f 169 212 151
f 281 285 284
f 342 145 340
f 2318 2373 2002
f 125 239 260
f 311 273 274
f 2184 2599 2305
f 127 125 102
f 1750 1784 1744
f 2021 2144 2091
f 1280 1153 1048
f 477 570 551
f 1065 1140 1118
f 1511 1395 1635
f 2618 2601 2579
f 2300 2211 2298
f 2253 2343 2207
f 749 745 737
f 2613 2615 2626
f 1439 1394 1407
f 2312 2425 2409
f 2369 2239 2293
f 1954 1918 1824
f 2265 1950 2227
f 1681 1825 1743
f 858 892 878
f 1399 1380 1449
f 1954 1824 1517
f 1793 1751 1767
f 2234 2151 2187
f 2594 2606 2626
f 430 627 508
f 1764 1789 1796
f 2454 2512 2422
f 33 19 25
f 1713 1781 1680
f 2627 2622 2624
f 2734 2744 2742
f 2665 2656 2654
f 102 139 127
f 1819 1797 1822
f 2542 2637 2389
f 208 236 190
f 190 201 177
f 177 253 144
f 2422 2512 2155
f 356 57 56
f 2353 2393 2261
f 2086 2074 2102
f 2417 2523 2437
f 2061 1992 2078
f 1137 1119 1230
f 2644 2679 2570
f 2049 2026 2041
f 233 251 265
f 1052 1003 1059
f 2178 2293 2239
f 2394 2423 2377
f 1918 1954 2071
f 2475 2510 2518
f 307 269 295
f 2741 2738 2749
f 1244 1242 1245
f 1181 1178 1184
f 2651 2652 2654
f 2284 2272 2187
f 2677 2698 2684
f 1232 1134 1236
f 1497 1502 1433
f 1261 1297 1251
f 2575 2538 2569
f 1325 1320 1331
f 2478 2467 2440
f 310 275 298
f 2036 2043 2001
f 1690 1649 1662
f 144 503 104
f 2315 2168 2300
f 2271 2238 2278
f 2230 2267 2246
f 2168 2153 2177
f 1562 1704 1619
f 382 369 357
f 379 382 357
f 2207 2347 2351
f 2192 2167 2098
f 2160 2733 2745
f 160 155 124
f 521 519 520
f 1870 1794 1905
f 401 209 254
f 487 699 657
f 1669 1697 1716
f 1140 1145 1118
f 2307 2300 2409
f 530 439 469
f 1536 1622 1554
f 2729 2739 2730
f 702 591 522
f 2254 2410 2378
f 666 653 689
f 2333 2377 2216
f 696 1223 544
f 1017 1038 1063
f 1297 1316 1268
f 2332 2330 2367
f 1827 1958 1770
f 1696 1716 1697
f 1463 1580 1497
f 2647 2709 2676
f 435 385 337
f 1754 1742 1765
f 2530 2515 2550
f 1 6 5
f 2004 2054 2036
f 2186 2316 2124
f 626 648 621
f 2122 1767 2108
f 1303 979 1235
f 1836 1801 1756
f 2233 2412 2411
f 1243 1310 1408
f 2714 2688 2711
f 301 443 344
f 185 216 206
f 2396 2440 2371
f 1673 1692 1766
f 1824 1918 1900
f 424 355 392
f 1892 1812 1816
f 1549 1535 1526
f 2565 2563 2547
f 2215 2270 2278
f 2136 2139 2127
f 372 379 357
f 1524 1527 1526
f 2179 1991 2204
f 148 171 156
f 103 160 124
f 145 160 103
f 1755 1831 1773
f 324 101 79
f 2722 2718 2694
f 1435 1357 1395
f 2722 2725 2680
f 971 976 983
f 687 414 327
f 2009 1990 1957
f 2365 2235 2345
f 2415 2442 2356
f 1977 1950 2237
f 2223 2018 2008
f 326 669 675
f 1403 1420 1428
f 1873 1958 2007
f 1704 1562 1550
f 2433 2423 2439
f 1497 1580 1510
f 2057 2103 2094
f 2748 2749 2750
f 678 659 654
f 1192 1191 1198
f 2675 2678 2661
f 722 780 684
f 716 801 714
f 2297 2319 2303
f 626 701 751
f 1825 1861 1743
f 1991 1981 1993
f 2344 2320 2296
f 2467 2511 2452
f 1770 1760 1804
f 119 129 85
f 2203 2269 2268
f 627 430 535
f 867 915 818
f 2261 2186 2140
f 569 716 590
f 2461 2469 2365
f 938 946 992
f 2122 2202 2180
f 875 840 891
f 185 113 172
f 340 101 324
f 2621 2616 2611
f 2468 2462 1988
f 164 160 145
f 2551 2597 2599
f 258 396 324
f 290 631 295
f 1283 1325 1274
f 1677 1723 1621
f 150 244 204
f 2746 2741 2749
f 2687 2656 2689
f 646 703 690
f 1257 859 979
f 2011 2098 2009
f 1407 1403 1427
f 2661 2678 2645
f 1428 1502 1510
f 1854 1866 1860
f 1836 1760 1848
f 2548 2530 2550
f 983 1011 971
f 2001 1821 1932
f 142 195 217
f 1567 1133 1566
f 2426 2416 2419
f 1261 1323 1297
f 429 667 588
f 2693 2700 2683
f 2690 2675 2692
f 689 718 711
f 24 45 97
f 2640 2641 2642
f 1474 1444 1352
f 143 144 104
f 1522 1466 1445
f 2170 2316 2355
f 2123 1970 2088
f 2367 2200 2326
f 2372 2289 2323
f 2197 2206 2205
f 2731 2720 2723
f 2304 2243 2240
f 2613 2631 2621
f 159 205 207
f 159 121 458
f 1823 1802 1808
f 1543 1575 1560
f 223 63 369
f 2100 2080 2020
f 1136 805 748
f 2515 2534 2550
f 882 980 982
f 1177 1091 1093
f 124 155 134
f 2590 2605 2587
f 2096 2235 2141
f 385 580 211
f 709 660 674
f 1161 1086 1091
f 240 239 245
f 558 521 520
f 567 566 583
f 2415 2253 2331
f 863 878 972
f 1832 1796 1857
f 179 225 238
f 1412 1422 1410
f 1655 1697 1669
f 1407 1453 1431
f 876 687 787
f 632 655 659
f 980 978 982
f 1428 1510 1577
f 161 135 386
f 26 11 10
f 2025 2169 2029
f 1576 1555 1526
f 682 801 684
f 1003 992 946
f 1998 2068 2045
f 1347 1364 1336
f 184 289 250
f 528 629 524
f 1209 413 1374
f 2697 2674 2568
f 25 13 21
f 1474 1328 1354
f 1476 1469 1480
f 208 642 248
f 1989 2025 1977
f 2355 2316 2401
f 640 975 776
f 2534 2634 2550
f 2741 2746 2733
f 1655 1610 1634
f 1683 1757 1675
f 2394 2322 2354
f 927 399 484
f 1324 1335 1343
f 1452 1358 1459
f 458 121 227
f 2383 2391 2399
f 534 574 501
f 1518 900 1496
f 2473 2364 2447
f 2158 2156 2119
f 966 1043 1027
f 600 508 627
f 309 397 393
f 746 516 771
f 1885 1848 1863
f 469 439 476
f 499 469 455
f 530 469 499
f 2286 2502 2361
f 490 477 439
f 583 586 587
f 2291 2131 2193
f 789 882 829
f 1675 1733 1683
f 733 757 681
f 1475 1482 1464
f 1470 1464 1547
f 465 332 454
f 1945 2026 1766
f 2104 2049 2050
f 1727 1767 1751
f 2354 2370 2394
f 89 96 94
f 80 64 65
f 2727 2728 2722
f 1301 1508 1266
f 1259 1297 1268
f 1778 1775 1788
f 1763 1703 1853
f 789 829 693
f 2663 2643 2635
f 154 126 132
f 700 154 717
f 670 637 774
f 2597 2551 2640
f 1085 1057 982
f 1471 1398 1529
f 1089 1334 1075
f 6 15 8
f 2451 2464 2488
f 2694 2658 2714
f 1496 900 1075
f 2474 2489 2402
f 1751 1699 1727
f 1169 1180 1170
f 892 1057 972
f 929 961 966
f 945 906 919
f 2334 2247 2263
f 1642 1565 1592
f 267 814 162
f 2601 2547 2581
f 1124 1230 1119
f 2702 2700 2699
f 135 138 130
f 233 202 249
f 134 249 175
f 1658 1648 1633
f 101 340 145
f 1331 1356 1325
f 1044 970 1068
f 601 488 584
f 1646 1124 1673
f 2055 2095 2058
f 1809 1827 1808
f 2701 2683 2700
f 1997 2000 1901
f 370 499 455
f 757 733 719
f 551 570 567
f 2490 2366 2431
f 2423 2486 2377
f 2362 2219 2241
f 2424 2458 2403
f 2469 2461 2482
f 1776 1644 1771
f 1403 1457 1427
f 273 269 278
f 2555 2560 2538
f 975 1059 1003
f 238 262 376
f 1817 2697 1726
f 2730 2727 2724
f 1970 1883 2088
f 1150 1169 1156
f 2680 2682 2639
f 710 986 907
f 801 722 684
f 2375 2371 2408
f 2626 2631 2613
f 281 373 320
f 2434 2527 2528
f 1561 1505 1537
f 1483 1484 1426
f 2740 2194 2585
f 273 276 269
f 2563 2575 2569
f 1962 2145 2068
f 1051 866 929
f 2519 2505 2522
f 3 234 16
f 121 159 158
f 943 860 788
f 357 353 348
f 372 357 348
f 372 364 214
f 249 134 233
f 1227 1176 1240
f 1171 748 1055
f 1691 1616 1722
f 2487 2498 2520
f 2446 2425 2444
f 889 1054 1105
f 1722 1917 1886
f 1198 1233 1238
f 1607 1527 1629
f 2378 2198 2254
f 733 681 676
f 2395 2390 2404
f 250 289 303
f 1940 2058 1913
f 583 587 567
f 2602 2548 2589
f 2548 2526 2518
f 132 162 154
f 1678 1727 1663
f 2241 2120 2281
f 1529 1516 1471
f 2048 2021 2091
f 1577 1725 1428
f 1407 1431 1477
f 2144 1985 2201
f 383 584 453
f 32 29 27
f 1838 1792 1793
f 2619 2655 2609
f 136 125 260
f 714 801 682
f 1388 1379 1424
f 748 805 659
f 1507 1495 1442
f 598 574 595
f 2060 2092 2093
f 1032 1209 1235
f 1541 1594 1677
f 2253 2415 2343
f 1796 1813 1834
f 1087 1097 1154
f 177 143 129
f 190 177 129
f 2703 2669 2652
f 1025 1014 1023
f 685 1111 435
f 700 83 94
f 2582 2615 2596
f 2306 2309 2315
f 1595 1597 1605
f 121 158 114
f 2370 2439 2394
f 1498 1491 1489
f 2272 2314 2381
f 605 540 646
f 1680 1662 1647
f 2096 2046 2165
f 1822 1899 1842
f 2 9 4
f 2645 2686 2688
f 1768 1569 1715
f 1375 1402 1103
f 476 439 459
f 2113 2098 2034
f 1618 1635 1174
f 2080 2191 2162
f 700 728 73
f 2709 2708 2696
f 1194 1226 1147
f 1640 1622 1611
f 1977 2025 1942
f 1493 1430 1485
f 643 502 568
f 73 728 951
f 2745 2746 2721
f 964 989 1040
f 2024 2135 1993
f 2279 2145 2121
f 1725 1577 1785
f 1607 1629 1651
f 1799 1794 1854
f 647 674 660
f 1325 1356 1259
f 1608 1684 1478
f 684 726 682
f 2321 2320 2338
f 619 716 714
f 1544 1589 1532
f 400 161 386
f 2527 2473 2536
f 2210 2183 2226
f 1235 1209 1397
f 1709 1716 1696
f 2310 2381 2348
f 2486 2651 2654
f 2430 2450 2384
f 1323 1316 1297
f 373 758 498
f 58 104 97
f 190 129 208
f 2240 2111 2126
f 2592 2634 2534
f 295 513 329
f 923 835 938
f 3 15 1
f 2363 2387 2445
f 1646 1673 1734
f 260 239 377
f 1681 1761 1811
f 2158 2153 2230
f 1768 1874 1869
f 674 671 683
f 399 161 400
f 2263 2280 2348
f 2137 2082 2086
f 2034 2065 2113
f 1141 391 1288
f 1613 1602 1637
f 1182 1090 1298
f 2458 2501 2494
f 1402 1375 1414
f 260 433 415
f 2710 2695 2713
f 1654 1641 1711
f 1059 1051 1065
f 2240 2129 2014
f 944 821 968
f 998 1072 1068
f 587 586 600
f 2260 2205 2282
f 1358 1419 1310
f 2538 2541 2555
f 2191 2183 2210
f 1436 1434 1485
f 1920 1941 1962
f 2295 2023 2138
f 1403 1428 1725
f 1887 1870 1927
f 1577 1510 1601
f 448 449 430
f 1820 1799 1747
f 2559 2691 2666
f 684 780 710
f 2479 1468 2418
f 1989 2237 2252
f 1528 1507 1564
f 1517 1345 1388
f 1058 929 1070
f 559 623 745
f 695 319 300
f 1496 1075 1334
f 327 226 205
f 2286 2361 2325
f 1647 1639 1680
f 968 907 986
f 2236 2457 2143
f 529 473 502
f 1274 1292 1283
f 1566 1135 1672
f 244 150 111
f 956 963 980
f 2358 2245 2208
f 223 121 182
f 1939 1849 2178
f 364 372 348
f 1787 1783 1832
f 810 884 706
f 2057 2039 2103
f 2113 2106 2192
f 1575 1567 1574
f 1991 2035 1983
f 1315 1259 1356
f 124 134 175
f 103 65 64
f 2556 2624 2622
f 2285 2281 2258
f 1185 1190 1147
f 1569 1648 1702
f 1624 1561 1572
f 2109 2135 2024
f 1427 1457 1453
f 2369 2382 2363
f 1203 1153 1260
f 89 94 83
f 2428 2384 2450
f 2519 2501 2500
f 684 710 726
f 68 157 246
f 2712 2716 2708
f 2168 2230 2153
f 1103 1008 1062
f 2276 2280 2263
f 1890 1745 1784
f 1905 1928 1927
f 1136 1448 1383
f 2214 2248 2209
f 1347 1426 1364
f 90 76 77
f 699 635 712
f 1023 1014 1012
f 2165 2195 2188
f 751 846 658
f 2074 1972 1974
f 1494 1522 1556
f 138 132 130
f 1263 1327 1295
f 57 356 85
f 2129 2240 2243
f 2152 2061 2107
f 615 624 591
f 1984 2010 2014
f 1972 2082 2016
f 369 63 222
f 353 222 345
f 353 357 369
f 202 233 265
f 1756 1760 1836
f 2041 2026 2027
f 78 124 175
f 2486 2656 2533
f 58 45 55
f 529 715 312
f 2062 2012 2017
f 455 469 476
f 1691 1737 1693
f 567 587 597
f 1022 1080 1001
f 26 24 97
f 2587 1049 2590
f 2607 2638 2627
f 8 18 14
f 576 487 657
f 2305 2542 2293
f 1991 1993 2135
f 473 529 344
f 2281 2116 2085
f 2057 1843 1994
f 116 142 173
f 2140 2103 2143
f 1753 1846 1850
f 1863 1873 1995
f 2530 2518 2510
f 467 305 374
f 1958 2094 2007
f 235 163 237
f 118 299 130
f 1092 1066 1060
f 318 330 333
f 1694 1585 1667
f 840 708 657
f 457 463 491
f 334 322 302
f 554 339 603
f 2636 2640 2551
f 2125 2109 2134
f 905 849 875
f 1535 1532 1524
f 788 517 876
f 411 291 329
f 2322 2279 2297
f 1648 1421 1515
f 976 971 962
f 1804 1765 1802
f 663 727 688
f 1052 1065 1097
f 1020 1011 1013
f 2485 1965 1619
f 590 716 619
f 483 461 500
f 927 628 985
f 1816 1881 1892
f 2366 2287 2431
f 2477 2433 2397
f 1186 1264 1178
f 1619 2019 2485
f 1963 1839 1882
f 222 353 369
f 2293 2184 2305
f 132 123 130
f 535 636 573
f 145 103 101
f 2255 2141 2235
f 598 543 574
f 76 100 77
f 2511 2467 2525
f 12 332 22
f 2598 2606 2577
f 2009 2098 2047
f 588 690 706
f 688 668 663
f 774 638 749
f 2170 2124 2316
f 551 567 493
f 2628 2603 2578
f 2675 2667 2692
f 789 683 680
f 1451 1377 1439
f 2077 2182 2106
f 441 463 406
f 2531 2405 2532
f 1110 1022 1071
f 1739 1728 1732
f 1874 1902 1932
f 1486 1501 1480
f 211 70 90
f 1710 1508 1557
f 650 629 663
f 1561 1570 1572
f 1406 1531 1462
f 836 1088 723
f 2094 2124 2007
f 273 271 274
f 33 20 19
f 1996 2063 2054
f 2326 2357 2367
f 2630 2559 2666
f 605 667 467
f 1280 1910 1551
f 2403 2458 2349
f 1243 1408 1389
f 2685 2457 2674
f 1280 1826 1910
f 1874 1762 1890
f 310 304 275
f 151 212 214
f 460 592 321
f 2259 2268 2143
f 203 167 198
f 202 203 199
f 2457 2236 2568
f 809 878 737
f 2593 2623 2513
f 697 665 666
f 2461 2480 2481
f 1103 1402 1008
f 1075 900 942
f 1871 1862 1879
f 2340 2306 2315
f 2477 2397 2435
f 1446 1817 1564
f 321 268 283
f 385 90 108
f 587 600 597
f 2371 2440 2408
f 2691 2559 2160
f 936 730 1136
f 1717 1606 1689
f 1797 1782 1822
f 1359 1451 1481
f 1453 1407 1427
f 1552 1326 1288
f 1013 1016 1017
f 1649 1687 1598
f 157 173 246
f 1461 1473 1665
f 942 906 971
f 2492 2539 2507
f 884 942 900
f 1176 1169 1150
f 1490 1505 1467
f 714 682 726
f 1678 1605 1597
f 2506 2494 2519
f 2060 2043 2036
f 2646 2602 2671
f 865 916 918
f 2410 2338 2320
f 2574 2624 2002
f 1781 1835 1690
f 129 143 105
f 144 143 177
f 104 462 97
f 1490 1494 1505
f 1132 1139 1144
f 1626 1493 1573
f 488 453 584
f 408 384 451
f 1193 1284 1144
f 272 377 239
f 205 481 575
f 1482 1547 1464
f 265 169 151
f 1966 1903 1935
f 483 558 520
f 226 87 218
f 1600 1591 1631
f 128 412 195
f 2373 2318 2388
f 1840 1851 1831
f 323 320 339
f 2072 1924 2561
f 1073 1063 1091
f 343 508 586
f 2475 2460 2510
f 1135 1566 1133
f 1784 1887 1890
f 1387 1443 1568
f 2420 2321 2336
f 615 660 624
f 821 825 907
f 2193 2170 2355
f 1237 1531 1406
f 339 498 603
f 2241 2313 2362
f 1307 1299 1324
f 40 52 50
f 1553 1843 1603
f 2540 2484 2459
f 2149 2197 2199
f 1346 1355 1341
f 1741 2017 1717
f 1758 1769 1774
f 892 858 829
f 457 241 463
f 1441 1538 1524
f 1423 1436 1415
f 614 194 617
f 128 39 51
f 985 1151 989
f 254 381 401
f 150 108 111
f 1961 1968 1983
f 938 940 923
f 1640 1611 1621
f 2490 2431 2469
f 2502 1989 2632
f 2455 2562 2572
f 2395 2361 2385
f 2658 2639 2619
f 205 159 481
f 2046 1937 1949
f 159 207 158
f 121 114 182
f 2351 2130 2207
f 265 203 202
f 1495 1507 1528
f 1934 1874 1890
f 2486 2339 2377
f 1937 1881 1949
f 1778 1777 1775
f 450 438 452
f 213 299 118
f 91 87 62
f 508 396 395
f 2341 2319 2324
f 1590 1582 1566
f 2599 2604 2551
f 1443 1400 1447
f 193 210 229
f 1971 1850 2016
f 1127 1151 985
f 594 633 641
f 277 522 221
f 135 299 386
f 1054 1201 1216
f 1065 1052 1059
f 1931 1916 1892
f 1666 1654 1681
f 2148 2191 2210
f 1182 1313 1256
f 2072 2422 2155
f 2050 2049 2041
f 1663 1605 1678
f 1019 1122 1111
f 1825 1811 1819
f 1501 1476 1480
f 422 457 491
f 2504 2505 2508
f 1135 1109 1114
f 1468 1414 1814
f 1736 1806 1750
f 1634 1432 1554
f 1084 1010 977
f 954 328 1144
f 2315 2309 2168
f 1474 1399 1454
f 1750 1806 1784
f 1367 1355 1379
f 1458 1449 1470
f 2257 2466 2252
f 1612 1633 1617
f 330 306 333
f 1002 846 866
f 1976 1925 1960
f 2215 1882 2122
f 730 688 805
f 1102 1069 1117
f 1848 1885 1835
f 244 268 204
f 1292 1320 1283
f 1896 1845 1852
f 1244 1236 1134
f 709 662 660
f 1984 1948 1894
f 1675 1699 1733
f 1971 2070 1938
f 1172 1183 1189
f 53 54 46
f 1001 1201 863
f 396 258 366
f 396 366 395
f 1775 1774 1780
f 2272 2292 2314
f 2360 2494 2311
f 1597 1574 1582
f 1696 1640 1621
f 1490 1437 1466
f 1488 1439 1437
f 2452 2391 2374
f 653 613 689
f 1580 1463 1456
f 1275 1282 1326
f 2274 2338 2410
f 1353 1415 1390
f 2543 2646 2672
f 1753 1747 1632
f 2038 1943 2021
f 2645 2657 2661
f 2674 2697 2723
f 2079 2109 2073
f 1791 1752 1652
f 2020 1956 1984
f 2420 2362 2313
f 1610 1679 1667
f 758 373 391
f 728 798 821
f 2209 2353 2273
f 117 213 118
f 454 332 370
f 647 615 634
f 956 980 860
f 1807 1906 1921
f 2735 2747 2739
f 2454 2422 2561
f 114 158 165
f 2020 2080 2138
f 1693 1737 1707
f 353 345 358
f 358 348 353
f 199 249 202
f 2173 2462 2435
f 1956 2138 2023
f 2127 2102 2118
f 998 1062 1008
f 103 64 101
f 2389 2600 2413
f 1952 2173 2149
f 701 846 751
f 1624 1687 1686
f 686 853 809
f 2161 2109 2079
f 600 635 620
f 209 345 222
f 27 23 31
f 551 461 477
f 1387 1568 1465
f 1443 1387 1400
f 1233 1227 1240
f 2265 2227 2308
f 2047 2167 2052
f 1437 1439 1477
f 1923 1921 1906
f 355 276 311
f 1431 1453 1521
f 1477 1431 1445
f 2681 2649 2632
f 2166 2081 2156
f 291 271 297
f 1016 992 1038
f 2161 2134 2109
f 1554 1450 1536
f 278 307 297
f 11 6 10
f 2527 2434 2473
f 976 962 967
f 2598 2601 2606
f 2308 2257 2265
f 1774 1759 1758
f 1066 1025 1060
f 312 715 678
f 2074 2115 2118
f 2348 2280 2310
f 2151 2095 2187
f 2218 2201 2238
f 1855 1847 1845
f 1995 1867 1863
f 1661 1511 1635
f 1482 1489 1491
f 2684 2535 2676
f 814 417 544
f 1736 1709 1729
f 580 1111 1122
f 1237 1435 1674
f 358 367 364
f 364 348 358
f 349 214 364
f 1643 1641 1654
f 1737 1691 1935
f 779 290 328
f 1462 1486 1469
f 175 249 199
f 808 799 709
f 1191 1181 1198
f 634 615 630
f 2364 2239 2447
f 2654 2656 2486
f 1106 2562 2455
f 1999 1979 1604
f 48 46 41
f 1151 1189 1174
f 1747 1753 1888
f 2270 2274 2266
f 320 285 281
f 597 589 493
f 362 402 407
f 1855 2011 1944
f 1445 1437 1477
f 818 643 867
f 1812 1590 1816
f 1168 1184 1175
f 416 438 425
f 645 540 576
f 2689 2656 2665
f 1407 1477 1439
f 417 362 407
f 711 666 689
f 2093 1993 2071
f 297 271 278
f 291 411 347
f 1802 1765 1742
f 2652 2669 2654
f 1155 1152 1203
f 1991 1983 1981
f 1833 1822 1842
f 138 162 132
f 1294 1303 1384
f 162 814 154
f 2089 2456 2104
f 313 559 581
f 2111 2007 2124
f 668 730 650
f 1102 1126 803
f 884 857 868
f 1761 1772 1811
f 1125 1157 1163
f 1912 2116 2067
f 1707 1685 1693
f 1774 1777 1759
f 1044 982 978
f 2421 2432 2412
f 1689 1668 1682
f 1518 723 1088
f 1520 1423 1600
f 1267 1140 1182
f 1893 1921 1923
f 2127 2171 2136
f 1038 1087 1063
f 2449 2436 2453
f 1375 1270 1383
f 424 392 1406
f 2523 2489 2522
f 1870 1854 1794
f 1154 1208 1168
f 367 358 345
f 257 220 306
f 1720 1676 1803
f 2075 2065 2067
f 242 268 244
f 2332 2357 2341
f 1899 1822 2085
f 1914 1923 1906
f 2735 2721 2747
f 1615 1599 1520
f 2011 1896 2034
f 2622 2628 2552
f 5 2 1
f 2012 2019 1704
f 589 610 549
f 493 567 597
f 2169 2325 2223
f 1539 1558 1509
f 376 553 365
f 2356 2327 2415
f 1439 1488 1451
f 707 310 705
f 808 829 858
f 1601 1510 1580
f 1063 1087 1093
f 2666 2650 2630
f 1562 1258 1550
f 656 591 702
f 2484 2649 2536
f 2267 2309 2299
f 250 167 184
f 1338 1379 1355
f 70 213 75
f 1419 1455 1422
f 1114 997 1057
f 310 1132 1144
f 2548 2550 2589
f 2516 2487 2524
f 1025 1023 1060
f 1762 1874 1768
f 2083 1872 1967
f 1989 1977 2237
f 1976 2069 2031
f 2160 1961 2035
f 105 143 88
f 2164 1425 2194
f 48 60 59
f 2085 1822 1964
f 1668 1602 1659
f 2751 2750 2744
f 569 590 585
f 137 264 98
f 158 166 165
f 665 664 666
f 2588 2616 2621
f 182 141 91
f 787 1062 876
f 2438 2283 2545
f 1828 1911 1861
f 349 364 360
f 1473 1072 1008
f 265 167 203
f 2677 2709 2696
f 2073 2031 2069
f 683 789 693
f 1813 1839 1868
f 2313 2321 2420
f 2541 2581 2547
f 2339 2216 2377
f 1602 1533 1542
f 1230 1618 1183
f 1117 1193 1139
f 1176 1227 1208
f 1588 1814 1448
f 2042 2015 1999
f 1974 2115 2074
f 620 597 600
f 597 620 589
f 2442 2472 2356
f 713 718 707
f 50 55 40
f 435 1111 385
f 287 267 186
f 1771 1395 1511
f 2288 2300 2298
f 2153 2090 2177
f 685 1010 1019
f 1598 1587 1639
f 2492 2483 2472
f 1601 1580 1596
f 1580 1456 1596
f 1997 2149 2097
f 1002 640 658
f 2336 2337 2420
f 714 726 619
f 2714 2660 2688
f 2540 2385 2502
f 1625 1598 1639
f 1959 2099 1776
f 2545 2533 2647
f 1459 1411 1498
f 1694 1701 1702
f 1088 270 588
f 1374 1425 1209
f 2057 1994 2039
f 1039 1043 994
f 1531 2099 1604
f 2614 2611 2616
f 71 72 73
f 1694 1702 1658
f 2631 2622 2627
f 2628 2622 2631
f 1340 1331 1346
f 1211 1202 1207
f 2161 2136 2171
f 1709 1736 1750
f 687 327 511
f 2462 2477 2435
f 1957 1886 1917
f 1406 641 1237
f 388 392 311
f 146 158 207
f 114 141 182
f 2454 2561 2558
f 367 360 364
f 2355 2290 2193
f 254 415 381
f 310 1144 304
f 1815 1913 1678
f 2281 2285 2313
f 1410 1393 1412
f 1811 1797 1819
f 2658 2619 2609
f 2524 2567 2543
f 362 322 402
f 2344 2378 2410
f 1447 1525 1443
f 243 193 256
f 2528 2464 2448
f 1986 1978 1966
f 2622 2552 2556
f 1521 1453 1457
f 2403 2392 2429
f 1367 1379 1388
f 2225 2122 2108
f 1817 1397 1425
f 1805 1577 1603
f 1568 1596 1465
f 2576 2598 2577
f 1456 1465 1596
f 1012 1060 1023
f 1424 1513 1388
f 2414 2342 2307
f 1329 937 1365
f 2556 2552 1955
f 1849 1910 1908
f 2194 1705 2455
f 2632 2649 2540
f 2451 2427 2448
f 2047 1986 1990
f 1110 1133 1164
f 1761 1654 1711
f 1191 1186 1181
f 1267 1256 1327
f 229 315 256
f 2737 2749 2738
f 1969 1902 1934
f 2181 2172 2185
f 356 119 85
f 2000 1997 2037
f 1388 1345 1367
f 1675 1653 1663
f 2017 1704 1606
f 502 427 554
f 1938 1975 1888
f 2542 2369 2293
f 1157 1155 1163
f 459 482 476
f 345 209 387
f 1742 1521 1457
f 297 329 291
f 1952 1901 1665
f 68 836 54
f 65 103 124
f 1385 1354 1328
f 126 120 123
f 1753 1740 1846
f 971 1011 942
f 1266 1508 1334
f 2382 2369 2389
f 1389 1298 1243
f 1807 1752 1791
f 1292 1381 1320
f 2325 2388 2318
f 1191 1210 1186
f 2379 2348 2314
f 1780 1790 1782
f 1577 1601 1603
f 1252 1246 1141
f 2243 2304 2332
f 1903 1737 1935
f 1369 1315 1356
f 779 954 909
f 1979 2032 2040
f 426 323 427
f 1375 1103 1223
f 2678 2686 2645
f 2395 2385 2390
f 659 655 654
f 413 1209 1032
f 1567 1582 1574
f 2507 2525 2478
f 1927 1890 1887
f 2364 2418 1814
f 423 614 484
f 88 143 104
f 517 702 409
f 1621 1723 1729
f 2014 2100 2020
f 1791 1906 1807
f 2238 2271 2218
f 553 584 383
f 2206 2435 2329
f 671 680 683
f 481 569 585
f 2634 2648 2673
f 2617 2551 2604
f 1536 1514 1611
f 1795 1676 1690
f 1530 1645 1506
f 2223 2318 2018
f 367 345 387
f 2300 2312 2409
f 175 199 172
f 2446 2409 2425
f 835 905 875
f 335 289 446
f 258 324 79
f 1195 1194 1147
f 366 365 383
f 389 441 406
f 2127 2139 2102
f 439 477 461
f 439 461 459
f 933 943 788
f 446 553 376
f 2461 2428 2480
f 363 456 397
f 868 849 905
f 1070 1027 1050
f 1734 1766 1950
f 128 51 412
f 1784 1806 1876
f 2135 2125 2358
f 90 385 211
f 2652 2564 2517
f 43 49 309
f 1601 1596 1593
f 1603 1601 1593
f 1596 1568 1593
f 2522 2481 2523
f 384 334 451
f 662 686 623
f 1785 1800 1725
f 1001 863 972
f 515 455 476
f 10 17 26
f 1572 1687 1624
f 1303 1235 1397
f 2318 2223 2325
f 2067 2116 2120
f 1543 1133 1567
f 1707 1730 1650
f 3 4 19
f 2704 2689 2703
f 129 119 208
f 104 58 88
f 1807 1853 1703
f 1325 1283 1320
f 241 457 404
f 558 500 493
f 718 1000 707
f 619 585 590
f 2641 2600 2389
f 481 585 575
f 953 1136 1383
f 1569 1702 1715
f 670 354 637
f 1234 1282 1275
f 2509 2491 2515
f 1952 2462 2173
f 223 182 63
f 82 179 95
f 37 41 46
f 2283 2533 2545
f 2403 2359 2392
f 55 50 66
f 151 349 184
f 167 265 151
f 2302 2253 2224
f 147 163 235
f 540 504 576
f 511 787 687
f 283 268 242
f 366 258 365
f 2323 2470 2372
f 1543 1591 1391
f 1183 1172 1230
f 2539 2492 2471
f 932 918 916
f 2633 2636 2617
f 2231 2381 2256
f 2311 2217 2383
f 1446 1303 1397
f 2084 2012 2062
f 1653 1757 1711
f 1543 1391 1164
f 1763 1714 1703
f 2731 2741 2720
f 43 309 56
f 1310 1216 1353
f 2580 2630 2635
f 1442 1257 1294
f 1446 1507 1384
f 1397 1209 1425
f 2374 2408 2452
f 2744 2734 2736
f 891 975 1003
f 821 907 968
f 235 229 210
f 2207 2130 2163
f 1974 1972 1904
f 1409 1430 1390
f 2724 2729 2730
f 2052 2115 1978
f 341 452 447
f 2432 2419 2411
f 1667 1585 1529
f 2541 2538 2032
f 696 544 524
f 1847 1842 1865
f 181 146 207
f 1662 1625 1647
f 141 114 228
f 63 182 91
f 581 638 637
f 2119 2156 2081
f 199 203 220
f 1563 1546 1583
f 2742 2744 2740
f 1109 1071 997
f 1661 1719 1511
f 2306 2292 2294
f 2568 1994 2697
f 2414 2436 2342
f 291 288 271
f 267 287 814
f 2235 2096 2165
f 1752 1719 1661
f 189 152 174
f 889 774 1054
f 7 9 2
f 2570 2712 2503
f 1488 1467 1533
f 1451 1503 1481
f 1609 1677 1594
f 2374 2245 2358
f 126 123 132
f 1773 1837 1810
f 2576 2565 2598
f 2114 2123 2133
f 2204 2358 2208
f 1232 1266 1334
f 42 34 43
f 2358 2130 2351
f 2136 2161 2079
f 1512 1670 1546
f 2002 2624 1936
f 1483 1426 1438
f 2612 2616 2596
f 907 726 710
f 404 422 444
f 2439 2397 2433
f 1278 1301 1266
f 1189 1151 1127
f 2455 2572 2585
f 2082 1971 2016
f 2618 2571 2591
f 964 874 464
f 464 534 451
f 2206 2282 2205
f 2632 2540 2502
f 2023 2295 2121
f 1565 1521 1592
f 1876 1887 1784
f 640 712 573
f 109 99 92
f 328 304 1144
f 354 553 446
f 2248 2411 2393
f 434 395 419
f 2694 2718 2658
f 2069 1976 1960
f 225 179 153
f 571 432 977
f 198 167 250
f 199 220 216
f 2595 2588 2620
f 543 501 574
f 228 218 141
f 209 122 136
f 730 936 672
f 83 700 73
f 719 866 757
f 2096 2141 2090
f 2495 2487 2520
f 28 33 25
f 1278 1255 1265
f 1011 983 1013
f 2511 2525 2529
f 1509 1484 1523
f 2061 2152 2062
f 461 551 500
f 1443 1548 1568
f 1525 1447 1495
f 1919 1966 1922
f 1278 1266 1253
f 1914 1906 1909
f 1946 1943 1868
f 1466 1437 1445
f 320 292 285
f 2178 2239 1939
f 1685 1630 1620
f 2301 2296 2320
f 704 697 711
f 1630 1628 1545
f 1043 1039 1050
f 2319 2148 2210
f 1426 1347 1392
f 865 1270 1223
f 2634 2592 2648
f 1742 1800 1802
f 449 518 535
f 109 117 110
f 2149 2199 2097
f 961 994 966
f 997 1071 1022
f 1005 758 1048
f 2659 2643 2653
f 1832 1857 1856
f 2124 2131 2111
f 1638 1657 1424
f 105 88 66
f 88 58 66
f 21 12 22
f 34 32 31
f 1664 1329 1365
f 16 49 18
f 86 116 133
f 658 636 751
f 823 934 641
f 1825 1681 1811
f 2708 2704 2703
f 2687 2533 2656
f 585 619 575
f 1811 1772 1798
f 860 517 788
f 929 866 961
f 2218 2144 2201
f 624 660 662
f 1728 1694 1667
f 1878 1841 1853
f 1764 1792 1789
f 250 331 198
f 2350 2107 2216
f 2266 2271 2278
f 1390 1411 1358
f 191 100 74
f 2444 2449 2446
f 1097 1065 1115
f 2392 2359 2380
f 203 198 220
f 325 229 237
f 2076 2119 2081
f 768 703 708
f 7 11 44
f 78 175 172
f 1946 1963 1985
f 396 508 343
f 650 524 629
f 454 455 515
f 1809 1785 1805
f 2465 2308 2463
f 303 289 335
f 1548 1443 1525
f 323 339 427
f 1741 1738 1803
f 1437 1490 1488
f 1457 1403 1725
f 1567 1575 1543
f 984 976 967
f 1565 1431 1521
f 2625 2305 2597
f 1593 1568 1581
f 698 676 652
f 1251 1297 1259
f 2512 2454 2579
f 1967 2051 2083
f 715 529 643
f 2488 2441 2451
f 2341 2357 2303
f 1125 1163 1171
f 1517 1824 1557
f 473 426 427
f 1771 1714 1844
f 1425 1374 2194
f 2689 2704 2687
f 1952 2149 1997
f 1352 1362 1327
f 332 51 22
f 1225 1196 1212
f 1180 1115 1131
f 1799 1820 1794
f 105 85 129
f 105 67 85
f 1086 1020 1073
f 678 715 772
f 1768 1869 1698
f 841 787 746
f 1027 929 966
f 1982 1965 2003
f 1589 1677 1621
f 2261 2269 2275
f 146 166 158
f 228 114 165
f 631 290 779
f 2329 2370 2328
f 454 370 455
f 412 593 487
f 2205 2199 2197
f 1534 1613 1637
f 1586 1595 1643
f 151 184 167
f 1710 2386 1496
f 1946 1985 2021
f 836 246 270
f 79 101 64
f 2021 2048 2038
f 219 127 139
f 647 660 615
f 2562 1106 2580
f 328 954 779
f 1288 1326 1282
f 2119 2076 2090
f 1410 1382 1393
f 2466 2632 1989
f 1105 1054 1216
f 459 461 483
f 2357 2326 2400
f 242 244 140
f 1488 1490 1467
f 1590 1566 1672
f 2158 2119 2153
f 323 426 301
f 2669 2665 2654
f 2680 2639 2718
f 2023 1915 1948
f 1175 1184 1178
f 1728 1701 1694
f 636 648 751
f 1062 775 1103
f 2139 2137 2102
f 945 967 962
f 1986 1966 1935
f 170 139 131
f 2442 2372 2471
f 1867 1948 1915
f 2650 2635 2630
f 2500 2505 2519
f 1008 1072 998
f 2328 2370 2400
f 1256 1328 1352
f 1524 1538 1527
f 868 857 849
f 2099 2072 2155
f 2492 2472 2471
f 2439 2370 2397
f 146 181 166
f 2146 2184 1930
f 1632 1747 1609
f 165 187 228
f 2408 2467 2452
f 122 222 63
f 2584 1501 1947
f 136 260 254
f 220 198 306
f 2124 2094 2186
f 78 65 124
f 69 398 137
f 1605 1641 1643
f 1521 1742 1592
f 419 395 366
f 1202 1194 1195
f 2213 2228 2220
f 407 416 425
f 2673 2671 2634
f 2314 2348 2381
f 1525 1495 1559
f 31 32 27
f 1689 1700 1717
f 319 705 298
f 1257 1447 1291
f 1319 1010 1084
f 1506 1538 1454
f 1445 1431 1565
f 624 616 221
f 1813 1786 1839
f 412 487 504
f 1581 1548 1559
f 440 436 420
f 1895 1721 1812
f 2146 1951 2513
f 2556 1936 2624
f 392 594 641
f 1048 1153 1005
f 659 678 748
f 56 309 356
f 1399 1440 1454
f 2521 2549 2539
f 1442 1294 1384
f 2173 2435 2206
f 418 594 388
f 39 128 60
f 47 836 20
f 10 14 17
f 1631 1586 1666
f 675 280 326
f 2188 2402 2523
f 2670 2698 2707
f 1090 1140 1065
f 2209 2203 2214
f 17 27 29
f 2333 2107 2174
f 1571 1570 1537
f 434 419 453
f 2642 2641 2637
f 646 690 667
f 2583 2582 2596
f 2342 2436 2340
f 2727 2730 2728
f 198 331 306
f 216 172 199
f 648 626 751
f 1944 1911 1889
f 2129 2100 2014
f 513 418 411
f 1763 1844 1714
f 2507 2478 2492
f 2293 2059 2184
f 363 16 234
f 1017 1063 1073
f 383 453 419
f 383 419 366
f 136 122 102
f 1924 1955 2561
f 1835 1795 1690
f 558 493 549
f 21 36 28
f 1535 1544 1532
f 553 719 584
f 266 197 215
f 1559 1548 1525
f 2045 2078 1992
f 2175 2154 2283
f 2290 2355 2416
f 2616 2588 2596
f 2676 2535 2545
f 178 161 188
f 1448 1814 1414
f 500 558 483
f 1603 1843 1805
f 1548 1581 1568
f 85 67 57
f 341 447 402
f 1263 1185 1267
f 178 186 171
f 1645 1718 1651
f 1956 1948 1984
f 79 107 258
f 2135 2204 1991
f 1609 1723 1677
f 1461 1665 1672
f 2400 2326 2328
f 2682 2732 2572
f 460 944 937
f 2312 2302 2224
f 1996 2004 1902
f 1652 1752 1661
f 2077 2065 2075
f 1474 1352 1328
f 422 404 457
f 2363 2459 2352
f 1473 1008 1402
f 57 67 50
f 66 67 105
f 2634 2671 2589
f 2699 2707 2702
f 2691 2745 2706
f 1707 1748 1730
f 119 642 208
f 2313 2241 2281
f 1514 1444 1441
f 2242 2220 2228
f 2061 2174 2107
f 462 26 97
f 22 39 36
f 2643 2655 2653
f 303 318 333
f 1455 1475 1449
f 2199 2205 2260
f 841 717 775
f 2679 2672 2701
f 2711 2688 2705
f 595 727 598
f 207 205 226
f 181 207 183
f 166 180 165
f 1909 1942 1914
f 1408 1310 1419
f 2448 2464 2451
f 1411 1430 1498
f 1516 1540 1539
f 2439 2423 2394
f 387 360 367
f 1065 1118 1115
f 632 805 727
f 1665 1988 1952
f 745 809 737
f 365 553 383
f 2577 2606 2586
f 2687 2704 2647
f 2538 2575 2576
f 1870 1887 1866
f 2262 2203 2268
f 589 549 493
f 594 418 513
f 8 10 6
f 335 446 336
f 2004 1932 1902
f 2126 2131 2196
f 1865 2067 1852
f 1742 1457 1725
f 708 576 657
f 2362 2420 2425
f 1533 1503 1488
f 1488 1503 1451
f 2266 2278 2270
f 1650 1730 1735
f 1445 1565 1522
f 964 927 985
f 2690 2706 2695
f 2097 2412 2037
f 876 1062 998
f 1989 2252 2466
f 2751 2739 2747
f 148 178 171
f 1339 1534 968
f 1899 1865 1842
f 1979 2040 1947
f 2053 2064 2066
f 241 404 184
f 2636 2633 2620
f 772 715 818
f 1852 2067 2065
f 1583 1620 1563
f 515 476 482
f 1261 1242 1177
f 371 475 374
f 276 304 308
f 2397 2329 2435
f 1381 1292 1429
f 1016 1013 999
f 2632 2466 2670
f 1362 1295 1327
f 18 8 15
f 798 728 717
f 1667 1529 1398
f 2534 2491 2566
f 624 221 522
f 1965 2485 2003
f 1607 1724 1614
f 2486 2423 2433
f 181 180 166
f 180 187 165
f 183 187 180
f 2723 2697 2726
f 1901 2000 1949
f 133 61 86
f 2545 2535 2438
f 2485 2105 2535
